Command line invocation:
    /Applications/Xcode.app/Contents/Developer/usr/bin/xcodebuild build -project /tmp/flo-empty/flo.xcodeproj -scheme flo -configuration Debug -destination "platform=iOS Simulator,id=1B1323EB-E6A8-45E9-8B4F-272448FBC53F" -derivedDataPath /var/folders/g2/4t2t7ssj3n3_v2xrl935g8sh0000gn/T//flo-derived.tr2gd7 -skipMacroValidation -skipPackagePluginValidation -disableAutomaticPackageResolution CODE_SIGNING_ALLOWED=NO

Build settings from command line:
    CODE_SIGNING_ALLOWED = NO

Resolve Package Graph

Fetching from https://github.com/kishikawakatsumi/KeychainAccess (cached)

Fetching from https://github.com/kean/Nuke (cached)

Fetching from https://github.com/Alamofire/Alamofire (cached)

Fetching from https://github.com/kean/Pulse (cached)

Creating working copy of package ‘KeychainAccess’

Creating working copy of package ‘Pulse’

Creating working copy of package ‘Alamofire’

Creating working copy of package ‘Nuke’

Checking out 5.9.1 of package ‘Alamofire’

Checking out 5.1.2 of package ‘Pulse’

Checking out 12.8.0 of package ‘Nuke’

Checking out master (e0c7eeb) of package ‘KeychainAccess’


Resolved source packages:
  Pulse: https://github.com/kean/Pulse @ 5.1.2
  Alamofire: https://github.com/Alamofire/Alamofire @ 5.9.1
  KeychainAccess: https://github.com/kishikawakatsumi/KeychainAccess @ master (e0c7eeb)
  Nuke: https://github.com/kean/Nuke @ 12.8.0

ComputePackagePrebuildTargetDependencyGraph

Prepare packages

CreateBuildRequest

SendProjectDescription

CreateBuildOperation

ComputeTargetDependencyGraph
note: Building targets in dependency order
note: Target dependency graph (15 targets)
    Target 'flo' in project 'flo'
        ➜ Explicit dependency on target 'flo Watch Watch App' in project 'flo'
        ➜ Explicit dependency on target 'NukeUI' in project 'Nuke'
        ➜ Explicit dependency on target 'PulseUI' in project 'Pulse'
        ➜ Explicit dependency on target 'Alamofire' in project 'Alamofire'
        ➜ Explicit dependency on target 'Nuke' in project 'Nuke'
        ➜ Explicit dependency on target 'Pulse' in project 'Pulse'
        ➜ Explicit dependency on target 'KeychainAccess' in project 'KeychainAccess'
    Target 'KeychainAccess' in project 'KeychainAccess'
        ➜ Explicit dependency on target 'KeychainAccess' in project 'KeychainAccess'
    Target 'KeychainAccess' in project 'KeychainAccess' (no dependencies)
    Target 'Pulse' in project 'Pulse'
        ➜ Explicit dependency on target 'Pulse' in project 'Pulse'
    Target 'Nuke' in project 'Nuke'
        ➜ Explicit dependency on target 'Nuke' in project 'Nuke'
    Target 'Alamofire' in project 'Alamofire'
        ➜ Explicit dependency on target 'Alamofire' in project 'Alamofire'
        ➜ Explicit dependency on target 'Alamofire_Alamofire' in project 'Alamofire'
    Target 'Alamofire' in project 'Alamofire'
        ➜ Explicit dependency on target 'Alamofire_Alamofire' in project 'Alamofire'
    Target 'Alamofire_Alamofire' in project 'Alamofire' (no dependencies)
    Target 'PulseUI' in project 'Pulse'
        ➜ Explicit dependency on target 'PulseUI' in project 'Pulse'
        ➜ Explicit dependency on target 'Pulse' in project 'Pulse'
    Target 'PulseUI' in project 'Pulse'
        ➜ Explicit dependency on target 'Pulse' in project 'Pulse'
    Target 'Pulse' in project 'Pulse' (no dependencies)
    Target 'NukeUI' in project 'Nuke'
        ➜ Explicit dependency on target 'NukeUI' in project 'Nuke'
        ➜ Explicit dependency on target 'Nuke' in project 'Nuke'
    Target 'NukeUI' in project 'Nuke'
        ➜ Explicit dependency on target 'Nuke' in project 'Nuke'
    Target 'Nuke' in project 'Nuke' (no dependencies)
    Target 'flo Watch Watch App' in project 'flo' (no dependencies)

GatherProvisioningInputs

CreateBuildDescription

ExecuteExternalTool /Applications/Xcode.app/Contents/Developer/Toolchains/XcodeDefault.xctoolchain/usr/bin/swiftc --version

ExecuteExternalTool /Applications/Xcode.app/Contents/Developer/usr/bin/actool --print-asset-tag-combinations --output-format xml1 /tmp/flo-empty/flo/Resources/Assets.xcassets

ExecuteExternalTool /Applications/Xcode.app/Contents/Developer/Toolchains/XcodeDefault.xctoolchain/usr/bin/clang -v -E -dM -isysroot /Applications/Xcode.app/Contents/Developer/Platforms/WatchSimulator.platform/Developer/SDKs/WatchSimulator26.4.sdk -x c -c /dev/null

ExecuteExternalTool /Applications/Xcode.app/Contents/Developer/usr/bin/momc --dry-run --action generate --swift-version 5.0 --sdkroot /Applications/Xcode.app/Contents/Developer/Platforms/iPhoneSimulator.platform/Developer/SDKs/iPhoneSimulator26.4.sdk --iphonesimulator-deployment-target 16.0 --module flo /tmp/flo-empty/flo/flo.xcdatamodeld /var/folders/g2/4t2t7ssj3n3_v2xrl935g8sh0000gn/T/flo-derived.tr2gd7/Build/Intermediates.noindex/flo.build/Debug-iphonesimulator/flo.build/DerivedSources/CoreDataGenerated/flo

ExecuteExternalTool /Applications/Xcode.app/Contents/Developer/usr/bin/actool --print-asset-tag-combinations --output-format xml1 /tmp/flo-empty/flo/Resources/Preview Content/Preview Assets.xcassets /tmp/flo-empty/flo/Resources/Assets.xcassets /tmp/flo-empty/flo/Resources/floIcon.icon

ExecuteExternalTool /Applications/Xcode.app/Contents/Developer/Toolchains/XcodeDefault.xctoolchain/usr/bin/clang -v -E -dM -isysroot /Applications/Xcode.app/Contents/Developer/Platforms/iPhoneSimulator.platform/Developer/SDKs/iPhoneSimulator26.4.sdk -x c -c /dev/null

ExecuteExternalTool /Applications/Xcode.app/Contents/Developer/Toolchains/XcodeDefault.xctoolchain/usr/bin/ld -version_details

ReadFileContents /Applications/Xcode.app/Contents/Developer/Toolchains/XcodeDefault.xctoolchain/usr/share/docc/features.json

ExecuteExternalTool /Applications/Xcode.app/Contents/Developer/usr/bin/actool --version --output-format xml1

ExecuteExternalTool /Applications/Xcode.app/Contents/Developer/usr/bin/xcstringstool compile --dry-run --output-directory /var/folders/g2/4t2t7ssj3n3_v2xrl935g8sh0000gn/T/flo-derived.tr2gd7/Build/Intermediates.noindex/flo.build/Debug-iphonesimulator/flo.build /tmp/flo-empty/flo/Resources/Localizable.xcstrings

Build description signature: d0ea373c68a878da52e5e0b18f772435
Build description path: /var/folders/g2/4t2t7ssj3n3_v2xrl935g8sh0000gn/T/flo-derived.tr2gd7/Build/Intermediates.noindex/XCBuildData/d0ea373c68a878da52e5e0b18f772435.xcbuilddata
ClangStatCache /Applications/Xcode.app/Contents/Developer/Toolchains/XcodeDefault.xctoolchain/usr/bin/clang-stat-cache /Applications/Xcode.app/Contents/Developer/Platforms/WatchSimulator.platform/Developer/SDKs/WatchSimulator26.4.sdk /var/folders/g2/4t2t7ssj3n3_v2xrl935g8sh0000gn/T/flo-derived.tr2gd7/SDKStatCaches.noindex/watchsimulator26.4-23T238-8aa186fa658f8d2cb200b6f26918d89b.sdkstatcache
    cd /tmp/flo-empty/flo.xcodeproj
    /Applications/Xcode.app/Contents/Developer/Toolchains/XcodeDefault.xctoolchain/usr/bin/clang-stat-cache /Applications/Xcode.app/Contents/Developer/Platforms/WatchSimulator.platform/Developer/SDKs/WatchSimulator26.4.sdk -o /var/folders/g2/4t2t7ssj3n3_v2xrl935g8sh0000gn/T/flo-derived.tr2gd7/SDKStatCaches.noindex/watchsimulator26.4-23T238-8aa186fa658f8d2cb200b6f26918d89b.sdkstatcache

ClangStatCache /Applications/Xcode.app/Contents/Developer/Toolchains/XcodeDefault.xctoolchain/usr/bin/clang-stat-cache /Applications/Xcode.app/Contents/Developer/Platforms/iPhoneSimulator.platform/Developer/SDKs/iPhoneSimulator26.4.sdk /var/folders/g2/4t2t7ssj3n3_v2xrl935g8sh0000gn/T/flo-derived.tr2gd7/SDKStatCaches.noindex/iphonesimulator26.4-23E237-686eebb5dc1d8ecb277353a59184f4aa.sdkstatcache
    cd /tmp/flo-empty/flo.xcodeproj
    /Applications/Xcode.app/Contents/Developer/Toolchains/XcodeDefault.xctoolchain/usr/bin/clang-stat-cache /Applications/Xcode.app/Contents/Developer/Platforms/iPhoneSimulator.platform/Developer/SDKs/iPhoneSimulator26.4.sdk -o /var/folders/g2/4t2t7ssj3n3_v2xrl935g8sh0000gn/T/flo-derived.tr2gd7/SDKStatCaches.noindex/iphonesimulator26.4-23E237-686eebb5dc1d8ecb277353a59184f4aa.sdkstatcache

CreateBuildDirectory /var/folders/g2/4t2t7ssj3n3_v2xrl935g8sh0000gn/T/flo-derived.tr2gd7/Build/Products
    cd /tmp/flo-empty/flo.xcodeproj
    builtin-create-build-directory /var/folders/g2/4t2t7ssj3n3_v2xrl935g8sh0000gn/T/flo-derived.tr2gd7/Build/Products

CreateBuildDirectory /var/folders/g2/4t2t7ssj3n3_v2xrl935g8sh0000gn/T/flo-derived.tr2gd7/Build/Intermediates.noindex
    cd /tmp/flo-empty/flo.xcodeproj
    builtin-create-build-directory /var/folders/g2/4t2t7ssj3n3_v2xrl935g8sh0000gn/T/flo-derived.tr2gd7/Build/Intermediates.noindex

CreateBuildDirectory /var/folders/g2/4t2t7ssj3n3_v2xrl935g8sh0000gn/T/flo-derived.tr2gd7/Build/Intermediates.noindex/SwiftExplicitPrecompiledModules
    cd /tmp/flo-empty/flo.xcodeproj
    builtin-create-build-directory /var/folders/g2/4t2t7ssj3n3_v2xrl935g8sh0000gn/T/flo-derived.tr2gd7/Build/Intermediates.noindex/SwiftExplicitPrecompiledModules

CreateBuildDirectory /var/folders/g2/4t2t7ssj3n3_v2xrl935g8sh0000gn/T/flo-derived.tr2gd7/Build/Products/Debug-watchsimulator
    cd /tmp/flo-empty/flo.xcodeproj
    builtin-create-build-directory /var/folders/g2/4t2t7ssj3n3_v2xrl935g8sh0000gn/T/flo-derived.tr2gd7/Build/Products/Debug-watchsimulator

CreateBuildDirectory /var/folders/g2/4t2t7ssj3n3_v2xrl935g8sh0000gn/T/flo-derived.tr2gd7/Build/Intermediates.noindex/ExplicitPrecompiledModules
    cd /tmp/flo-empty/flo.xcodeproj
    builtin-create-build-directory /var/folders/g2/4t2t7ssj3n3_v2xrl935g8sh0000gn/T/flo-derived.tr2gd7/Build/Intermediates.noindex/ExplicitPrecompiledModules

CreateBuildDirectory /var/folders/g2/4t2t7ssj3n3_v2xrl935g8sh0000gn/T/flo-derived.tr2gd7/Build/Products/Debug-iphonesimulator
    cd /tmp/flo-empty/flo.xcodeproj
    builtin-create-build-directory /var/folders/g2/4t2t7ssj3n3_v2xrl935g8sh0000gn/T/flo-derived.tr2gd7/Build/Products/Debug-iphonesimulator

CreateBuildDirectory /var/folders/g2/4t2t7ssj3n3_v2xrl935g8sh0000gn/T/flo-derived.tr2gd7/Build/Intermediates.noindex/EagerLinkingTBDs/Debug-iphonesimulator
    cd /tmp/flo-empty/flo.xcodeproj
    builtin-create-build-directory /var/folders/g2/4t2t7ssj3n3_v2xrl935g8sh0000gn/T/flo-derived.tr2gd7/Build/Intermediates.noindex/EagerLinkingTBDs/Debug-iphonesimulator

CreateBuildDirectory /var/folders/g2/4t2t7ssj3n3_v2xrl935g8sh0000gn/T/flo-derived.tr2gd7/Build/Intermediates.noindex/EagerLinkingTBDs/Debug-watchsimulator
    cd /tmp/flo-empty/flo.xcodeproj
    builtin-create-build-directory /var/folders/g2/4t2t7ssj3n3_v2xrl935g8sh0000gn/T/flo-derived.tr2gd7/Build/Intermediates.noindex/EagerLinkingTBDs/Debug-watchsimulator

WriteAuxiliaryFile /var/folders/g2/4t2t7ssj3n3_v2xrl935g8sh0000gn/T/flo-derived.tr2gd7/Build/Intermediates.noindex/flo.build/Debug-iphonesimulator/flo-e42aa0d01e01bbf82526ab4968c4bed2-VFS-iphonesimulator/all-product-headers.yaml
    cd /tmp/flo-empty/flo.xcodeproj
    write-file /var/folders/g2/4t2t7ssj3n3_v2xrl935g8sh0000gn/T/flo-derived.tr2gd7/Build/Intermediates.noindex/flo.build/Debug-iphonesimulator/flo-e42aa0d01e01bbf82526ab4968c4bed2-VFS-iphonesimulator/all-product-headers.yaml

WriteAuxiliaryFile /var/folders/g2/4t2t7ssj3n3_v2xrl935g8sh0000gn/T/flo-derived.tr2gd7/Build/Intermediates.noindex/flo.build/Debug-watchsimulator/flo-e42aa0d01e01bbf82526ab4968c4bed2-VFS-watchsimulator/all-product-headers.yaml
    cd /tmp/flo-empty/flo.xcodeproj
    write-file /var/folders/g2/4t2t7ssj3n3_v2xrl935g8sh0000gn/T/flo-derived.tr2gd7/Build/Intermediates.noindex/flo.build/Debug-watchsimulator/flo-e42aa0d01e01bbf82526ab4968c4bed2-VFS-watchsimulator/all-product-headers.yaml

CreateBuildDirectory /var/folders/g2/4t2t7ssj3n3_v2xrl935g8sh0000gn/T/flo-derived.tr2gd7/Build/Products/Debug-iphonesimulator/PackageFrameworks
    cd /tmp/flo-empty/flo.xcodeproj
    builtin-create-build-directory /var/folders/g2/4t2t7ssj3n3_v2xrl935g8sh0000gn/T/flo-derived.tr2gd7/Build/Products/Debug-iphonesimulator/PackageFrameworks

CreateBuildDirectory /var/folders/g2/4t2t7ssj3n3_v2xrl935g8sh0000gn/T/flo-derived.tr2gd7/Build/Products/Debug-watchsimulator/PackageFrameworks
    cd /tmp/flo-empty/flo.xcodeproj
    builtin-create-build-directory /var/folders/g2/4t2t7ssj3n3_v2xrl935g8sh0000gn/T/flo-derived.tr2gd7/Build/Products/Debug-watchsimulator/PackageFrameworks

WriteAuxiliaryFile /var/folders/g2/4t2t7ssj3n3_v2xrl935g8sh0000gn/T/flo-derived.tr2gd7/Build/Intermediates.noindex/flo.build/Debug-iphonesimulator/flo.build/flo.DependencyStaticMetadataFileList (in target 'flo' from project 'flo')
    cd /tmp/flo-empty
    write-file /var/folders/g2/4t2t7ssj3n3_v2xrl935g8sh0000gn/T/flo-derived.tr2gd7/Build/Intermediates.noindex/flo.build/Debug-iphonesimulator/flo.build/flo.DependencyStaticMetadataFileList

WriteAuxiliaryFile /var/folders/g2/4t2t7ssj3n3_v2xrl935g8sh0000gn/T/flo-derived.tr2gd7/Build/Intermediates.noindex/flo.build/Debug-iphonesimulator/flo.build/flo.DependencyMetadataFileList (in target 'flo' from project 'flo')
    cd /tmp/flo-empty
    write-file /var/folders/g2/4t2t7ssj3n3_v2xrl935g8sh0000gn/T/flo-derived.tr2gd7/Build/Intermediates.noindex/flo.build/Debug-iphonesimulator/flo.build/flo.DependencyMetadataFileList

WriteAuxiliaryFile /var/folders/g2/4t2t7ssj3n3_v2xrl935g8sh0000gn/T/flo-derived.tr2gd7/Build/Intermediates.noindex/flo.build/Debug-iphonesimulator/flo.build/flo-generated-files.hmap (in target 'flo' from project 'flo')
    cd /tmp/flo-empty
    write-file /var/folders/g2/4t2t7ssj3n3_v2xrl935g8sh0000gn/T/flo-derived.tr2gd7/Build/Intermediates.noindex/flo.build/Debug-iphonesimulator/flo.build/flo-generated-files.hmap

WriteAuxiliaryFile /var/folders/g2/4t2t7ssj3n3_v2xrl935g8sh0000gn/T/flo-derived.tr2gd7/Build/Intermediates.noindex/flo.build/Debug-iphonesimulator/flo.build/flo-own-target-headers.hmap (in target 'flo' from project 'flo')
    cd /tmp/flo-empty
    write-file /var/folders/g2/4t2t7ssj3n3_v2xrl935g8sh0000gn/T/flo-derived.tr2gd7/Build/Intermediates.noindex/flo.build/Debug-iphonesimulator/flo.build/flo-own-target-headers.hmap

WriteAuxiliaryFile /var/folders/g2/4t2t7ssj3n3_v2xrl935g8sh0000gn/T/flo-derived.tr2gd7/Build/Intermediates.noindex/flo.build/Debug-iphonesimulator/flo.build/flo.hmap (in target 'flo' from project 'flo')
    cd /tmp/flo-empty
    write-file /var/folders/g2/4t2t7ssj3n3_v2xrl935g8sh0000gn/T/flo-derived.tr2gd7/Build/Intermediates.noindex/flo.build/Debug-iphonesimulator/flo.build/flo.hmap

WriteAuxiliaryFile /var/folders/g2/4t2t7ssj3n3_v2xrl935g8sh0000gn/T/flo-derived.tr2gd7/Build/Intermediates.noindex/flo.build/Debug-iphonesimulator/flo.build/flo-all-target-headers.hmap (in target 'flo' from project 'flo')
    cd /tmp/flo-empty
    write-file /var/folders/g2/4t2t7ssj3n3_v2xrl935g8sh0000gn/T/flo-derived.tr2gd7/Build/Intermediates.noindex/flo.build/Debug-iphonesimulator/flo.build/flo-all-target-headers.hmap

WriteAuxiliaryFile /var/folders/g2/4t2t7ssj3n3_v2xrl935g8sh0000gn/T/flo-derived.tr2gd7/Build/Intermediates.noindex/flo.build/Debug-iphonesimulator/flo.build/flo-project-headers.hmap (in target 'flo' from project 'flo')
    cd /tmp/flo-empty
    write-file /var/folders/g2/4t2t7ssj3n3_v2xrl935g8sh0000gn/T/flo-derived.tr2gd7/Build/Intermediates.noindex/flo.build/Debug-iphonesimulator/flo.build/flo-project-headers.hmap

WriteAuxiliaryFile /var/folders/g2/4t2t7ssj3n3_v2xrl935g8sh0000gn/T/flo-derived.tr2gd7/Build/Intermediates.noindex/flo.build/Debug-iphonesimulator/flo.build/flo-all-non-framework-target-headers.hmap (in target 'flo' from project 'flo')
    cd /tmp/flo-empty
    write-file /var/folders/g2/4t2t7ssj3n3_v2xrl935g8sh0000gn/T/flo-derived.tr2gd7/Build/Intermediates.noindex/flo.build/Debug-iphonesimulator/flo.build/flo-all-non-framework-target-headers.hmap

WriteAuxiliaryFile /var/folders/g2/4t2t7ssj3n3_v2xrl935g8sh0000gn/T/flo-derived.tr2gd7/Build/Intermediates.noindex/flo.build/Debug-iphonesimulator/flo.build/flo-DebugDylibPath-normal-x86_64.txt (in target 'flo' from project 'flo')
    cd /tmp/flo-empty
    write-file /var/folders/g2/4t2t7ssj3n3_v2xrl935g8sh0000gn/T/flo-derived.tr2gd7/Build/Intermediates.noindex/flo.build/Debug-iphonesimulator/flo.build/flo-DebugDylibPath-normal-x86_64.txt

WriteAuxiliaryFile /var/folders/g2/4t2t7ssj3n3_v2xrl935g8sh0000gn/T/flo-derived.tr2gd7/Build/Intermediates.noindex/flo.build/Debug-iphonesimulator/flo.build/flo-DebugDylibInstallName-normal-x86_64.txt (in target 'flo' from project 'flo')
    cd /tmp/flo-empty
    write-file /var/folders/g2/4t2t7ssj3n3_v2xrl935g8sh0000gn/T/flo-derived.tr2gd7/Build/Intermediates.noindex/flo.build/Debug-iphonesimulator/flo.build/flo-DebugDylibInstallName-normal-x86_64.txt

WriteAuxiliaryFile /var/folders/g2/4t2t7ssj3n3_v2xrl935g8sh0000gn/T/flo-derived.tr2gd7/Build/Intermediates.noindex/flo.build/Debug-watchsimulator/flo\ Watch\ Watch\ App.build/flo\ Watch\ Watch\ App.DependencyMetadataFileList (in target 'flo Watch Watch App' from project 'flo')
    cd /tmp/flo-empty
    write-file /var/folders/g2/4t2t7ssj3n3_v2xrl935g8sh0000gn/T/flo-derived.tr2gd7/Build/Intermediates.noindex/flo.build/Debug-watchsimulator/flo\ Watch\ Watch\ App.build/flo\ Watch\ Watch\ App.DependencyMetadataFileList

WriteAuxiliaryFile /var/folders/g2/4t2t7ssj3n3_v2xrl935g8sh0000gn/T/flo-derived.tr2gd7/Build/Intermediates.noindex/flo.build/Debug-watchsimulator/flo\ Watch\ Watch\ App.build/flo\ Watch\ Watch\ App.hmap (in target 'flo Watch Watch App' from project 'flo')
    cd /tmp/flo-empty
    write-file /var/folders/g2/4t2t7ssj3n3_v2xrl935g8sh0000gn/T/flo-derived.tr2gd7/Build/Intermediates.noindex/flo.build/Debug-watchsimulator/flo\ Watch\ Watch\ App.build/flo\ Watch\ Watch\ App.hmap

WriteAuxiliaryFile /var/folders/g2/4t2t7ssj3n3_v2xrl935g8sh0000gn/T/flo-derived.tr2gd7/Build/Intermediates.noindex/flo.build/Debug-iphonesimulator/flo.build/Objects-normal/x86_64/flo-OutputFileMap.json (in target 'flo' from project 'flo')
    cd /tmp/flo-empty
    write-file /var/folders/g2/4t2t7ssj3n3_v2xrl935g8sh0000gn/T/flo-derived.tr2gd7/Build/Intermediates.noindex/flo.build/Debug-iphonesimulator/flo.build/Objects-normal/x86_64/flo-OutputFileMap.json

WriteAuxiliaryFile /var/folders/g2/4t2t7ssj3n3_v2xrl935g8sh0000gn/T/flo-derived.tr2gd7/Build/Intermediates.noindex/flo.build/Debug-iphonesimulator/flo.build/Objects-normal/x86_64/flo.SwiftFileList (in target 'flo' from project 'flo')
    cd /tmp/flo-empty
    write-file /var/folders/g2/4t2t7ssj3n3_v2xrl935g8sh0000gn/T/flo-derived.tr2gd7/Build/Intermediates.noindex/flo.build/Debug-iphonesimulator/flo.build/Objects-normal/x86_64/flo.SwiftFileList

WriteAuxiliaryFile /var/folders/g2/4t2t7ssj3n3_v2xrl935g8sh0000gn/T/flo-derived.tr2gd7/Build/Intermediates.noindex/flo.build/Debug-iphonesimulator/flo.build/Objects-normal/x86_64/flo.LinkFileList (in target 'flo' from project 'flo')
    cd /tmp/flo-empty
    write-file /var/folders/g2/4t2t7ssj3n3_v2xrl935g8sh0000gn/T/flo-derived.tr2gd7/Build/Intermediates.noindex/flo.build/Debug-iphonesimulator/flo.build/Objects-normal/x86_64/flo.LinkFileList

WriteAuxiliaryFile /var/folders/g2/4t2t7ssj3n3_v2xrl935g8sh0000gn/T/flo-derived.tr2gd7/Build/Intermediates.noindex/flo.build/Debug-iphonesimulator/flo.build/Objects-normal/x86_64/flo_const_extract_protocols.json (in target 'flo' from project 'flo')
    cd /tmp/flo-empty
    write-file /var/folders/g2/4t2t7ssj3n3_v2xrl935g8sh0000gn/T/flo-derived.tr2gd7/Build/Intermediates.noindex/flo.build/Debug-iphonesimulator/flo.build/Objects-normal/x86_64/flo_const_extract_protocols.json

WriteAuxiliaryFile /var/folders/g2/4t2t7ssj3n3_v2xrl935g8sh0000gn/T/flo-derived.tr2gd7/Build/Intermediates.noindex/flo.build/Debug-watchsimulator/flo\ Watch\ Watch\ App.build/flo\ Watch\ Watch\ App.DependencyStaticMetadataFileList (in target 'flo Watch Watch App' from project 'flo')
    cd /tmp/flo-empty
    write-file /var/folders/g2/4t2t7ssj3n3_v2xrl935g8sh0000gn/T/flo-derived.tr2gd7/Build/Intermediates.noindex/flo.build/Debug-watchsimulator/flo\ Watch\ Watch\ App.build/flo\ Watch\ Watch\ App.DependencyStaticMetadataFileList

WriteAuxiliaryFile /var/folders/g2/4t2t7ssj3n3_v2xrl935g8sh0000gn/T/flo-derived.tr2gd7/Build/Intermediates.noindex/flo.build/Debug-iphonesimulator/flo.build/Objects-normal/x86_64/flo.SwiftConstValuesFileList (in target 'flo' from project 'flo')
    cd /tmp/flo-empty
    write-file /var/folders/g2/4t2t7ssj3n3_v2xrl935g8sh0000gn/T/flo-derived.tr2gd7/Build/Intermediates.noindex/flo.build/Debug-iphonesimulator/flo.build/Objects-normal/x86_64/flo.SwiftConstValuesFileList

WriteAuxiliaryFile /var/folders/g2/4t2t7ssj3n3_v2xrl935g8sh0000gn/T/flo-derived.tr2gd7/Build/Intermediates.noindex/flo.build/Debug-watchsimulator/flo\ Watch\ Watch\ App.build/flo\ Watch\ Watch\ App-project-headers.hmap (in target 'flo Watch Watch App' from project 'flo')
    cd /tmp/flo-empty
    write-file /var/folders/g2/4t2t7ssj3n3_v2xrl935g8sh0000gn/T/flo-derived.tr2gd7/Build/Intermediates.noindex/flo.build/Debug-watchsimulator/flo\ Watch\ Watch\ App.build/flo\ Watch\ Watch\ App-project-headers.hmap

WriteAuxiliaryFile /var/folders/g2/4t2t7ssj3n3_v2xrl935g8sh0000gn/T/flo-derived.tr2gd7/Build/Intermediates.noindex/flo.build/Debug-watchsimulator/flo\ Watch\ Watch\ App.build/flo\ Watch\ Watch\ App-own-target-headers.hmap (in target 'flo Watch Watch App' from project 'flo')
    cd /tmp/flo-empty
    write-file /var/folders/g2/4t2t7ssj3n3_v2xrl935g8sh0000gn/T/flo-derived.tr2gd7/Build/Intermediates.noindex/flo.build/Debug-watchsimulator/flo\ Watch\ Watch\ App.build/flo\ Watch\ Watch\ App-own-target-headers.hmap

WriteAuxiliaryFile /var/folders/g2/4t2t7ssj3n3_v2xrl935g8sh0000gn/T/flo-derived.tr2gd7/Build/Intermediates.noindex/flo.build/Debug-watchsimulator/flo\ Watch\ Watch\ App.build/flo\ Watch\ Watch\ App-all-target-headers.hmap (in target 'flo Watch Watch App' from project 'flo')
    cd /tmp/flo-empty
    write-file /var/folders/g2/4t2t7ssj3n3_v2xrl935g8sh0000gn/T/flo-derived.tr2gd7/Build/Intermediates.noindex/flo.build/Debug-watchsimulator/flo\ Watch\ Watch\ App.build/flo\ Watch\ Watch\ App-all-target-headers.hmap

WriteAuxiliaryFile /var/folders/g2/4t2t7ssj3n3_v2xrl935g8sh0000gn/T/flo-derived.tr2gd7/Build/Intermediates.noindex/flo.build/Debug-watchsimulator/flo\ Watch\ Watch\ App.build/flo\ Watch\ Watch\ App-generated-files.hmap (in target 'flo Watch Watch App' from project 'flo')
    cd /tmp/flo-empty
    write-file /var/folders/g2/4t2t7ssj3n3_v2xrl935g8sh0000gn/T/flo-derived.tr2gd7/Build/Intermediates.noindex/flo.build/Debug-watchsimulator/flo\ Watch\ Watch\ App.build/flo\ Watch\ Watch\ App-generated-files.hmap

WriteAuxiliaryFile /var/folders/g2/4t2t7ssj3n3_v2xrl935g8sh0000gn/T/flo-derived.tr2gd7/Build/Intermediates.noindex/flo.build/Debug-watchsimulator/flo\ Watch\ Watch\ App.build/flo\ Watch\ Watch\ App-all-non-framework-target-headers.hmap (in target 'flo Watch Watch App' from project 'flo')
    cd /tmp/flo-empty
    write-file /var/folders/g2/4t2t7ssj3n3_v2xrl935g8sh0000gn/T/flo-derived.tr2gd7/Build/Intermediates.noindex/flo.build/Debug-watchsimulator/flo\ Watch\ Watch\ App.build/flo\ Watch\ Watch\ App-all-non-framework-target-headers.hmap

WriteAuxiliaryFile /var/folders/g2/4t2t7ssj3n3_v2xrl935g8sh0000gn/T/flo-derived.tr2gd7/Build/Intermediates.noindex/flo.build/Debug-watchsimulator/flo\ Watch\ Watch\ App.build/flo\ Watch\ Watch\ App-DebugDylibPath-normal-x86_64.txt (in target 'flo Watch Watch App' from project 'flo')
    cd /tmp/flo-empty
    write-file /var/folders/g2/4t2t7ssj3n3_v2xrl935g8sh0000gn/T/flo-derived.tr2gd7/Build/Intermediates.noindex/flo.build/Debug-watchsimulator/flo\ Watch\ Watch\ App.build/flo\ Watch\ Watch\ App-DebugDylibPath-normal-x86_64.txt

WriteAuxiliaryFile /var/folders/g2/4t2t7ssj3n3_v2xrl935g8sh0000gn/T/flo-derived.tr2gd7/Build/Intermediates.noindex/flo.build/Debug-watchsimulator/flo\ Watch\ Watch\ App.build/flo\ Watch\ Watch\ App-DebugDylibPath-normal-arm64.txt (in target 'flo Watch Watch App' from project 'flo')
    cd /tmp/flo-empty
    write-file /var/folders/g2/4t2t7ssj3n3_v2xrl935g8sh0000gn/T/flo-derived.tr2gd7/Build/Intermediates.noindex/flo.build/Debug-watchsimulator/flo\ Watch\ Watch\ App.build/flo\ Watch\ Watch\ App-DebugDylibPath-normal-arm64.txt

WriteAuxiliaryFile /var/folders/g2/4t2t7ssj3n3_v2xrl935g8sh0000gn/T/flo-derived.tr2gd7/Build/Intermediates.noindex/flo.build/Debug-watchsimulator/flo\ Watch\ Watch\ App.build/flo\ Watch\ Watch\ App-DebugDylibInstallName-normal-arm64.txt (in target 'flo Watch Watch App' from project 'flo')
    cd /tmp/flo-empty
    write-file /var/folders/g2/4t2t7ssj3n3_v2xrl935g8sh0000gn/T/flo-derived.tr2gd7/Build/Intermediates.noindex/flo.build/Debug-watchsimulator/flo\ Watch\ Watch\ App.build/flo\ Watch\ Watch\ App-DebugDylibInstallName-normal-arm64.txt

WriteAuxiliaryFile /var/folders/g2/4t2t7ssj3n3_v2xrl935g8sh0000gn/T/flo-derived.tr2gd7/Build/Intermediates.noindex/flo.build/Debug-watchsimulator/flo\ Watch\ Watch\ App.build/flo\ Watch\ Watch\ App-DebugDylibInstallName-normal-x86_64.txt (in target 'flo Watch Watch App' from project 'flo')
    cd /tmp/flo-empty
    write-file /var/folders/g2/4t2t7ssj3n3_v2xrl935g8sh0000gn/T/flo-derived.tr2gd7/Build/Intermediates.noindex/flo.build/Debug-watchsimulator/flo\ Watch\ Watch\ App.build/flo\ Watch\ Watch\ App-DebugDylibInstallName-normal-x86_64.txt

WriteAuxiliaryFile /var/folders/g2/4t2t7ssj3n3_v2xrl935g8sh0000gn/T/flo-derived.tr2gd7/Build/Intermediates.noindex/flo.build/Debug-watchsimulator/flo\ Watch\ Watch\ App.build/empty-flo\ Watch\ Watch\ App.plist (in target 'flo Watch Watch App' from project 'flo')
    cd /tmp/flo-empty
    write-file /var/folders/g2/4t2t7ssj3n3_v2xrl935g8sh0000gn/T/flo-derived.tr2gd7/Build/Intermediates.noindex/flo.build/Debug-watchsimulator/flo\ Watch\ Watch\ App.build/empty-flo\ Watch\ Watch\ App.plist

WriteAuxiliaryFile /var/folders/g2/4t2t7ssj3n3_v2xrl935g8sh0000gn/T/flo-derived.tr2gd7/Build/Intermediates.noindex/flo.build/Debug-watchsimulator/flo\ Watch\ Watch\ App.build/Objects-normal/x86_64/flo\ Watch\ Watch\ App_const_extract_protocols.json (in target 'flo Watch Watch App' from project 'flo')
    cd /tmp/flo-empty
    write-file /var/folders/g2/4t2t7ssj3n3_v2xrl935g8sh0000gn/T/flo-derived.tr2gd7/Build/Intermediates.noindex/flo.build/Debug-watchsimulator/flo\ Watch\ Watch\ App.build/Objects-normal/x86_64/flo\ Watch\ Watch\ App_const_extract_protocols.json

WriteAuxiliaryFile /var/folders/g2/4t2t7ssj3n3_v2xrl935g8sh0000gn/T/flo-derived.tr2gd7/Build/Intermediates.noindex/flo.build/Debug-watchsimulator/flo\ Watch\ Watch\ App.build/Objects-normal/x86_64/flo\ Watch\ Watch\ App.SwiftFileList (in target 'flo Watch Watch App' from project 'flo')
    cd /tmp/flo-empty
    write-file /var/folders/g2/4t2t7ssj3n3_v2xrl935g8sh0000gn/T/flo-derived.tr2gd7/Build/Intermediates.noindex/flo.build/Debug-watchsimulator/flo\ Watch\ Watch\ App.build/Objects-normal/x86_64/flo\ Watch\ Watch\ App.SwiftFileList

WriteAuxiliaryFile /var/folders/g2/4t2t7ssj3n3_v2xrl935g8sh0000gn/T/flo-derived.tr2gd7/Build/Intermediates.noindex/flo.build/Debug-watchsimulator/flo\ Watch\ Watch\ App.build/Objects-normal/x86_64/flo\ Watch\ Watch\ App.SwiftConstValuesFileList (in target 'flo Watch Watch App' from project 'flo')
    cd /tmp/flo-empty
    write-file /var/folders/g2/4t2t7ssj3n3_v2xrl935g8sh0000gn/T/flo-derived.tr2gd7/Build/Intermediates.noindex/flo.build/Debug-watchsimulator/flo\ Watch\ Watch\ App.build/Objects-normal/x86_64/flo\ Watch\ Watch\ App.SwiftConstValuesFileList

WriteAuxiliaryFile /var/folders/g2/4t2t7ssj3n3_v2xrl935g8sh0000gn/T/flo-derived.tr2gd7/Build/Intermediates.noindex/flo.build/Debug-watchsimulator/flo\ Watch\ Watch\ App.build/Objects-normal/x86_64/flo\ Watch\ Watch\ App.LinkFileList (in target 'flo Watch Watch App' from project 'flo')
    cd /tmp/flo-empty
    write-file /var/folders/g2/4t2t7ssj3n3_v2xrl935g8sh0000gn/T/flo-derived.tr2gd7/Build/Intermediates.noindex/flo.build/Debug-watchsimulator/flo\ Watch\ Watch\ App.build/Objects-normal/x86_64/flo\ Watch\ Watch\ App.LinkFileList

WriteAuxiliaryFile /var/folders/g2/4t2t7ssj3n3_v2xrl935g8sh0000gn/T/flo-derived.tr2gd7/Build/Intermediates.noindex/flo.build/Debug-watchsimulator/flo\ Watch\ Watch\ App.build/Objects-normal/x86_64/flo\ Watch\ Watch\ App-OutputFileMap.json (in target 'flo Watch Watch App' from project 'flo')
    cd /tmp/flo-empty
    write-file /var/folders/g2/4t2t7ssj3n3_v2xrl935g8sh0000gn/T/flo-derived.tr2gd7/Build/Intermediates.noindex/flo.build/Debug-watchsimulator/flo\ Watch\ Watch\ App.build/Objects-normal/x86_64/flo\ Watch\ Watch\ App-OutputFileMap.json

WriteAuxiliaryFile /var/folders/g2/4t2t7ssj3n3_v2xrl935g8sh0000gn/T/flo-derived.tr2gd7/Build/Intermediates.noindex/flo.build/Debug-watchsimulator/flo\ Watch\ Watch\ App.build/Objects-normal/arm64/flo\ Watch\ Watch\ App_const_extract_protocols.json (in target 'flo Watch Watch App' from project 'flo')
    cd /tmp/flo-empty
    write-file /var/folders/g2/4t2t7ssj3n3_v2xrl935g8sh0000gn/T/flo-derived.tr2gd7/Build/Intermediates.noindex/flo.build/Debug-watchsimulator/flo\ Watch\ Watch\ App.build/Objects-normal/arm64/flo\ Watch\ Watch\ App_const_extract_protocols.json

WriteAuxiliaryFile /var/folders/g2/4t2t7ssj3n3_v2xrl935g8sh0000gn/T/flo-derived.tr2gd7/Build/Intermediates.noindex/flo.build/Debug-watchsimulator/flo\ Watch\ Watch\ App.build/Objects-normal/arm64/flo\ Watch\ Watch\ App.SwiftFileList (in target 'flo Watch Watch App' from project 'flo')
    cd /tmp/flo-empty
    write-file /var/folders/g2/4t2t7ssj3n3_v2xrl935g8sh0000gn/T/flo-derived.tr2gd7/Build/Intermediates.noindex/flo.build/Debug-watchsimulator/flo\ Watch\ Watch\ App.build/Objects-normal/arm64/flo\ Watch\ Watch\ App.SwiftFileList

WriteAuxiliaryFile /var/folders/g2/4t2t7ssj3n3_v2xrl935g8sh0000gn/T/flo-derived.tr2gd7/Build/Intermediates.noindex/flo.build/Debug-watchsimulator/flo\ Watch\ Watch\ App.build/Objects-normal/arm64/flo\ Watch\ Watch\ App.SwiftConstValuesFileList (in target 'flo Watch Watch App' from project 'flo')
    cd /tmp/flo-empty
    write-file /var/folders/g2/4t2t7ssj3n3_v2xrl935g8sh0000gn/T/flo-derived.tr2gd7/Build/Intermediates.noindex/flo.build/Debug-watchsimulator/flo\ Watch\ Watch\ App.build/Objects-normal/arm64/flo\ Watch\ Watch\ App.SwiftConstValuesFileList

WriteAuxiliaryFile /var/folders/g2/4t2t7ssj3n3_v2xrl935g8sh0000gn/T/flo-derived.tr2gd7/Build/Intermediates.noindex/flo.build/Debug-watchsimulator/flo\ Watch\ Watch\ App.build/Objects-normal/arm64/flo\ Watch\ Watch\ App.LinkFileList (in target 'flo Watch Watch App' from project 'flo')
    cd /tmp/flo-empty
    write-file /var/folders/g2/4t2t7ssj3n3_v2xrl935g8sh0000gn/T/flo-derived.tr2gd7/Build/Intermediates.noindex/flo.build/Debug-watchsimulator/flo\ Watch\ Watch\ App.build/Objects-normal/arm64/flo\ Watch\ Watch\ App.LinkFileList

WriteAuxiliaryFile /var/folders/g2/4t2t7ssj3n3_v2xrl935g8sh0000gn/T/flo-derived.tr2gd7/Build/Intermediates.noindex/flo.build/Debug-watchsimulator/flo\ Watch\ Watch\ App.build/Objects-normal/arm64/flo\ Watch\ Watch\ App-OutputFileMap.json (in target 'flo Watch Watch App' from project 'flo')
    cd /tmp/flo-empty
    write-file /var/folders/g2/4t2t7ssj3n3_v2xrl935g8sh0000gn/T/flo-derived.tr2gd7/Build/Intermediates.noindex/flo.build/Debug-watchsimulator/flo\ Watch\ Watch\ App.build/Objects-normal/arm64/flo\ Watch\ Watch\ App-OutputFileMap.json

WriteAuxiliaryFile /var/folders/g2/4t2t7ssj3n3_v2xrl935g8sh0000gn/T/flo-derived.tr2gd7/Build/Intermediates.noindex/Pulse.build/Debug-iphonesimulator/PulseUI.build/PulseUI.modulemap (in target 'PulseUI' from project 'Pulse')
    cd /var/folders/g2/4t2t7ssj3n3_v2xrl935g8sh0000gn/T/flo-derived.tr2gd7/SourcePackages/checkouts/Pulse
    write-file /var/folders/g2/4t2t7ssj3n3_v2xrl935g8sh0000gn/T/flo-derived.tr2gd7/Build/Intermediates.noindex/Pulse.build/Debug-iphonesimulator/PulseUI.build/PulseUI.modulemap

WriteAuxiliaryFile /var/folders/g2/4t2t7ssj3n3_v2xrl935g8sh0000gn/T/flo-derived.tr2gd7/Build/Intermediates.noindex/Pulse.build/Debug-iphonesimulator/PulseUI.build/PulseUI.DependencyStaticMetadataFileList (in target 'PulseUI' from project 'Pulse')
    cd /var/folders/g2/4t2t7ssj3n3_v2xrl935g8sh0000gn/T/flo-derived.tr2gd7/SourcePackages/checkouts/Pulse
    write-file /var/folders/g2/4t2t7ssj3n3_v2xrl935g8sh0000gn/T/flo-derived.tr2gd7/Build/Intermediates.noindex/Pulse.build/Debug-iphonesimulator/PulseUI.build/PulseUI.DependencyStaticMetadataFileList

WriteAuxiliaryFile /var/folders/g2/4t2t7ssj3n3_v2xrl935g8sh0000gn/T/flo-derived.tr2gd7/Build/Intermediates.noindex/Pulse.build/Debug-iphonesimulator/PulseUI.build/PulseUI.DependencyMetadataFileList (in target 'PulseUI' from project 'Pulse')
    cd /var/folders/g2/4t2t7ssj3n3_v2xrl935g8sh0000gn/T/flo-derived.tr2gd7/SourcePackages/checkouts/Pulse
    write-file /var/folders/g2/4t2t7ssj3n3_v2xrl935g8sh0000gn/T/flo-derived.tr2gd7/Build/Intermediates.noindex/Pulse.build/Debug-iphonesimulator/PulseUI.build/PulseUI.DependencyMetadataFileList

WriteAuxiliaryFile /var/folders/g2/4t2t7ssj3n3_v2xrl935g8sh0000gn/T/flo-derived.tr2gd7/Build/Intermediates.noindex/Pulse.build/Debug-iphonesimulator/PulseUI.build/Objects-normal/x86_64/PulseUI.SwiftFileList (in target 'PulseUI' from project 'Pulse')
    cd /var/folders/g2/4t2t7ssj3n3_v2xrl935g8sh0000gn/T/flo-derived.tr2gd7/SourcePackages/checkouts/Pulse
    write-file /var/folders/g2/4t2t7ssj3n3_v2xrl935g8sh0000gn/T/flo-derived.tr2gd7/Build/Intermediates.noindex/Pulse.build/Debug-iphonesimulator/PulseUI.build/Objects-normal/x86_64/PulseUI.SwiftFileList

WriteAuxiliaryFile /var/folders/g2/4t2t7ssj3n3_v2xrl935g8sh0000gn/T/flo-derived.tr2gd7/Build/Intermediates.noindex/Pulse.build/Debug-iphonesimulator/PulseUI.build/Objects-normal/x86_64/PulseUI.SwiftConstValuesFileList (in target 'PulseUI' from project 'Pulse')
    cd /var/folders/g2/4t2t7ssj3n3_v2xrl935g8sh0000gn/T/flo-derived.tr2gd7/SourcePackages/checkouts/Pulse
    write-file /var/folders/g2/4t2t7ssj3n3_v2xrl935g8sh0000gn/T/flo-derived.tr2gd7/Build/Intermediates.noindex/Pulse.build/Debug-iphonesimulator/PulseUI.build/Objects-normal/x86_64/PulseUI.SwiftConstValuesFileList

WriteAuxiliaryFile /var/folders/g2/4t2t7ssj3n3_v2xrl935g8sh0000gn/T/flo-derived.tr2gd7/Build/Intermediates.noindex/Pulse.build/Debug-iphonesimulator/PulseUI.build/Objects-normal/x86_64/PulseUI_const_extract_protocols.json (in target 'PulseUI' from project 'Pulse')
    cd /var/folders/g2/4t2t7ssj3n3_v2xrl935g8sh0000gn/T/flo-derived.tr2gd7/SourcePackages/checkouts/Pulse
    write-file /var/folders/g2/4t2t7ssj3n3_v2xrl935g8sh0000gn/T/flo-derived.tr2gd7/Build/Intermediates.noindex/Pulse.build/Debug-iphonesimulator/PulseUI.build/Objects-normal/x86_64/PulseUI_const_extract_protocols.json

WriteAuxiliaryFile /var/folders/g2/4t2t7ssj3n3_v2xrl935g8sh0000gn/T/flo-derived.tr2gd7/Build/Intermediates.noindex/Pulse.build/Debug-iphonesimulator/PulseUI.build/Objects-normal/x86_64/PulseUI.LinkFileList (in target 'PulseUI' from project 'Pulse')
    cd /var/folders/g2/4t2t7ssj3n3_v2xrl935g8sh0000gn/T/flo-derived.tr2gd7/SourcePackages/checkouts/Pulse
    write-file /var/folders/g2/4t2t7ssj3n3_v2xrl935g8sh0000gn/T/flo-derived.tr2gd7/Build/Intermediates.noindex/Pulse.build/Debug-iphonesimulator/PulseUI.build/Objects-normal/x86_64/PulseUI.LinkFileList

WriteAuxiliaryFile /var/folders/g2/4t2t7ssj3n3_v2xrl935g8sh0000gn/T/flo-derived.tr2gd7/Build/Intermediates.noindex/Pulse.build/Debug-iphonesimulator/PulseUI.build/Objects-normal/x86_64/PulseUI-OutputFileMap.json (in target 'PulseUI' from project 'Pulse')
    cd /var/folders/g2/4t2t7ssj3n3_v2xrl935g8sh0000gn/T/flo-derived.tr2gd7/SourcePackages/checkouts/Pulse
    write-file /var/folders/g2/4t2t7ssj3n3_v2xrl935g8sh0000gn/T/flo-derived.tr2gd7/Build/Intermediates.noindex/Pulse.build/Debug-iphonesimulator/PulseUI.build/Objects-normal/x86_64/PulseUI-OutputFileMap.json

WriteAuxiliaryFile /var/folders/g2/4t2t7ssj3n3_v2xrl935g8sh0000gn/T/flo-derived.tr2gd7/Build/Intermediates.noindex/Pulse.build/Debug-iphonesimulator/Pulse.build/Pulse.modulemap (in target 'Pulse' from project 'Pulse')
    cd /var/folders/g2/4t2t7ssj3n3_v2xrl935g8sh0000gn/T/flo-derived.tr2gd7/SourcePackages/checkouts/Pulse
    write-file /var/folders/g2/4t2t7ssj3n3_v2xrl935g8sh0000gn/T/flo-derived.tr2gd7/Build/Intermediates.noindex/Pulse.build/Debug-iphonesimulator/Pulse.build/Pulse.modulemap

WriteAuxiliaryFile /var/folders/g2/4t2t7ssj3n3_v2xrl935g8sh0000gn/T/flo-derived.tr2gd7/Build/Intermediates.noindex/Pulse.build/Debug-iphonesimulator/Pulse.build/Pulse.DependencyStaticMetadataFileList (in target 'Pulse' from project 'Pulse')
    cd /var/folders/g2/4t2t7ssj3n3_v2xrl935g8sh0000gn/T/flo-derived.tr2gd7/SourcePackages/checkouts/Pulse
    write-file /var/folders/g2/4t2t7ssj3n3_v2xrl935g8sh0000gn/T/flo-derived.tr2gd7/Build/Intermediates.noindex/Pulse.build/Debug-iphonesimulator/Pulse.build/Pulse.DependencyStaticMetadataFileList

WriteAuxiliaryFile /var/folders/g2/4t2t7ssj3n3_v2xrl935g8sh0000gn/T/flo-derived.tr2gd7/Build/Intermediates.noindex/Pulse.build/Debug-iphonesimulator/Pulse.build/Pulse.DependencyMetadataFileList (in target 'Pulse' from project 'Pulse')
    cd /var/folders/g2/4t2t7ssj3n3_v2xrl935g8sh0000gn/T/flo-derived.tr2gd7/SourcePackages/checkouts/Pulse
    write-file /var/folders/g2/4t2t7ssj3n3_v2xrl935g8sh0000gn/T/flo-derived.tr2gd7/Build/Intermediates.noindex/Pulse.build/Debug-iphonesimulator/Pulse.build/Pulse.DependencyMetadataFileList

Copy /var/folders/g2/4t2t7ssj3n3_v2xrl935g8sh0000gn/T/flo-derived.tr2gd7/Build/Intermediates.noindex/GeneratedModuleMaps-iphonesimulator/PulseUI.modulemap /var/folders/g2/4t2t7ssj3n3_v2xrl935g8sh0000gn/T/flo-derived.tr2gd7/Build/Intermediates.noindex/Pulse.build/Debug-iphonesimulator/PulseUI.build/PulseUI.modulemap (in target 'PulseUI' from project 'Pulse')
    cd /var/folders/g2/4t2t7ssj3n3_v2xrl935g8sh0000gn/T/flo-derived.tr2gd7/SourcePackages/checkouts/Pulse
    builtin-copy -exclude .DS_Store -exclude CVS -exclude .svn -exclude .git -exclude .hg -resolve-src-symlinks /var/folders/g2/4t2t7ssj3n3_v2xrl935g8sh0000gn/T/flo-derived.tr2gd7/Build/Intermediates.noindex/Pulse.build/Debug-iphonesimulator/PulseUI.build/PulseUI.modulemap /var/folders/g2/4t2t7ssj3n3_v2xrl935g8sh0000gn/T/flo-derived.tr2gd7/Build/Intermediates.noindex/GeneratedModuleMaps-iphonesimulator

WriteAuxiliaryFile /var/folders/g2/4t2t7ssj3n3_v2xrl935g8sh0000gn/T/flo-derived.tr2gd7/Build/Intermediates.noindex/Pulse.build/Debug-iphonesimulator/Pulse.build/Objects-normal/x86_64/Pulse_const_extract_protocols.json (in target 'Pulse' from project 'Pulse')
    cd /var/folders/g2/4t2t7ssj3n3_v2xrl935g8sh0000gn/T/flo-derived.tr2gd7/SourcePackages/checkouts/Pulse
    write-file /var/folders/g2/4t2t7ssj3n3_v2xrl935g8sh0000gn/T/flo-derived.tr2gd7/Build/Intermediates.noindex/Pulse.build/Debug-iphonesimulator/Pulse.build/Objects-normal/x86_64/Pulse_const_extract_protocols.json

WriteAuxiliaryFile /var/folders/g2/4t2t7ssj3n3_v2xrl935g8sh0000gn/T/flo-derived.tr2gd7/Build/Intermediates.noindex/Pulse.build/Debug-iphonesimulator/Pulse.build/Objects-normal/x86_64/Pulse.SwiftFileList (in target 'Pulse' from project 'Pulse')
    cd /var/folders/g2/4t2t7ssj3n3_v2xrl935g8sh0000gn/T/flo-derived.tr2gd7/SourcePackages/checkouts/Pulse
    write-file /var/folders/g2/4t2t7ssj3n3_v2xrl935g8sh0000gn/T/flo-derived.tr2gd7/Build/Intermediates.noindex/Pulse.build/Debug-iphonesimulator/Pulse.build/Objects-normal/x86_64/Pulse.SwiftFileList

WriteAuxiliaryFile /var/folders/g2/4t2t7ssj3n3_v2xrl935g8sh0000gn/T/flo-derived.tr2gd7/Build/Intermediates.noindex/Pulse.build/Debug-iphonesimulator/Pulse.build/Objects-normal/x86_64/Pulse.SwiftConstValuesFileList (in target 'Pulse' from project 'Pulse')
    cd /var/folders/g2/4t2t7ssj3n3_v2xrl935g8sh0000gn/T/flo-derived.tr2gd7/SourcePackages/checkouts/Pulse
    write-file /var/folders/g2/4t2t7ssj3n3_v2xrl935g8sh0000gn/T/flo-derived.tr2gd7/Build/Intermediates.noindex/Pulse.build/Debug-iphonesimulator/Pulse.build/Objects-normal/x86_64/Pulse.SwiftConstValuesFileList

WriteAuxiliaryFile /var/folders/g2/4t2t7ssj3n3_v2xrl935g8sh0000gn/T/flo-derived.tr2gd7/Build/Intermediates.noindex/Pulse.build/Debug-iphonesimulator/Pulse.build/Objects-normal/x86_64/Pulse.LinkFileList (in target 'Pulse' from project 'Pulse')
    cd /var/folders/g2/4t2t7ssj3n3_v2xrl935g8sh0000gn/T/flo-derived.tr2gd7/SourcePackages/checkouts/Pulse
    write-file /var/folders/g2/4t2t7ssj3n3_v2xrl935g8sh0000gn/T/flo-derived.tr2gd7/Build/Intermediates.noindex/Pulse.build/Debug-iphonesimulator/Pulse.build/Objects-normal/x86_64/Pulse.LinkFileList

WriteAuxiliaryFile /var/folders/g2/4t2t7ssj3n3_v2xrl935g8sh0000gn/T/flo-derived.tr2gd7/Build/Intermediates.noindex/Pulse.build/Debug-iphonesimulator/Pulse.build/Objects-normal/x86_64/Pulse-OutputFileMap.json (in target 'Pulse' from project 'Pulse')
    cd /var/folders/g2/4t2t7ssj3n3_v2xrl935g8sh0000gn/T/flo-derived.tr2gd7/SourcePackages/checkouts/Pulse
    write-file /var/folders/g2/4t2t7ssj3n3_v2xrl935g8sh0000gn/T/flo-derived.tr2gd7/Build/Intermediates.noindex/Pulse.build/Debug-iphonesimulator/Pulse.build/Objects-normal/x86_64/Pulse-OutputFileMap.json

Copy /var/folders/g2/4t2t7ssj3n3_v2xrl935g8sh0000gn/T/flo-derived.tr2gd7/Build/Intermediates.noindex/GeneratedModuleMaps-iphonesimulator/Pulse.modulemap /var/folders/g2/4t2t7ssj3n3_v2xrl935g8sh0000gn/T/flo-derived.tr2gd7/Build/Intermediates.noindex/Pulse.build/Debug-iphonesimulator/Pulse.build/Pulse.modulemap (in target 'Pulse' from project 'Pulse')
    cd /var/folders/g2/4t2t7ssj3n3_v2xrl935g8sh0000gn/T/flo-derived.tr2gd7/SourcePackages/checkouts/Pulse
    builtin-copy -exclude .DS_Store -exclude CVS -exclude .svn -exclude .git -exclude .hg -resolve-src-symlinks /var/folders/g2/4t2t7ssj3n3_v2xrl935g8sh0000gn/T/flo-derived.tr2gd7/Build/Intermediates.noindex/Pulse.build/Debug-iphonesimulator/Pulse.build/Pulse.modulemap /var/folders/g2/4t2t7ssj3n3_v2xrl935g8sh0000gn/T/flo-derived.tr2gd7/Build/Intermediates.noindex/GeneratedModuleMaps-iphonesimulator

WriteAuxiliaryFile /var/folders/g2/4t2t7ssj3n3_v2xrl935g8sh0000gn/T/flo-derived.tr2gd7/Build/Intermediates.noindex/Nuke.build/Debug-iphonesimulator/NukeUI.build/Objects-normal/x86_64/NukeUI_const_extract_protocols.json (in target 'NukeUI' from project 'Nuke')
    cd /var/folders/g2/4t2t7ssj3n3_v2xrl935g8sh0000gn/T/flo-derived.tr2gd7/SourcePackages/checkouts/Nuke
    write-file /var/folders/g2/4t2t7ssj3n3_v2xrl935g8sh0000gn/T/flo-derived.tr2gd7/Build/Intermediates.noindex/Nuke.build/Debug-iphonesimulator/NukeUI.build/Objects-normal/x86_64/NukeUI_const_extract_protocols.json

WriteAuxiliaryFile /var/folders/g2/4t2t7ssj3n3_v2xrl935g8sh0000gn/T/flo-derived.tr2gd7/Build/Intermediates.noindex/Nuke.build/Debug-iphonesimulator/NukeUI.build/Objects-normal/x86_64/NukeUI.SwiftFileList (in target 'NukeUI' from project 'Nuke')
    cd /var/folders/g2/4t2t7ssj3n3_v2xrl935g8sh0000gn/T/flo-derived.tr2gd7/SourcePackages/checkouts/Nuke
    write-file /var/folders/g2/4t2t7ssj3n3_v2xrl935g8sh0000gn/T/flo-derived.tr2gd7/Build/Intermediates.noindex/Nuke.build/Debug-iphonesimulator/NukeUI.build/Objects-normal/x86_64/NukeUI.SwiftFileList

WriteAuxiliaryFile /var/folders/g2/4t2t7ssj3n3_v2xrl935g8sh0000gn/T/flo-derived.tr2gd7/Build/Intermediates.noindex/Nuke.build/Debug-iphonesimulator/NukeUI.build/Objects-normal/x86_64/NukeUI.SwiftConstValuesFileList (in target 'NukeUI' from project 'Nuke')
    cd /var/folders/g2/4t2t7ssj3n3_v2xrl935g8sh0000gn/T/flo-derived.tr2gd7/SourcePackages/checkouts/Nuke
    write-file /var/folders/g2/4t2t7ssj3n3_v2xrl935g8sh0000gn/T/flo-derived.tr2gd7/Build/Intermediates.noindex/Nuke.build/Debug-iphonesimulator/NukeUI.build/Objects-normal/x86_64/NukeUI.SwiftConstValuesFileList

WriteAuxiliaryFile /var/folders/g2/4t2t7ssj3n3_v2xrl935g8sh0000gn/T/flo-derived.tr2gd7/Build/Intermediates.noindex/Nuke.build/Debug-iphonesimulator/NukeUI.build/Objects-normal/x86_64/NukeUI.LinkFileList (in target 'NukeUI' from project 'Nuke')
    cd /var/folders/g2/4t2t7ssj3n3_v2xrl935g8sh0000gn/T/flo-derived.tr2gd7/SourcePackages/checkouts/Nuke
    write-file /var/folders/g2/4t2t7ssj3n3_v2xrl935g8sh0000gn/T/flo-derived.tr2gd7/Build/Intermediates.noindex/Nuke.build/Debug-iphonesimulator/NukeUI.build/Objects-normal/x86_64/NukeUI.LinkFileList

WriteAuxiliaryFile /var/folders/g2/4t2t7ssj3n3_v2xrl935g8sh0000gn/T/flo-derived.tr2gd7/Build/Intermediates.noindex/Nuke.build/Debug-iphonesimulator/NukeUI.build/NukeUI.modulemap (in target 'NukeUI' from project 'Nuke')
    cd /var/folders/g2/4t2t7ssj3n3_v2xrl935g8sh0000gn/T/flo-derived.tr2gd7/SourcePackages/checkouts/Nuke
    write-file /var/folders/g2/4t2t7ssj3n3_v2xrl935g8sh0000gn/T/flo-derived.tr2gd7/Build/Intermediates.noindex/Nuke.build/Debug-iphonesimulator/NukeUI.build/NukeUI.modulemap

WriteAuxiliaryFile /var/folders/g2/4t2t7ssj3n3_v2xrl935g8sh0000gn/T/flo-derived.tr2gd7/Build/Intermediates.noindex/Nuke.build/Debug-iphonesimulator/NukeUI.build/Objects-normal/x86_64/NukeUI-OutputFileMap.json (in target 'NukeUI' from project 'Nuke')
    cd /var/folders/g2/4t2t7ssj3n3_v2xrl935g8sh0000gn/T/flo-derived.tr2gd7/SourcePackages/checkouts/Nuke
    write-file /var/folders/g2/4t2t7ssj3n3_v2xrl935g8sh0000gn/T/flo-derived.tr2gd7/Build/Intermediates.noindex/Nuke.build/Debug-iphonesimulator/NukeUI.build/Objects-normal/x86_64/NukeUI-OutputFileMap.json

WriteAuxiliaryFile /var/folders/g2/4t2t7ssj3n3_v2xrl935g8sh0000gn/T/flo-derived.tr2gd7/Build/Intermediates.noindex/Nuke.build/Debug-iphonesimulator/NukeUI.build/NukeUI.DependencyStaticMetadataFileList (in target 'NukeUI' from project 'Nuke')
    cd /var/folders/g2/4t2t7ssj3n3_v2xrl935g8sh0000gn/T/flo-derived.tr2gd7/SourcePackages/checkouts/Nuke
    write-file /var/folders/g2/4t2t7ssj3n3_v2xrl935g8sh0000gn/T/flo-derived.tr2gd7/Build/Intermediates.noindex/Nuke.build/Debug-iphonesimulator/NukeUI.build/NukeUI.DependencyStaticMetadataFileList

WriteAuxiliaryFile /var/folders/g2/4t2t7ssj3n3_v2xrl935g8sh0000gn/T/flo-derived.tr2gd7/Build/Intermediates.noindex/Nuke.build/Debug-iphonesimulator/NukeUI.build/NukeUI.DependencyMetadataFileList (in target 'NukeUI' from project 'Nuke')
    cd /var/folders/g2/4t2t7ssj3n3_v2xrl935g8sh0000gn/T/flo-derived.tr2gd7/SourcePackages/checkouts/Nuke
    write-file /var/folders/g2/4t2t7ssj3n3_v2xrl935g8sh0000gn/T/flo-derived.tr2gd7/Build/Intermediates.noindex/Nuke.build/Debug-iphonesimulator/NukeUI.build/NukeUI.DependencyMetadataFileList

WriteAuxiliaryFile /var/folders/g2/4t2t7ssj3n3_v2xrl935g8sh0000gn/T/flo-derived.tr2gd7/Build/Intermediates.noindex/Nuke.build/Debug-iphonesimulator/Nuke.build/Objects-normal/x86_64/Nuke.SwiftConstValuesFileList (in target 'Nuke' from project 'Nuke')
    cd /var/folders/g2/4t2t7ssj3n3_v2xrl935g8sh0000gn/T/flo-derived.tr2gd7/SourcePackages/checkouts/Nuke
    write-file /var/folders/g2/4t2t7ssj3n3_v2xrl935g8sh0000gn/T/flo-derived.tr2gd7/Build/Intermediates.noindex/Nuke.build/Debug-iphonesimulator/Nuke.build/Objects-normal/x86_64/Nuke.SwiftConstValuesFileList

WriteAuxiliaryFile /var/folders/g2/4t2t7ssj3n3_v2xrl935g8sh0000gn/T/flo-derived.tr2gd7/Build/Intermediates.noindex/Nuke.build/Debug-iphonesimulator/Nuke.build/Objects-normal/x86_64/Nuke_const_extract_protocols.json (in target 'Nuke' from project 'Nuke')
    cd /var/folders/g2/4t2t7ssj3n3_v2xrl935g8sh0000gn/T/flo-derived.tr2gd7/SourcePackages/checkouts/Nuke
    write-file /var/folders/g2/4t2t7ssj3n3_v2xrl935g8sh0000gn/T/flo-derived.tr2gd7/Build/Intermediates.noindex/Nuke.build/Debug-iphonesimulator/Nuke.build/Objects-normal/x86_64/Nuke_const_extract_protocols.json

WriteAuxiliaryFile /var/folders/g2/4t2t7ssj3n3_v2xrl935g8sh0000gn/T/flo-derived.tr2gd7/Build/Intermediates.noindex/Nuke.build/Debug-iphonesimulator/Nuke.build/Objects-normal/x86_64/Nuke.SwiftFileList (in target 'Nuke' from project 'Nuke')
    cd /var/folders/g2/4t2t7ssj3n3_v2xrl935g8sh0000gn/T/flo-derived.tr2gd7/SourcePackages/checkouts/Nuke
    write-file /var/folders/g2/4t2t7ssj3n3_v2xrl935g8sh0000gn/T/flo-derived.tr2gd7/Build/Intermediates.noindex/Nuke.build/Debug-iphonesimulator/Nuke.build/Objects-normal/x86_64/Nuke.SwiftFileList

WriteAuxiliaryFile /var/folders/g2/4t2t7ssj3n3_v2xrl935g8sh0000gn/T/flo-derived.tr2gd7/Build/Intermediates.noindex/Nuke.build/Debug-iphonesimulator/Nuke.build/Objects-normal/x86_64/Nuke.LinkFileList (in target 'Nuke' from project 'Nuke')
    cd /var/folders/g2/4t2t7ssj3n3_v2xrl935g8sh0000gn/T/flo-derived.tr2gd7/SourcePackages/checkouts/Nuke
    write-file /var/folders/g2/4t2t7ssj3n3_v2xrl935g8sh0000gn/T/flo-derived.tr2gd7/Build/Intermediates.noindex/Nuke.build/Debug-iphonesimulator/Nuke.build/Objects-normal/x86_64/Nuke.LinkFileList

WriteAuxiliaryFile /var/folders/g2/4t2t7ssj3n3_v2xrl935g8sh0000gn/T/flo-derived.tr2gd7/Build/Intermediates.noindex/Nuke.build/Debug-iphonesimulator/Nuke.build/Objects-normal/x86_64/Nuke-OutputFileMap.json (in target 'Nuke' from project 'Nuke')
    cd /var/folders/g2/4t2t7ssj3n3_v2xrl935g8sh0000gn/T/flo-derived.tr2gd7/SourcePackages/checkouts/Nuke
    write-file /var/folders/g2/4t2t7ssj3n3_v2xrl935g8sh0000gn/T/flo-derived.tr2gd7/Build/Intermediates.noindex/Nuke.build/Debug-iphonesimulator/Nuke.build/Objects-normal/x86_64/Nuke-OutputFileMap.json

WriteAuxiliaryFile /var/folders/g2/4t2t7ssj3n3_v2xrl935g8sh0000gn/T/flo-derived.tr2gd7/Build/Intermediates.noindex/Nuke.build/Debug-iphonesimulator/Nuke.build/Nuke.modulemap (in target 'Nuke' from project 'Nuke')
    cd /var/folders/g2/4t2t7ssj3n3_v2xrl935g8sh0000gn/T/flo-derived.tr2gd7/SourcePackages/checkouts/Nuke
    write-file /var/folders/g2/4t2t7ssj3n3_v2xrl935g8sh0000gn/T/flo-derived.tr2gd7/Build/Intermediates.noindex/Nuke.build/Debug-iphonesimulator/Nuke.build/Nuke.modulemap

WriteAuxiliaryFile /var/folders/g2/4t2t7ssj3n3_v2xrl935g8sh0000gn/T/flo-derived.tr2gd7/Build/Intermediates.noindex/Nuke.build/Debug-iphonesimulator/Nuke.build/Nuke.DependencyStaticMetadataFileList (in target 'Nuke' from project 'Nuke')
    cd /var/folders/g2/4t2t7ssj3n3_v2xrl935g8sh0000gn/T/flo-derived.tr2gd7/SourcePackages/checkouts/Nuke
    write-file /var/folders/g2/4t2t7ssj3n3_v2xrl935g8sh0000gn/T/flo-derived.tr2gd7/Build/Intermediates.noindex/Nuke.build/Debug-iphonesimulator/Nuke.build/Nuke.DependencyStaticMetadataFileList

Copy /var/folders/g2/4t2t7ssj3n3_v2xrl935g8sh0000gn/T/flo-derived.tr2gd7/Build/Intermediates.noindex/GeneratedModuleMaps-iphonesimulator/NukeUI.modulemap /var/folders/g2/4t2t7ssj3n3_v2xrl935g8sh0000gn/T/flo-derived.tr2gd7/Build/Intermediates.noindex/Nuke.build/Debug-iphonesimulator/NukeUI.build/NukeUI.modulemap (in target 'NukeUI' from project 'Nuke')
    cd /var/folders/g2/4t2t7ssj3n3_v2xrl935g8sh0000gn/T/flo-derived.tr2gd7/SourcePackages/checkouts/Nuke
    builtin-copy -exclude .DS_Store -exclude CVS -exclude .svn -exclude .git -exclude .hg -resolve-src-symlinks /var/folders/g2/4t2t7ssj3n3_v2xrl935g8sh0000gn/T/flo-derived.tr2gd7/Build/Intermediates.noindex/Nuke.build/Debug-iphonesimulator/NukeUI.build/NukeUI.modulemap /var/folders/g2/4t2t7ssj3n3_v2xrl935g8sh0000gn/T/flo-derived.tr2gd7/Build/Intermediates.noindex/GeneratedModuleMaps-iphonesimulator

WriteAuxiliaryFile /var/folders/g2/4t2t7ssj3n3_v2xrl935g8sh0000gn/T/flo-derived.tr2gd7/Build/Intermediates.noindex/Nuke.build/Debug-iphonesimulator/Nuke.build/Nuke.DependencyMetadataFileList (in target 'Nuke' from project 'Nuke')
    cd /var/folders/g2/4t2t7ssj3n3_v2xrl935g8sh0000gn/T/flo-derived.tr2gd7/SourcePackages/checkouts/Nuke
    write-file /var/folders/g2/4t2t7ssj3n3_v2xrl935g8sh0000gn/T/flo-derived.tr2gd7/Build/Intermediates.noindex/Nuke.build/Debug-iphonesimulator/Nuke.build/Nuke.DependencyMetadataFileList

WriteAuxiliaryFile /var/folders/g2/4t2t7ssj3n3_v2xrl935g8sh0000gn/T/flo-derived.tr2gd7/Build/Intermediates.noindex/KeychainAccess.build/Debug-iphonesimulator/KeychainAccess.build/Objects-normal/x86_64/KeychainAccess_const_extract_protocols.json (in target 'KeychainAccess' from project 'KeychainAccess')
    cd /var/folders/g2/4t2t7ssj3n3_v2xrl935g8sh0000gn/T/flo-derived.tr2gd7/SourcePackages/checkouts/KeychainAccess
    write-file /var/folders/g2/4t2t7ssj3n3_v2xrl935g8sh0000gn/T/flo-derived.tr2gd7/Build/Intermediates.noindex/KeychainAccess.build/Debug-iphonesimulator/KeychainAccess.build/Objects-normal/x86_64/KeychainAccess_const_extract_protocols.json

WriteAuxiliaryFile /var/folders/g2/4t2t7ssj3n3_v2xrl935g8sh0000gn/T/flo-derived.tr2gd7/Build/Intermediates.noindex/KeychainAccess.build/Debug-iphonesimulator/KeychainAccess.build/Objects-normal/x86_64/KeychainAccess.SwiftFileList (in target 'KeychainAccess' from project 'KeychainAccess')
    cd /var/folders/g2/4t2t7ssj3n3_v2xrl935g8sh0000gn/T/flo-derived.tr2gd7/SourcePackages/checkouts/KeychainAccess
    write-file /var/folders/g2/4t2t7ssj3n3_v2xrl935g8sh0000gn/T/flo-derived.tr2gd7/Build/Intermediates.noindex/KeychainAccess.build/Debug-iphonesimulator/KeychainAccess.build/Objects-normal/x86_64/KeychainAccess.SwiftFileList

WriteAuxiliaryFile /var/folders/g2/4t2t7ssj3n3_v2xrl935g8sh0000gn/T/flo-derived.tr2gd7/Build/Intermediates.noindex/KeychainAccess.build/Debug-iphonesimulator/KeychainAccess.build/Objects-normal/x86_64/KeychainAccess.LinkFileList (in target 'KeychainAccess' from project 'KeychainAccess')
    cd /var/folders/g2/4t2t7ssj3n3_v2xrl935g8sh0000gn/T/flo-derived.tr2gd7/SourcePackages/checkouts/KeychainAccess
    write-file /var/folders/g2/4t2t7ssj3n3_v2xrl935g8sh0000gn/T/flo-derived.tr2gd7/Build/Intermediates.noindex/KeychainAccess.build/Debug-iphonesimulator/KeychainAccess.build/Objects-normal/x86_64/KeychainAccess.LinkFileList

WriteAuxiliaryFile /var/folders/g2/4t2t7ssj3n3_v2xrl935g8sh0000gn/T/flo-derived.tr2gd7/Build/Intermediates.noindex/KeychainAccess.build/Debug-iphonesimulator/KeychainAccess.build/Objects-normal/x86_64/KeychainAccess.SwiftConstValuesFileList (in target 'KeychainAccess' from project 'KeychainAccess')
    cd /var/folders/g2/4t2t7ssj3n3_v2xrl935g8sh0000gn/T/flo-derived.tr2gd7/SourcePackages/checkouts/KeychainAccess
    write-file /var/folders/g2/4t2t7ssj3n3_v2xrl935g8sh0000gn/T/flo-derived.tr2gd7/Build/Intermediates.noindex/KeychainAccess.build/Debug-iphonesimulator/KeychainAccess.build/Objects-normal/x86_64/KeychainAccess.SwiftConstValuesFileList

WriteAuxiliaryFile /var/folders/g2/4t2t7ssj3n3_v2xrl935g8sh0000gn/T/flo-derived.tr2gd7/Build/Intermediates.noindex/KeychainAccess.build/Debug-iphonesimulator/KeychainAccess.build/Objects-normal/x86_64/KeychainAccess-OutputFileMap.json (in target 'KeychainAccess' from project 'KeychainAccess')
    cd /var/folders/g2/4t2t7ssj3n3_v2xrl935g8sh0000gn/T/flo-derived.tr2gd7/SourcePackages/checkouts/KeychainAccess
    write-file /var/folders/g2/4t2t7ssj3n3_v2xrl935g8sh0000gn/T/flo-derived.tr2gd7/Build/Intermediates.noindex/KeychainAccess.build/Debug-iphonesimulator/KeychainAccess.build/Objects-normal/x86_64/KeychainAccess-OutputFileMap.json

WriteAuxiliaryFile /var/folders/g2/4t2t7ssj3n3_v2xrl935g8sh0000gn/T/flo-derived.tr2gd7/Build/Intermediates.noindex/KeychainAccess.build/Debug-iphonesimulator/KeychainAccess.build/KeychainAccess.modulemap (in target 'KeychainAccess' from project 'KeychainAccess')
    cd /var/folders/g2/4t2t7ssj3n3_v2xrl935g8sh0000gn/T/flo-derived.tr2gd7/SourcePackages/checkouts/KeychainAccess
    write-file /var/folders/g2/4t2t7ssj3n3_v2xrl935g8sh0000gn/T/flo-derived.tr2gd7/Build/Intermediates.noindex/KeychainAccess.build/Debug-iphonesimulator/KeychainAccess.build/KeychainAccess.modulemap

Copy /var/folders/g2/4t2t7ssj3n3_v2xrl935g8sh0000gn/T/flo-derived.tr2gd7/Build/Intermediates.noindex/GeneratedModuleMaps-iphonesimulator/Nuke.modulemap /var/folders/g2/4t2t7ssj3n3_v2xrl935g8sh0000gn/T/flo-derived.tr2gd7/Build/Intermediates.noindex/Nuke.build/Debug-iphonesimulator/Nuke.build/Nuke.modulemap (in target 'Nuke' from project 'Nuke')
    cd /var/folders/g2/4t2t7ssj3n3_v2xrl935g8sh0000gn/T/flo-derived.tr2gd7/SourcePackages/checkouts/Nuke
    builtin-copy -exclude .DS_Store -exclude CVS -exclude .svn -exclude .git -exclude .hg -resolve-src-symlinks /var/folders/g2/4t2t7ssj3n3_v2xrl935g8sh0000gn/T/flo-derived.tr2gd7/Build/Intermediates.noindex/Nuke.build/Debug-iphonesimulator/Nuke.build/Nuke.modulemap /var/folders/g2/4t2t7ssj3n3_v2xrl935g8sh0000gn/T/flo-derived.tr2gd7/Build/Intermediates.noindex/GeneratedModuleMaps-iphonesimulator

WriteAuxiliaryFile /var/folders/g2/4t2t7ssj3n3_v2xrl935g8sh0000gn/T/flo-derived.tr2gd7/Build/Intermediates.noindex/KeychainAccess.build/Debug-iphonesimulator/KeychainAccess.build/KeychainAccess.DependencyStaticMetadataFileList (in target 'KeychainAccess' from project 'KeychainAccess')
    cd /var/folders/g2/4t2t7ssj3n3_v2xrl935g8sh0000gn/T/flo-derived.tr2gd7/SourcePackages/checkouts/KeychainAccess
    write-file /var/folders/g2/4t2t7ssj3n3_v2xrl935g8sh0000gn/T/flo-derived.tr2gd7/Build/Intermediates.noindex/KeychainAccess.build/Debug-iphonesimulator/KeychainAccess.build/KeychainAccess.DependencyStaticMetadataFileList

WriteAuxiliaryFile /var/folders/g2/4t2t7ssj3n3_v2xrl935g8sh0000gn/T/flo-derived.tr2gd7/Build/Intermediates.noindex/KeychainAccess.build/Debug-iphonesimulator/KeychainAccess.build/KeychainAccess.DependencyMetadataFileList (in target 'KeychainAccess' from project 'KeychainAccess')
    cd /var/folders/g2/4t2t7ssj3n3_v2xrl935g8sh0000gn/T/flo-derived.tr2gd7/SourcePackages/checkouts/KeychainAccess
    write-file /var/folders/g2/4t2t7ssj3n3_v2xrl935g8sh0000gn/T/flo-derived.tr2gd7/Build/Intermediates.noindex/KeychainAccess.build/Debug-iphonesimulator/KeychainAccess.build/KeychainAccess.DependencyMetadataFileList

WriteAuxiliaryFile /var/folders/g2/4t2t7ssj3n3_v2xrl935g8sh0000gn/T/flo-derived.tr2gd7/Build/Intermediates.noindex/Alamofire.build/Debug-iphonesimulator/Alamofire_Alamofire.build/empty-Alamofire_Alamofire.plist (in target 'Alamofire_Alamofire' from project 'Alamofire')
    cd /var/folders/g2/4t2t7ssj3n3_v2xrl935g8sh0000gn/T/flo-derived.tr2gd7/SourcePackages/checkouts/Alamofire
    write-file /var/folders/g2/4t2t7ssj3n3_v2xrl935g8sh0000gn/T/flo-derived.tr2gd7/Build/Intermediates.noindex/Alamofire.build/Debug-iphonesimulator/Alamofire_Alamofire.build/empty-Alamofire_Alamofire.plist

WriteAuxiliaryFile /var/folders/g2/4t2t7ssj3n3_v2xrl935g8sh0000gn/T/flo-derived.tr2gd7/Build/Intermediates.noindex/Alamofire.build/Debug-iphonesimulator/Alamofire_Alamofire.build/Alamofire_Alamofire.DependencyStaticMetadataFileList (in target 'Alamofire_Alamofire' from project 'Alamofire')
    cd /var/folders/g2/4t2t7ssj3n3_v2xrl935g8sh0000gn/T/flo-derived.tr2gd7/SourcePackages/checkouts/Alamofire
    write-file /var/folders/g2/4t2t7ssj3n3_v2xrl935g8sh0000gn/T/flo-derived.tr2gd7/Build/Intermediates.noindex/Alamofire.build/Debug-iphonesimulator/Alamofire_Alamofire.build/Alamofire_Alamofire.DependencyStaticMetadataFileList

WriteAuxiliaryFile /var/folders/g2/4t2t7ssj3n3_v2xrl935g8sh0000gn/T/flo-derived.tr2gd7/Build/Intermediates.noindex/Alamofire.build/Debug-iphonesimulator/Alamofire_Alamofire.build/Alamofire_Alamofire.DependencyMetadataFileList (in target 'Alamofire_Alamofire' from project 'Alamofire')
    cd /var/folders/g2/4t2t7ssj3n3_v2xrl935g8sh0000gn/T/flo-derived.tr2gd7/SourcePackages/checkouts/Alamofire
    write-file /var/folders/g2/4t2t7ssj3n3_v2xrl935g8sh0000gn/T/flo-derived.tr2gd7/Build/Intermediates.noindex/Alamofire.build/Debug-iphonesimulator/Alamofire_Alamofire.build/Alamofire_Alamofire.DependencyMetadataFileList

MkDir /var/folders/g2/4t2t7ssj3n3_v2xrl935g8sh0000gn/T/flo-derived.tr2gd7/Build/Products/Debug-iphonesimulator/flo.app (in target 'flo' from project 'flo')
    cd /tmp/flo-empty
    /bin/mkdir -p /var/folders/g2/4t2t7ssj3n3_v2xrl935g8sh0000gn/T/flo-derived.tr2gd7/Build/Products/Debug-iphonesimulator/flo.app

MkDir /var/folders/g2/4t2t7ssj3n3_v2xrl935g8sh0000gn/T/flo-derived.tr2gd7/Build/Products/Debug-watchsimulator/flo\ Watch\ Watch\ App.app (in target 'flo Watch Watch App' from project 'flo')
    cd /tmp/flo-empty
    /bin/mkdir -p /var/folders/g2/4t2t7ssj3n3_v2xrl935g8sh0000gn/T/flo-derived.tr2gd7/Build/Products/Debug-watchsimulator/flo\ Watch\ Watch\ App.app

Copy /var/folders/g2/4t2t7ssj3n3_v2xrl935g8sh0000gn/T/flo-derived.tr2gd7/Build/Intermediates.noindex/GeneratedModuleMaps-iphonesimulator/KeychainAccess.modulemap /var/folders/g2/4t2t7ssj3n3_v2xrl935g8sh0000gn/T/flo-derived.tr2gd7/Build/Intermediates.noindex/KeychainAccess.build/Debug-iphonesimulator/KeychainAccess.build/KeychainAccess.modulemap (in target 'KeychainAccess' from project 'KeychainAccess')
    cd /var/folders/g2/4t2t7ssj3n3_v2xrl935g8sh0000gn/T/flo-derived.tr2gd7/SourcePackages/checkouts/KeychainAccess
    builtin-copy -exclude .DS_Store -exclude CVS -exclude .svn -exclude .git -exclude .hg -resolve-src-symlinks /var/folders/g2/4t2t7ssj3n3_v2xrl935g8sh0000gn/T/flo-derived.tr2gd7/Build/Intermediates.noindex/KeychainAccess.build/Debug-iphonesimulator/KeychainAccess.build/KeychainAccess.modulemap /var/folders/g2/4t2t7ssj3n3_v2xrl935g8sh0000gn/T/flo-derived.tr2gd7/Build/Intermediates.noindex/GeneratedModuleMaps-iphonesimulator

MkDir /var/folders/g2/4t2t7ssj3n3_v2xrl935g8sh0000gn/T/flo-derived.tr2gd7/Build/Products/Debug-iphonesimulator/Alamofire_Alamofire.bundle (in target 'Alamofire_Alamofire' from project 'Alamofire')
    cd /var/folders/g2/4t2t7ssj3n3_v2xrl935g8sh0000gn/T/flo-derived.tr2gd7/SourcePackages/checkouts/Alamofire
    /bin/mkdir -p /var/folders/g2/4t2t7ssj3n3_v2xrl935g8sh0000gn/T/flo-derived.tr2gd7/Build/Products/Debug-iphonesimulator/Alamofire_Alamofire.bundle

WriteAuxiliaryFile /var/folders/g2/4t2t7ssj3n3_v2xrl935g8sh0000gn/T/flo-derived.tr2gd7/Build/Intermediates.noindex/Alamofire.build/Debug-iphonesimulator/Alamofire.build/Objects-normal/x86_64/Alamofire.SwiftFileList (in target 'Alamofire' from project 'Alamofire')
    cd /var/folders/g2/4t2t7ssj3n3_v2xrl935g8sh0000gn/T/flo-derived.tr2gd7/SourcePackages/checkouts/Alamofire
    write-file /var/folders/g2/4t2t7ssj3n3_v2xrl935g8sh0000gn/T/flo-derived.tr2gd7/Build/Intermediates.noindex/Alamofire.build/Debug-iphonesimulator/Alamofire.build/Objects-normal/x86_64/Alamofire.SwiftFileList

WriteAuxiliaryFile /var/folders/g2/4t2t7ssj3n3_v2xrl935g8sh0000gn/T/flo-derived.tr2gd7/Build/Intermediates.noindex/Alamofire.build/Debug-iphonesimulator/Alamofire.build/Objects-normal/x86_64/Alamofire.LinkFileList (in target 'Alamofire' from project 'Alamofire')
    cd /var/folders/g2/4t2t7ssj3n3_v2xrl935g8sh0000gn/T/flo-derived.tr2gd7/SourcePackages/checkouts/Alamofire
    write-file /var/folders/g2/4t2t7ssj3n3_v2xrl935g8sh0000gn/T/flo-derived.tr2gd7/Build/Intermediates.noindex/Alamofire.build/Debug-iphonesimulator/Alamofire.build/Objects-normal/x86_64/Alamofire.LinkFileList

WriteAuxiliaryFile /var/folders/g2/4t2t7ssj3n3_v2xrl935g8sh0000gn/T/flo-derived.tr2gd7/Build/Intermediates.noindex/Alamofire.build/Debug-iphonesimulator/Alamofire.build/Objects-normal/x86_64/Alamofire_const_extract_protocols.json (in target 'Alamofire' from project 'Alamofire')
    cd /var/folders/g2/4t2t7ssj3n3_v2xrl935g8sh0000gn/T/flo-derived.tr2gd7/SourcePackages/checkouts/Alamofire
    write-file /var/folders/g2/4t2t7ssj3n3_v2xrl935g8sh0000gn/T/flo-derived.tr2gd7/Build/Intermediates.noindex/Alamofire.build/Debug-iphonesimulator/Alamofire.build/Objects-normal/x86_64/Alamofire_const_extract_protocols.json

WriteAuxiliaryFile /var/folders/g2/4t2t7ssj3n3_v2xrl935g8sh0000gn/T/flo-derived.tr2gd7/Build/Intermediates.noindex/Alamofire.build/Debug-iphonesimulator/Alamofire.build/Objects-normal/x86_64/Alamofire.SwiftConstValuesFileList (in target 'Alamofire' from project 'Alamofire')
    cd /var/folders/g2/4t2t7ssj3n3_v2xrl935g8sh0000gn/T/flo-derived.tr2gd7/SourcePackages/checkouts/Alamofire
    write-file /var/folders/g2/4t2t7ssj3n3_v2xrl935g8sh0000gn/T/flo-derived.tr2gd7/Build/Intermediates.noindex/Alamofire.build/Debug-iphonesimulator/Alamofire.build/Objects-normal/x86_64/Alamofire.SwiftConstValuesFileList

WriteAuxiliaryFile /var/folders/g2/4t2t7ssj3n3_v2xrl935g8sh0000gn/T/flo-derived.tr2gd7/Build/Intermediates.noindex/Alamofire.build/Debug-iphonesimulator/Alamofire.build/Alamofire.modulemap (in target 'Alamofire' from project 'Alamofire')
    cd /var/folders/g2/4t2t7ssj3n3_v2xrl935g8sh0000gn/T/flo-derived.tr2gd7/SourcePackages/checkouts/Alamofire
    write-file /var/folders/g2/4t2t7ssj3n3_v2xrl935g8sh0000gn/T/flo-derived.tr2gd7/Build/Intermediates.noindex/Alamofire.build/Debug-iphonesimulator/Alamofire.build/Alamofire.modulemap

WriteAuxiliaryFile /var/folders/g2/4t2t7ssj3n3_v2xrl935g8sh0000gn/T/flo-derived.tr2gd7/Build/Intermediates.noindex/Alamofire.build/Debug-iphonesimulator/Alamofire.build/Objects-normal/x86_64/Alamofire-OutputFileMap.json (in target 'Alamofire' from project 'Alamofire')
    cd /var/folders/g2/4t2t7ssj3n3_v2xrl935g8sh0000gn/T/flo-derived.tr2gd7/SourcePackages/checkouts/Alamofire
    write-file /var/folders/g2/4t2t7ssj3n3_v2xrl935g8sh0000gn/T/flo-derived.tr2gd7/Build/Intermediates.noindex/Alamofire.build/Debug-iphonesimulator/Alamofire.build/Objects-normal/x86_64/Alamofire-OutputFileMap.json

WriteAuxiliaryFile /var/folders/g2/4t2t7ssj3n3_v2xrl935g8sh0000gn/T/flo-derived.tr2gd7/Build/Intermediates.noindex/Alamofire.build/Debug-iphonesimulator/Alamofire.build/Alamofire.DependencyStaticMetadataFileList (in target 'Alamofire' from project 'Alamofire')
    cd /var/folders/g2/4t2t7ssj3n3_v2xrl935g8sh0000gn/T/flo-derived.tr2gd7/SourcePackages/checkouts/Alamofire
    write-file /var/folders/g2/4t2t7ssj3n3_v2xrl935g8sh0000gn/T/flo-derived.tr2gd7/Build/Intermediates.noindex/Alamofire.build/Debug-iphonesimulator/Alamofire.build/Alamofire.DependencyStaticMetadataFileList

WriteAuxiliaryFile /var/folders/g2/4t2t7ssj3n3_v2xrl935g8sh0000gn/T/flo-derived.tr2gd7/Build/Intermediates.noindex/Alamofire.build/Debug-iphonesimulator/Alamofire.build/Alamofire.DependencyMetadataFileList (in target 'Alamofire' from project 'Alamofire')
    cd /var/folders/g2/4t2t7ssj3n3_v2xrl935g8sh0000gn/T/flo-derived.tr2gd7/SourcePackages/checkouts/Alamofire
    write-file /var/folders/g2/4t2t7ssj3n3_v2xrl935g8sh0000gn/T/flo-derived.tr2gd7/Build/Intermediates.noindex/Alamofire.build/Debug-iphonesimulator/Alamofire.build/Alamofire.DependencyMetadataFileList

WriteAuxiliaryFile /var/folders/g2/4t2t7ssj3n3_v2xrl935g8sh0000gn/T/flo-derived.tr2gd7/Build/Intermediates.noindex/Alamofire.build/Debug-iphonesimulator/Alamofire.build/DerivedSources/resource_bundle_accessor.swift (in target 'Alamofire' from project 'Alamofire')
    cd /var/folders/g2/4t2t7ssj3n3_v2xrl935g8sh0000gn/T/flo-derived.tr2gd7/SourcePackages/checkouts/Alamofire
    write-file /var/folders/g2/4t2t7ssj3n3_v2xrl935g8sh0000gn/T/flo-derived.tr2gd7/Build/Intermediates.noindex/Alamofire.build/Debug-iphonesimulator/Alamofire.build/DerivedSources/resource_bundle_accessor.swift

Copy /var/folders/g2/4t2t7ssj3n3_v2xrl935g8sh0000gn/T/flo-derived.tr2gd7/Build/Intermediates.noindex/GeneratedModuleMaps-iphonesimulator/Alamofire.modulemap /var/folders/g2/4t2t7ssj3n3_v2xrl935g8sh0000gn/T/flo-derived.tr2gd7/Build/Intermediates.noindex/Alamofire.build/Debug-iphonesimulator/Alamofire.build/Alamofire.modulemap (in target 'Alamofire' from project 'Alamofire')
    cd /var/folders/g2/4t2t7ssj3n3_v2xrl935g8sh0000gn/T/flo-derived.tr2gd7/SourcePackages/checkouts/Alamofire
    builtin-copy -exclude .DS_Store -exclude CVS -exclude .svn -exclude .git -exclude .hg -resolve-src-symlinks /var/folders/g2/4t2t7ssj3n3_v2xrl935g8sh0000gn/T/flo-derived.tr2gd7/Build/Intermediates.noindex/Alamofire.build/Debug-iphonesimulator/Alamofire.build/Alamofire.modulemap /var/folders/g2/4t2t7ssj3n3_v2xrl935g8sh0000gn/T/flo-derived.tr2gd7/Build/Intermediates.noindex/GeneratedModuleMaps-iphonesimulator

Ld /var/folders/g2/4t2t7ssj3n3_v2xrl935g8sh0000gn/T/flo-derived.tr2gd7/Build/Intermediates.noindex/flo.build/Debug-watchsimulator/flo\ Watch\ Watch\ App.build/Objects-normal/arm64/Binary/__preview.dylib normal arm64 (in target 'flo Watch Watch App' from project 'flo')
    cd /tmp/flo-empty
    /Applications/Xcode.app/Contents/Developer/Toolchains/XcodeDefault.xctoolchain/usr/bin/clang -Xlinker -reproducible -target arm64-apple-watchos10.6-simulator -dynamiclib -isysroot /Applications/Xcode.app/Contents/Developer/Platforms/WatchSimulator.platform/Developer/SDKs/WatchSimulator26.4.sdk -O0 -L/var/folders/g2/4t2t7ssj3n3_v2xrl935g8sh0000gn/T/flo-derived.tr2gd7/Build/Products/Debug-watchsimulator -F/var/folders/g2/4t2t7ssj3n3_v2xrl935g8sh0000gn/T/flo-derived.tr2gd7/Build/Products/Debug-watchsimulator -install_name @rpath/flo\ Watch\ Watch\ App.debug.dylib -Xlinker -dead_strip -rdynamic -Xlinker -no_deduplicate -Xlinker -objc_abi_version -Xlinker 2 -Xlinker -dependency_info -Xlinker /var/folders/g2/4t2t7ssj3n3_v2xrl935g8sh0000gn/T/flo-derived.tr2gd7/Build/Intermediates.noindex/flo.build/Debug-watchsimulator/flo\ Watch\ Watch\ App.build/Objects-normal/arm64/flo\ Watch\ Watch\ App_dependency_info.dat -o /var/folders/g2/4t2t7ssj3n3_v2xrl935g8sh0000gn/T/flo-derived.tr2gd7/Build/Intermediates.noindex/flo.build/Debug-watchsimulator/flo\ Watch\ Watch\ App.build/Objects-normal/arm64/Binary/__preview.dylib

Ld /var/folders/g2/4t2t7ssj3n3_v2xrl935g8sh0000gn/T/flo-derived.tr2gd7/Build/Intermediates.noindex/flo.build/Debug-watchsimulator/flo\ Watch\ Watch\ App.build/Objects-normal/x86_64/Binary/__preview.dylib normal x86_64 (in target 'flo Watch Watch App' from project 'flo')
    cd /tmp/flo-empty
    /Applications/Xcode.app/Contents/Developer/Toolchains/XcodeDefault.xctoolchain/usr/bin/clang -Xlinker -reproducible -target x86_64-apple-watchos10.6-simulator -dynamiclib -isysroot /Applications/Xcode.app/Contents/Developer/Platforms/WatchSimulator.platform/Developer/SDKs/WatchSimulator26.4.sdk -O0 -L/var/folders/g2/4t2t7ssj3n3_v2xrl935g8sh0000gn/T/flo-derived.tr2gd7/Build/Products/Debug-watchsimulator -F/var/folders/g2/4t2t7ssj3n3_v2xrl935g8sh0000gn/T/flo-derived.tr2gd7/Build/Products/Debug-watchsimulator -install_name @rpath/flo\ Watch\ Watch\ App.debug.dylib -Xlinker -dead_strip -rdynamic -Xlinker -no_deduplicate -Xlinker -objc_abi_version -Xlinker 2 -Xlinker -dependency_info -Xlinker /var/folders/g2/4t2t7ssj3n3_v2xrl935g8sh0000gn/T/flo-derived.tr2gd7/Build/Intermediates.noindex/flo.build/Debug-watchsimulator/flo\ Watch\ Watch\ App.build/Objects-normal/x86_64/flo\ Watch\ Watch\ App_dependency_info.dat -o /var/folders/g2/4t2t7ssj3n3_v2xrl935g8sh0000gn/T/flo-derived.tr2gd7/Build/Intermediates.noindex/flo.build/Debug-watchsimulator/flo\ Watch\ Watch\ App.build/Objects-normal/x86_64/Binary/__preview.dylib

MkDir /var/folders/g2/4t2t7ssj3n3_v2xrl935g8sh0000gn/T/flo-derived.tr2gd7/Build/Intermediates.noindex/flo.build/Debug-watchsimulator/flo\ Watch\ Watch\ App.build/assetcatalog_output/thinned (in target 'flo Watch Watch App' from project 'flo')
    cd /tmp/flo-empty
    /bin/mkdir -p /var/folders/g2/4t2t7ssj3n3_v2xrl935g8sh0000gn/T/flo-derived.tr2gd7/Build/Intermediates.noindex/flo.build/Debug-watchsimulator/flo\ Watch\ Watch\ App.build/assetcatalog_output/thinned

MkDir /var/folders/g2/4t2t7ssj3n3_v2xrl935g8sh0000gn/T/flo-derived.tr2gd7/Build/Intermediates.noindex/flo.build/Debug-watchsimulator/flo\ Watch\ Watch\ App.build/assetcatalog_output/unthinned (in target 'flo Watch Watch App' from project 'flo')
    cd /tmp/flo-empty
    /bin/mkdir -p /var/folders/g2/4t2t7ssj3n3_v2xrl935g8sh0000gn/T/flo-derived.tr2gd7/Build/Intermediates.noindex/flo.build/Debug-watchsimulator/flo\ Watch\ Watch\ App.build/assetcatalog_output/unthinned

GenerateAssetSymbols /tmp/flo-empty/flo/Resources/Assets.xcassets (in target 'flo Watch Watch App' from project 'flo')
    cd /tmp/flo-empty
    /Applications/Xcode.app/Contents/Developer/usr/bin/actool /tmp/flo-empty/flo/Resources/Assets.xcassets --compile /var/folders/g2/4t2t7ssj3n3_v2xrl935g8sh0000gn/T/flo-derived.tr2gd7/Build/Products/Debug-watchsimulator/flo\ Watch\ Watch\ App.app --output-format human-readable-text --notices --warnings --export-dependency-info /var/folders/g2/4t2t7ssj3n3_v2xrl935g8sh0000gn/T/flo-derived.tr2gd7/Build/Intermediates.noindex/flo.build/Debug-watchsimulator/flo\ Watch\ Watch\ App.build/assetcatalog_dependencies --output-partial-info-plist /var/folders/g2/4t2t7ssj3n3_v2xrl935g8sh0000gn/T/flo-derived.tr2gd7/Build/Intermediates.noindex/flo.build/Debug-watchsimulator/flo\ Watch\ Watch\ App.build/assetcatalog_generated_info.plist --app-icon AppIconWatch --accent-color AccentColor --compress-pngs --enable-on-demand-resources YES --development-region en --target-device watch --minimum-deployment-target 10.6 --platform watchsimulator --bundle-identifier com.penerbangwalet.flo.watchkitapp --generate-swift-asset-symbols /var/folders/g2/4t2t7ssj3n3_v2xrl935g8sh0000gn/T/flo-derived.tr2gd7/Build/Intermediates.noindex/flo.build/Debug-watchsimulator/flo\ Watch\ Watch\ App.build/DerivedSources/GeneratedAssetSymbols.swift --generate-objc-asset-symbols /var/folders/g2/4t2t7ssj3n3_v2xrl935g8sh0000gn/T/flo-derived.tr2gd7/Build/Intermediates.noindex/flo.build/Debug-watchsimulator/flo\ Watch\ Watch\ App.build/DerivedSources/GeneratedAssetSymbols.h --generate-asset-symbol-index /var/folders/g2/4t2t7ssj3n3_v2xrl935g8sh0000gn/T/flo-derived.tr2gd7/Build/Intermediates.noindex/flo.build/Debug-watchsimulator/flo\ Watch\ Watch\ App.build/DerivedSources/GeneratedAssetSymbols-Index.plist
/* com.apple.actool.compilation-results */
/var/folders/g2/4t2t7ssj3n3_v2xrl935g8sh0000gn/T/flo-derived.tr2gd7/Build/Intermediates.noindex/flo.build/Debug-watchsimulator/flo Watch Watch App.build/DerivedSources/GeneratedAssetSymbols-Index.plist
/var/folders/g2/4t2t7ssj3n3_v2xrl935g8sh0000gn/T/flo-derived.tr2gd7/Build/Intermediates.noindex/flo.build/Debug-watchsimulator/flo Watch Watch App.build/DerivedSources/GeneratedAssetSymbols.h
/var/folders/g2/4t2t7ssj3n3_v2xrl935g8sh0000gn/T/flo-derived.tr2gd7/Build/Intermediates.noindex/flo.build/Debug-watchsimulator/flo Watch Watch App.build/DerivedSources/GeneratedAssetSymbols.swift


CompileAssetCatalogVariant thinned /var/folders/g2/4t2t7ssj3n3_v2xrl935g8sh0000gn/T/flo-derived.tr2gd7/Build/Products/Debug-watchsimulator/flo\ Watch\ Watch\ App.app /tmp/flo-empty/flo/Resources/Assets.xcassets (in target 'flo Watch Watch App' from project 'flo')
    cd /tmp/flo-empty
    /Applications/Xcode.app/Contents/Developer/usr/bin/actool /tmp/flo-empty/flo/Resources/Assets.xcassets --compile /var/folders/g2/4t2t7ssj3n3_v2xrl935g8sh0000gn/T/flo-derived.tr2gd7/Build/Intermediates.noindex/flo.build/Debug-watchsimulator/flo\ Watch\ Watch\ App.build/assetcatalog_output/thinned --output-format human-readable-text --notices --warnings --export-dependency-info /var/folders/g2/4t2t7ssj3n3_v2xrl935g8sh0000gn/T/flo-derived.tr2gd7/Build/Intermediates.noindex/flo.build/Debug-watchsimulator/flo\ Watch\ Watch\ App.build/assetcatalog_dependencies_thinned --output-partial-info-plist /var/folders/g2/4t2t7ssj3n3_v2xrl935g8sh0000gn/T/flo-derived.tr2gd7/Build/Intermediates.noindex/flo.build/Debug-watchsimulator/flo\ Watch\ Watch\ App.build/assetcatalog_generated_info.plist_thinned --app-icon AppIconWatch --accent-color AccentColor --compress-pngs --enable-on-demand-resources YES --filter-for-thinning-device-configuration iPhone18,1 --filter-for-device-os-version 26.4 --development-region en --target-device watch --minimum-deployment-target 10.6 --platform watchsimulator
/* com.apple.actool.compilation-results */
/var/folders/g2/4t2t7ssj3n3_v2xrl935g8sh0000gn/T/flo-derived.tr2gd7/Build/Intermediates.noindex/flo.build/Debug-watchsimulator/flo Watch Watch App.build/assetcatalog_generated_info.plist_thinned
/var/folders/g2/4t2t7ssj3n3_v2xrl935g8sh0000gn/T/flo-derived.tr2gd7/Build/Intermediates.noindex/flo.build/Debug-watchsimulator/flo Watch Watch App.build/assetcatalog_output/thinned/Assets.car


ProcessInfoPlistFile /var/folders/g2/4t2t7ssj3n3_v2xrl935g8sh0000gn/T/flo-derived.tr2gd7/Build/Products/Debug-iphonesimulator/Alamofire_Alamofire.bundle/Info.plist /var/folders/g2/4t2t7ssj3n3_v2xrl935g8sh0000gn/T/flo-derived.tr2gd7/Build/Intermediates.noindex/Alamofire.build/Debug-iphonesimulator/Alamofire_Alamofire.build/empty-Alamofire_Alamofire.plist (in target 'Alamofire_Alamofire' from project 'Alamofire')
    cd /var/folders/g2/4t2t7ssj3n3_v2xrl935g8sh0000gn/T/flo-derived.tr2gd7/SourcePackages/checkouts/Alamofire
    builtin-infoPlistUtility /var/folders/g2/4t2t7ssj3n3_v2xrl935g8sh0000gn/T/flo-derived.tr2gd7/Build/Intermediates.noindex/Alamofire.build/Debug-iphonesimulator/Alamofire_Alamofire.build/empty-Alamofire_Alamofire.plist -producttype com.apple.product-type.bundle -expandbuildsettings -format binary -platform iphonesimulator -o /var/folders/g2/4t2t7ssj3n3_v2xrl935g8sh0000gn/T/flo-derived.tr2gd7/Build/Products/Debug-iphonesimulator/Alamofire_Alamofire.bundle/Info.plist

CpResource /var/folders/g2/4t2t7ssj3n3_v2xrl935g8sh0000gn/T/flo-derived.tr2gd7/Build/Products/Debug-iphonesimulator/Alamofire_Alamofire.bundle/PrivacyInfo.xcprivacy /var/folders/g2/4t2t7ssj3n3_v2xrl935g8sh0000gn/T/flo-derived.tr2gd7/SourcePackages/checkouts/Alamofire/Source/PrivacyInfo.xcprivacy (in target 'Alamofire_Alamofire' from project 'Alamofire')
    cd /var/folders/g2/4t2t7ssj3n3_v2xrl935g8sh0000gn/T/flo-derived.tr2gd7/SourcePackages/checkouts/Alamofire
    builtin-copy -exclude .DS_Store -exclude CVS -exclude .svn -exclude .git -exclude .hg -resolve-src-symlinks /var/folders/g2/4t2t7ssj3n3_v2xrl935g8sh0000gn/T/flo-derived.tr2gd7/SourcePackages/checkouts/Alamofire/Source/PrivacyInfo.xcprivacy /var/folders/g2/4t2t7ssj3n3_v2xrl935g8sh0000gn/T/flo-derived.tr2gd7/Build/Products/Debug-iphonesimulator/Alamofire_Alamofire.bundle

RegisterExecutionPolicyException /var/folders/g2/4t2t7ssj3n3_v2xrl935g8sh0000gn/T/flo-derived.tr2gd7/Build/Products/Debug-iphonesimulator/Alamofire_Alamofire.bundle (in target 'Alamofire_Alamofire' from project 'Alamofire')
    cd /var/folders/g2/4t2t7ssj3n3_v2xrl935g8sh0000gn/T/flo-derived.tr2gd7/SourcePackages/checkouts/Alamofire
    builtin-RegisterExecutionPolicyException /var/folders/g2/4t2t7ssj3n3_v2xrl935g8sh0000gn/T/flo-derived.tr2gd7/Build/Products/Debug-iphonesimulator/Alamofire_Alamofire.bundle

CreateUniversalBinary /var/folders/g2/4t2t7ssj3n3_v2xrl935g8sh0000gn/T/flo-derived.tr2gd7/Build/Products/Debug-watchsimulator/flo\ Watch\ Watch\ App.app/__preview.dylib normal arm64\ x86_64 (in target 'flo Watch Watch App' from project 'flo')
    cd /tmp/flo-empty
    /Applications/Xcode.app/Contents/Developer/Toolchains/XcodeDefault.xctoolchain/usr/bin/lipo -create /var/folders/g2/4t2t7ssj3n3_v2xrl935g8sh0000gn/T/flo-derived.tr2gd7/Build/Intermediates.noindex/flo.build/Debug-watchsimulator/flo\ Watch\ Watch\ App.build/Objects-normal/arm64/Binary/__preview.dylib /var/folders/g2/4t2t7ssj3n3_v2xrl935g8sh0000gn/T/flo-derived.tr2gd7/Build/Intermediates.noindex/flo.build/Debug-watchsimulator/flo\ Watch\ Watch\ App.build/Objects-normal/x86_64/Binary/__preview.dylib -output /var/folders/g2/4t2t7ssj3n3_v2xrl935g8sh0000gn/T/flo-derived.tr2gd7/Build/Products/Debug-watchsimulator/flo\ Watch\ Watch\ App.app/__preview.dylib

Touch /var/folders/g2/4t2t7ssj3n3_v2xrl935g8sh0000gn/T/flo-derived.tr2gd7/Build/Products/Debug-iphonesimulator/Alamofire_Alamofire.bundle (in target 'Alamofire_Alamofire' from project 'Alamofire')
    cd /var/folders/g2/4t2t7ssj3n3_v2xrl935g8sh0000gn/T/flo-derived.tr2gd7/SourcePackages/checkouts/Alamofire
    /usr/bin/touch -c /var/folders/g2/4t2t7ssj3n3_v2xrl935g8sh0000gn/T/flo-derived.tr2gd7/Build/Products/Debug-iphonesimulator/Alamofire_Alamofire.bundle

SwiftDriver flo\ Watch\ Watch\ App normal x86_64 com.apple.xcode.tools.swift.compiler (in target 'flo Watch Watch App' from project 'flo')
    cd /tmp/flo-empty
    builtin-SwiftDriver -- /Applications/Xcode.app/Contents/Developer/Toolchains/XcodeDefault.xctoolchain/usr/bin/swiftc -module-name flo_Watch_Watch_App -Onone @/var/folders/g2/4t2t7ssj3n3_v2xrl935g8sh0000gn/T/flo-derived.tr2gd7/Build/Intermediates.noindex/flo.build/Debug-watchsimulator/flo\ Watch\ Watch\ App.build/Objects-normal/x86_64/flo\ Watch\ Watch\ App.SwiftFileList -DDEBUG -default-isolation\=MainActor -enable-bare-slash-regex -enable-upcoming-feature DisableOutwardActorInference -enable-upcoming-feature InferSendableFromCaptures -enable-upcoming-feature GlobalActorIsolatedTypesUsability -enable-upcoming-feature MemberImportVisibility -enable-upcoming-feature InferIsolatedConformances -enable-upcoming-feature NonisolatedNonsendingByDefault -enable-experimental-feature DebugDescriptionMacro -sdk /Applications/Xcode.app/Contents/Developer/Platforms/WatchSimulator.platform/Developer/SDKs/WatchSimulator26.4.sdk -target x86_64-apple-watchos10.6-simulator -g -module-cache-path /var/folders/g2/4t2t7ssj3n3_v2xrl935g8sh0000gn/T/flo-derived.tr2gd7/ModuleCache.noindex -Xfrontend -serialize-debugging-options -enable-testing -index-store-path /var/folders/g2/4t2t7ssj3n3_v2xrl935g8sh0000gn/T/flo-derived.tr2gd7/Index.noindex/DataStore -Xcc -D_LIBCPP_HARDENING_MODE\=_LIBCPP_HARDENING_MODE_DEBUG -swift-version 5 -I /var/folders/g2/4t2t7ssj3n3_v2xrl935g8sh0000gn/T/flo-derived.tr2gd7/Build/Products/Debug-watchsimulator -F /var/folders/g2/4t2t7ssj3n3_v2xrl935g8sh0000gn/T/flo-derived.tr2gd7/Build/Products/Debug-watchsimulator -emit-localized-strings -emit-localized-strings-path /var/folders/g2/4t2t7ssj3n3_v2xrl935g8sh0000gn/T/flo-derived.tr2gd7/Build/Intermediates.noindex/flo.build/Debug-watchsimulator/flo\ Watch\ Watch\ App.build/Objects-normal/x86_64 -c -j12 -enable-batch-mode -incremental -Xcc -ivfsstatcache -Xcc /var/folders/g2/4t2t7ssj3n3_v2xrl935g8sh0000gn/T/flo-derived.tr2gd7/SDKStatCaches.noindex/watchsimulator26.4-23T238-8aa186fa658f8d2cb200b6f26918d89b.sdkstatcache -output-file-map /var/folders/g2/4t2t7ssj3n3_v2xrl935g8sh0000gn/T/flo-derived.tr2gd7/Build/Intermediates.noindex/flo.build/Debug-watchsimulator/flo\ Watch\ Watch\ App.build/Objects-normal/x86_64/flo\ Watch\ Watch\ App-OutputFileMap.json -use-frontend-parseable-output -save-temps -no-color-diagnostics -explicit-module-build -module-cache-path /var/folders/g2/4t2t7ssj3n3_v2xrl935g8sh0000gn/T/flo-derived.tr2gd7/Build/Intermediates.noindex/SwiftExplicitPrecompiledModules -clang-scanner-module-cache-path /var/folders/g2/4t2t7ssj3n3_v2xrl935g8sh0000gn/T/flo-derived.tr2gd7/ModuleCache.noindex -sdk-module-cache-path /var/folders/g2/4t2t7ssj3n3_v2xrl935g8sh0000gn/T/flo-derived.tr2gd7/ModuleCache.noindex -serialize-diagnostics -emit-dependencies -emit-module -emit-module-path /var/folders/g2/4t2t7ssj3n3_v2xrl935g8sh0000gn/T/flo-derived.tr2gd7/Build/Intermediates.noindex/flo.build/Debug-watchsimulator/flo\ Watch\ Watch\ App.build/Objects-normal/x86_64/flo_Watch_Watch_App.swiftmodule -validate-clang-modules-once -clang-build-session-file /var/folders/g2/4t2t7ssj3n3_v2xrl935g8sh0000gn/T/flo-derived.tr2gd7/ModuleCache.noindex/Session.modulevalidation -Xcc -I/var/folders/g2/4t2t7ssj3n3_v2xrl935g8sh0000gn/T/flo-derived.tr2gd7/Build/Intermediates.noindex/flo.build/Debug-watchsimulator/flo\ Watch\ Watch\ App.build/swift-overrides.hmap -emit-const-values -Xfrontend -const-gather-protocols-file -Xfrontend /var/folders/g2/4t2t7ssj3n3_v2xrl935g8sh0000gn/T/flo-derived.tr2gd7/Build/Intermediates.noindex/flo.build/Debug-watchsimulator/flo\ Watch\ Watch\ App.build/Objects-normal/x86_64/flo\ Watch\ Watch\ App_const_extract_protocols.json -Xcc -iquote -Xcc /var/folders/g2/4t2t7ssj3n3_v2xrl935g8sh0000gn/T/flo-derived.tr2gd7/Build/Intermediates.noindex/flo.build/Debug-watchsimulator/flo\ Watch\ Watch\ App.build/flo\ Watch\ Watch\ App-generated-files.hmap -Xcc -I/var/folders/g2/4t2t7ssj3n3_v2xrl935g8sh0000gn/T/flo-derived.tr2gd7/Build/Intermediates.noindex/flo.build/Debug-watchsimulator/flo\ Watch\ Watch\ App.build/flo\ Watch\ Watch\ App-own-target-headers.hmap -Xcc -I/var/folders/g2/4t2t7ssj3n3_v2xrl935g8sh0000gn/T/flo-derived.tr2gd7/Build/Intermediates.noindex/flo.build/Debug-watchsimulator/flo\ Watch\ Watch\ App.build/flo\ Watch\ Watch\ App-all-non-framework-target-headers.hmap -Xcc -ivfsoverlay -Xcc /var/folders/g2/4t2t7ssj3n3_v2xrl935g8sh0000gn/T/flo-derived.tr2gd7/Build/Intermediates.noindex/flo.build/Debug-watchsimulator/flo-e42aa0d01e01bbf82526ab4968c4bed2-VFS-watchsimulator/all-product-headers.yaml -Xcc -iquote -Xcc /var/folders/g2/4t2t7ssj3n3_v2xrl935g8sh0000gn/T/flo-derived.tr2gd7/Build/Intermediates.noindex/flo.build/Debug-watchsimulator/flo\ Watch\ Watch\ App.build/flo\ Watch\ Watch\ App-project-headers.hmap -Xcc -I/var/folders/g2/4t2t7ssj3n3_v2xrl935g8sh0000gn/T/flo-derived.tr2gd7/Build/Products/Debug-watchsimulator/include -Xcc -I/var/folders/g2/4t2t7ssj3n3_v2xrl935g8sh0000gn/T/flo-derived.tr2gd7/Build/Intermediates.noindex/flo.build/Debug-watchsimulator/flo\ Watch\ Watch\ App.build/DerivedSources-normal/x86_64 -Xcc -I/var/folders/g2/4t2t7ssj3n3_v2xrl935g8sh0000gn/T/flo-derived.tr2gd7/Build/Intermediates.noindex/flo.build/Debug-watchsimulator/flo\ Watch\ Watch\ App.build/DerivedSources/x86_64 -Xcc -I/var/folders/g2/4t2t7ssj3n3_v2xrl935g8sh0000gn/T/flo-derived.tr2gd7/Build/Intermediates.noindex/flo.build/Debug-watchsimulator/flo\ Watch\ Watch\ App.build/DerivedSources -Xcc -DDEBUG\=1 -emit-objc-header -emit-objc-header-path /var/folders/g2/4t2t7ssj3n3_v2xrl935g8sh0000gn/T/flo-derived.tr2gd7/Build/Intermediates.noindex/flo.build/Debug-watchsimulator/flo\ Watch\ Watch\ App.build/Objects-normal/x86_64/flo_Watch_Watch_App-Swift.h -working-directory /tmp/flo-empty -experimental-emit-module-separately -disable-cmo

SwiftDriver flo\ Watch\ Watch\ App normal arm64 com.apple.xcode.tools.swift.compiler (in target 'flo Watch Watch App' from project 'flo')
    cd /tmp/flo-empty
    builtin-SwiftDriver -- /Applications/Xcode.app/Contents/Developer/Toolchains/XcodeDefault.xctoolchain/usr/bin/swiftc -module-name flo_Watch_Watch_App -Onone @/var/folders/g2/4t2t7ssj3n3_v2xrl935g8sh0000gn/T/flo-derived.tr2gd7/Build/Intermediates.noindex/flo.build/Debug-watchsimulator/flo\ Watch\ Watch\ App.build/Objects-normal/arm64/flo\ Watch\ Watch\ App.SwiftFileList -DDEBUG -default-isolation\=MainActor -enable-bare-slash-regex -enable-upcoming-feature DisableOutwardActorInference -enable-upcoming-feature InferSendableFromCaptures -enable-upcoming-feature GlobalActorIsolatedTypesUsability -enable-upcoming-feature MemberImportVisibility -enable-upcoming-feature InferIsolatedConformances -enable-upcoming-feature NonisolatedNonsendingByDefault -enable-experimental-feature DebugDescriptionMacro -sdk /Applications/Xcode.app/Contents/Developer/Platforms/WatchSimulator.platform/Developer/SDKs/WatchSimulator26.4.sdk -target arm64-apple-watchos10.6-simulator -g -module-cache-path /var/folders/g2/4t2t7ssj3n3_v2xrl935g8sh0000gn/T/flo-derived.tr2gd7/ModuleCache.noindex -Xfrontend -serialize-debugging-options -enable-testing -index-store-path /var/folders/g2/4t2t7ssj3n3_v2xrl935g8sh0000gn/T/flo-derived.tr2gd7/Index.noindex/DataStore -Xcc -D_LIBCPP_HARDENING_MODE\=_LIBCPP_HARDENING_MODE_DEBUG -swift-version 5 -I /var/folders/g2/4t2t7ssj3n3_v2xrl935g8sh0000gn/T/flo-derived.tr2gd7/Build/Products/Debug-watchsimulator -F /var/folders/g2/4t2t7ssj3n3_v2xrl935g8sh0000gn/T/flo-derived.tr2gd7/Build/Products/Debug-watchsimulator -emit-localized-strings -emit-localized-strings-path /var/folders/g2/4t2t7ssj3n3_v2xrl935g8sh0000gn/T/flo-derived.tr2gd7/Build/Intermediates.noindex/flo.build/Debug-watchsimulator/flo\ Watch\ Watch\ App.build/Objects-normal/arm64 -c -j12 -enable-batch-mode -incremental -Xcc -ivfsstatcache -Xcc /var/folders/g2/4t2t7ssj3n3_v2xrl935g8sh0000gn/T/flo-derived.tr2gd7/SDKStatCaches.noindex/watchsimulator26.4-23T238-8aa186fa658f8d2cb200b6f26918d89b.sdkstatcache -output-file-map /var/folders/g2/4t2t7ssj3n3_v2xrl935g8sh0000gn/T/flo-derived.tr2gd7/Build/Intermediates.noindex/flo.build/Debug-watchsimulator/flo\ Watch\ Watch\ App.build/Objects-normal/arm64/flo\ Watch\ Watch\ App-OutputFileMap.json -use-frontend-parseable-output -save-temps -no-color-diagnostics -explicit-module-build -module-cache-path /var/folders/g2/4t2t7ssj3n3_v2xrl935g8sh0000gn/T/flo-derived.tr2gd7/Build/Intermediates.noindex/SwiftExplicitPrecompiledModules -clang-scanner-module-cache-path /var/folders/g2/4t2t7ssj3n3_v2xrl935g8sh0000gn/T/flo-derived.tr2gd7/ModuleCache.noindex -sdk-module-cache-path /var/folders/g2/4t2t7ssj3n3_v2xrl935g8sh0000gn/T/flo-derived.tr2gd7/ModuleCache.noindex -serialize-diagnostics -emit-dependencies -emit-module -emit-module-path /var/folders/g2/4t2t7ssj3n3_v2xrl935g8sh0000gn/T/flo-derived.tr2gd7/Build/Intermediates.noindex/flo.build/Debug-watchsimulator/flo\ Watch\ Watch\ App.build/Objects-normal/arm64/flo_Watch_Watch_App.swiftmodule -validate-clang-modules-once -clang-build-session-file /var/folders/g2/4t2t7ssj3n3_v2xrl935g8sh0000gn/T/flo-derived.tr2gd7/ModuleCache.noindex/Session.modulevalidation -Xcc -I/var/folders/g2/4t2t7ssj3n3_v2xrl935g8sh0000gn/T/flo-derived.tr2gd7/Build/Intermediates.noindex/flo.build/Debug-watchsimulator/flo\ Watch\ Watch\ App.build/swift-overrides.hmap -emit-const-values -Xfrontend -const-gather-protocols-file -Xfrontend /var/folders/g2/4t2t7ssj3n3_v2xrl935g8sh0000gn/T/flo-derived.tr2gd7/Build/Intermediates.noindex/flo.build/Debug-watchsimulator/flo\ Watch\ Watch\ App.build/Objects-normal/arm64/flo\ Watch\ Watch\ App_const_extract_protocols.json -Xcc -iquote -Xcc /var/folders/g2/4t2t7ssj3n3_v2xrl935g8sh0000gn/T/flo-derived.tr2gd7/Build/Intermediates.noindex/flo.build/Debug-watchsimulator/flo\ Watch\ Watch\ App.build/flo\ Watch\ Watch\ App-generated-files.hmap -Xcc -I/var/folders/g2/4t2t7ssj3n3_v2xrl935g8sh0000gn/T/flo-derived.tr2gd7/Build/Intermediates.noindex/flo.build/Debug-watchsimulator/flo\ Watch\ Watch\ App.build/flo\ Watch\ Watch\ App-own-target-headers.hmap -Xcc -I/var/folders/g2/4t2t7ssj3n3_v2xrl935g8sh0000gn/T/flo-derived.tr2gd7/Build/Intermediates.noindex/flo.build/Debug-watchsimulator/flo\ Watch\ Watch\ App.build/flo\ Watch\ Watch\ App-all-non-framework-target-headers.hmap -Xcc -ivfsoverlay -Xcc /var/folders/g2/4t2t7ssj3n3_v2xrl935g8sh0000gn/T/flo-derived.tr2gd7/Build/Intermediates.noindex/flo.build/Debug-watchsimulator/flo-e42aa0d01e01bbf82526ab4968c4bed2-VFS-watchsimulator/all-product-headers.yaml -Xcc -iquote -Xcc /var/folders/g2/4t2t7ssj3n3_v2xrl935g8sh0000gn/T/flo-derived.tr2gd7/Build/Intermediates.noindex/flo.build/Debug-watchsimulator/flo\ Watch\ Watch\ App.build/flo\ Watch\ Watch\ App-project-headers.hmap -Xcc -I/var/folders/g2/4t2t7ssj3n3_v2xrl935g8sh0000gn/T/flo-derived.tr2gd7/Build/Products/Debug-watchsimulator/include -Xcc -I/var/folders/g2/4t2t7ssj3n3_v2xrl935g8sh0000gn/T/flo-derived.tr2gd7/Build/Intermediates.noindex/flo.build/Debug-watchsimulator/flo\ Watch\ Watch\ App.build/DerivedSources-normal/arm64 -Xcc -I/var/folders/g2/4t2t7ssj3n3_v2xrl935g8sh0000gn/T/flo-derived.tr2gd7/Build/Intermediates.noindex/flo.build/Debug-watchsimulator/flo\ Watch\ Watch\ App.build/DerivedSources/arm64 -Xcc -I/var/folders/g2/4t2t7ssj3n3_v2xrl935g8sh0000gn/T/flo-derived.tr2gd7/Build/Intermediates.noindex/flo.build/Debug-watchsimulator/flo\ Watch\ Watch\ App.build/DerivedSources -Xcc -DDEBUG\=1 -emit-objc-header -emit-objc-header-path /var/folders/g2/4t2t7ssj3n3_v2xrl935g8sh0000gn/T/flo-derived.tr2gd7/Build/Intermediates.noindex/flo.build/Debug-watchsimulator/flo\ Watch\ Watch\ App.build/Objects-normal/arm64/flo_Watch_Watch_App-Swift.h -working-directory /tmp/flo-empty -experimental-emit-module-separately -disable-cmo

SwiftDriver Nuke normal x86_64 com.apple.xcode.tools.swift.compiler (in target 'Nuke' from project 'Nuke')
    cd /tmp/flo-empty/flo.xcodeproj
    builtin-SwiftDriver -- /Applications/Xcode.app/Contents/Developer/Toolchains/XcodeDefault.xctoolchain/usr/bin/swiftc -module-name Nuke -Onone @/var/folders/g2/4t2t7ssj3n3_v2xrl935g8sh0000gn/T/flo-derived.tr2gd7/Build/Intermediates.noindex/Nuke.build/Debug-iphonesimulator/Nuke.build/Objects-normal/x86_64/Nuke.SwiftFileList -DSWIFT_PACKAGE -DDEBUG -DSWIFT_MODULE_RESOURCE_BUNDLE_UNAVAILABLE -DXcode -plugin-path /Applications/Xcode.app/Contents/Developer/Toolchains/XcodeDefault.xctoolchain/usr/lib/swift/host/plugins/testing -enable-experimental-feature DebugDescriptionMacro -sdk /Applications/Xcode.app/Contents/Developer/Platforms/iPhoneSimulator.platform/Developer/SDKs/iPhoneSimulator26.4.sdk -target x86_64-apple-ios13.0-simulator -g -module-cache-path /var/folders/g2/4t2t7ssj3n3_v2xrl935g8sh0000gn/T/flo-derived.tr2gd7/ModuleCache.noindex -Xfrontend -serialize-debugging-options -enable-testing -suppress-warnings -index-store-path /var/folders/g2/4t2t7ssj3n3_v2xrl935g8sh0000gn/T/flo-derived.tr2gd7/Index.noindex/DataStore -Xcc -D_LIBCPP_HARDENING_MODE\=_LIBCPP_HARDENING_MODE_DEBUG -swift-version 5 -I /var/folders/g2/4t2t7ssj3n3_v2xrl935g8sh0000gn/T/flo-derived.tr2gd7/Build/Products/Debug-iphonesimulator -Isystem /Applications/Xcode.app/Contents/Developer/Platforms/iPhoneSimulator.platform/Developer/usr/lib -F /var/folders/g2/4t2t7ssj3n3_v2xrl935g8sh0000gn/T/flo-derived.tr2gd7/Build/Products/Debug-iphonesimulator -F /Applications/Xcode.app/Contents/Developer/Platforms/iPhoneSimulator.platform/Developer/Library/Frameworks -F /Applications/Xcode.app/Contents/Developer/Platforms/iPhoneSimulator.platform/Developer/SDKs/iPhoneSimulator26.4.sdk/Developer/Library/Frameworks -c -j12 -enable-batch-mode -incremental -Xcc -ivfsstatcache -Xcc /var/folders/g2/4t2t7ssj3n3_v2xrl935g8sh0000gn/T/flo-derived.tr2gd7/SDKStatCaches.noindex/iphonesimulator26.4-23E237-686eebb5dc1d8ecb277353a59184f4aa.sdkstatcache -output-file-map /var/folders/g2/4t2t7ssj3n3_v2xrl935g8sh0000gn/T/flo-derived.tr2gd7/Build/Intermediates.noindex/Nuke.build/Debug-iphonesimulator/Nuke.build/Objects-normal/x86_64/Nuke-OutputFileMap.json -use-frontend-parseable-output -save-temps -no-color-diagnostics -explicit-module-build -module-cache-path /var/folders/g2/4t2t7ssj3n3_v2xrl935g8sh0000gn/T/flo-derived.tr2gd7/Build/Intermediates.noindex/SwiftExplicitPrecompiledModules -clang-scanner-module-cache-path /var/folders/g2/4t2t7ssj3n3_v2xrl935g8sh0000gn/T/flo-derived.tr2gd7/ModuleCache.noindex -sdk-module-cache-path /var/folders/g2/4t2t7ssj3n3_v2xrl935g8sh0000gn/T/flo-derived.tr2gd7/ModuleCache.noindex -serialize-diagnostics -emit-dependencies -emit-module -emit-module-path /var/folders/g2/4t2t7ssj3n3_v2xrl935g8sh0000gn/T/flo-derived.tr2gd7/Build/Intermediates.noindex/Nuke.build/Debug-iphonesimulator/Nuke.build/Objects-normal/x86_64/Nuke.swiftmodule -validate-clang-modules-once -clang-build-session-file /var/folders/g2/4t2t7ssj3n3_v2xrl935g8sh0000gn/T/flo-derived.tr2gd7/ModuleCache.noindex/Session.modulevalidation -package-name nuke -Xcc -I/var/folders/g2/4t2t7ssj3n3_v2xrl935g8sh0000gn/T/flo-derived.tr2gd7/Build/Intermediates.noindex/Nuke.build/Debug-iphonesimulator/Nuke.build/swift-overrides.hmap -emit-const-values -Xfrontend -const-gather-protocols-file -Xfrontend /var/folders/g2/4t2t7ssj3n3_v2xrl935g8sh0000gn/T/flo-derived.tr2gd7/Build/Intermediates.noindex/Nuke.build/Debug-iphonesimulator/Nuke.build/Objects-normal/x86_64/Nuke_const_extract_protocols.json -Xcc -I/var/folders/g2/4t2t7ssj3n3_v2xrl935g8sh0000gn/T/flo-derived.tr2gd7/Build/Products/Debug-iphonesimulator/include -Xcc -I/var/folders/g2/4t2t7ssj3n3_v2xrl935g8sh0000gn/T/flo-derived.tr2gd7/Build/Intermediates.noindex/Nuke.build/Debug-iphonesimulator/Nuke.build/DerivedSources-normal/x86_64 -Xcc -I/var/folders/g2/4t2t7ssj3n3_v2xrl935g8sh0000gn/T/flo-derived.tr2gd7/Build/Intermediates.noindex/Nuke.build/Debug-iphonesimulator/Nuke.build/DerivedSources/x86_64 -Xcc -I/var/folders/g2/4t2t7ssj3n3_v2xrl935g8sh0000gn/T/flo-derived.tr2gd7/Build/Intermediates.noindex/Nuke.build/Debug-iphonesimulator/Nuke.build/DerivedSources -Xcc -DSWIFT_PACKAGE -Xcc -DDEBUG\=1 -emit-objc-header -emit-objc-header-path /var/folders/g2/4t2t7ssj3n3_v2xrl935g8sh0000gn/T/flo-derived.tr2gd7/Build/Intermediates.noindex/Nuke.build/Debug-iphonesimulator/Nuke.build/Objects-normal/x86_64/Nuke-Swift.h -working-directory /tmp/flo-empty/flo.xcodeproj -experimental-emit-module-separately -disable-cmo

SwiftDriver Pulse normal x86_64 com.apple.xcode.tools.swift.compiler (in target 'Pulse' from project 'Pulse')
    cd /tmp/flo-empty/flo.xcodeproj
    builtin-SwiftDriver -- /Applications/Xcode.app/Contents/Developer/Toolchains/XcodeDefault.xctoolchain/usr/bin/swiftc -module-name Pulse -Onone @/var/folders/g2/4t2t7ssj3n3_v2xrl935g8sh0000gn/T/flo-derived.tr2gd7/Build/Intermediates.noindex/Pulse.build/Debug-iphonesimulator/Pulse.build/Objects-normal/x86_64/Pulse.SwiftFileList -DSWIFT_PACKAGE -DDEBUG -DSWIFT_MODULE_RESOURCE_BUNDLE_UNAVAILABLE -DXcode -plugin-path /Applications/Xcode.app/Contents/Developer/Toolchains/XcodeDefault.xctoolchain/usr/lib/swift/host/plugins/testing -enable-experimental-feature DebugDescriptionMacro -sdk /Applications/Xcode.app/Contents/Developer/Platforms/iPhoneSimulator.platform/Developer/SDKs/iPhoneSimulator26.4.sdk -target x86_64-apple-ios15.0-simulator -g -module-cache-path /var/folders/g2/4t2t7ssj3n3_v2xrl935g8sh0000gn/T/flo-derived.tr2gd7/ModuleCache.noindex -Xfrontend -serialize-debugging-options -enable-testing -suppress-warnings -index-store-path /var/folders/g2/4t2t7ssj3n3_v2xrl935g8sh0000gn/T/flo-derived.tr2gd7/Index.noindex/DataStore -Xcc -D_LIBCPP_HARDENING_MODE\=_LIBCPP_HARDENING_MODE_DEBUG -swift-version 5 -I /var/folders/g2/4t2t7ssj3n3_v2xrl935g8sh0000gn/T/flo-derived.tr2gd7/Build/Products/Debug-iphonesimulator -Isystem /Applications/Xcode.app/Contents/Developer/Platforms/iPhoneSimulator.platform/Developer/usr/lib -F /var/folders/g2/4t2t7ssj3n3_v2xrl935g8sh0000gn/T/flo-derived.tr2gd7/Build/Products/Debug-iphonesimulator -F /Applications/Xcode.app/Contents/Developer/Platforms/iPhoneSimulator.platform/Developer/Library/Frameworks -F /Applications/Xcode.app/Contents/Developer/Platforms/iPhoneSimulator.platform/Developer/SDKs/iPhoneSimulator26.4.sdk/Developer/Library/Frameworks -c -j12 -enable-batch-mode -incremental -Xcc -ivfsstatcache -Xcc /var/folders/g2/4t2t7ssj3n3_v2xrl935g8sh0000gn/T/flo-derived.tr2gd7/SDKStatCaches.noindex/iphonesimulator26.4-23E237-686eebb5dc1d8ecb277353a59184f4aa.sdkstatcache -output-file-map /var/folders/g2/4t2t7ssj3n3_v2xrl935g8sh0000gn/T/flo-derived.tr2gd7/Build/Intermediates.noindex/Pulse.build/Debug-iphonesimulator/Pulse.build/Objects-normal/x86_64/Pulse-OutputFileMap.json -use-frontend-parseable-output -save-temps -no-color-diagnostics -explicit-module-build -module-cache-path /var/folders/g2/4t2t7ssj3n3_v2xrl935g8sh0000gn/T/flo-derived.tr2gd7/Build/Intermediates.noindex/SwiftExplicitPrecompiledModules -clang-scanner-module-cache-path /var/folders/g2/4t2t7ssj3n3_v2xrl935g8sh0000gn/T/flo-derived.tr2gd7/ModuleCache.noindex -sdk-module-cache-path /var/folders/g2/4t2t7ssj3n3_v2xrl935g8sh0000gn/T/flo-derived.tr2gd7/ModuleCache.noindex -serialize-diagnostics -emit-dependencies -emit-module -emit-module-path /var/folders/g2/4t2t7ssj3n3_v2xrl935g8sh0000gn/T/flo-derived.tr2gd7/Build/Intermediates.noindex/Pulse.build/Debug-iphonesimulator/Pulse.build/Objects-normal/x86_64/Pulse.swiftmodule -validate-clang-modules-once -clang-build-session-file /var/folders/g2/4t2t7ssj3n3_v2xrl935g8sh0000gn/T/flo-derived.tr2gd7/ModuleCache.noindex/Session.modulevalidation -package-name pulse -Xcc -I/var/folders/g2/4t2t7ssj3n3_v2xrl935g8sh0000gn/T/flo-derived.tr2gd7/Build/Intermediates.noindex/Pulse.build/Debug-iphonesimulator/Pulse.build/swift-overrides.hmap -emit-const-values -Xfrontend -const-gather-protocols-file -Xfrontend /var/folders/g2/4t2t7ssj3n3_v2xrl935g8sh0000gn/T/flo-derived.tr2gd7/Build/Intermediates.noindex/Pulse.build/Debug-iphonesimulator/Pulse.build/Objects-normal/x86_64/Pulse_const_extract_protocols.json -Xcc -I/var/folders/g2/4t2t7ssj3n3_v2xrl935g8sh0000gn/T/flo-derived.tr2gd7/Build/Products/Debug-iphonesimulator/include -Xcc -I/var/folders/g2/4t2t7ssj3n3_v2xrl935g8sh0000gn/T/flo-derived.tr2gd7/Build/Intermediates.noindex/Pulse.build/Debug-iphonesimulator/Pulse.build/DerivedSources-normal/x86_64 -Xcc -I/var/folders/g2/4t2t7ssj3n3_v2xrl935g8sh0000gn/T/flo-derived.tr2gd7/Build/Intermediates.noindex/Pulse.build/Debug-iphonesimulator/Pulse.build/DerivedSources/x86_64 -Xcc -I/var/folders/g2/4t2t7ssj3n3_v2xrl935g8sh0000gn/T/flo-derived.tr2gd7/Build/Intermediates.noindex/Pulse.build/Debug-iphonesimulator/Pulse.build/DerivedSources -Xcc -DSWIFT_PACKAGE -Xcc -DDEBUG\=1 -emit-objc-header -emit-objc-header-path /var/folders/g2/4t2t7ssj3n3_v2xrl935g8sh0000gn/T/flo-derived.tr2gd7/Build/Intermediates.noindex/Pulse.build/Debug-iphonesimulator/Pulse.build/Objects-normal/x86_64/Pulse-Swift.h -working-directory /tmp/flo-empty/flo.xcodeproj -experimental-emit-module-separately -disable-cmo

SwiftDriver KeychainAccess normal x86_64 com.apple.xcode.tools.swift.compiler (in target 'KeychainAccess' from project 'KeychainAccess')
    cd /tmp/flo-empty/flo.xcodeproj
    builtin-SwiftDriver -- /Applications/Xcode.app/Contents/Developer/Toolchains/XcodeDefault.xctoolchain/usr/bin/swiftc -module-name KeychainAccess -Onone @/var/folders/g2/4t2t7ssj3n3_v2xrl935g8sh0000gn/T/flo-derived.tr2gd7/Build/Intermediates.noindex/KeychainAccess.build/Debug-iphonesimulator/KeychainAccess.build/Objects-normal/x86_64/KeychainAccess.SwiftFileList -DSWIFT_PACKAGE -DDEBUG -DSWIFT_MODULE_RESOURCE_BUNDLE_UNAVAILABLE -DXcode -plugin-path /Applications/Xcode.app/Contents/Developer/Toolchains/XcodeDefault.xctoolchain/usr/lib/swift/host/plugins/testing -enable-experimental-feature DebugDescriptionMacro -sdk /Applications/Xcode.app/Contents/Developer/Platforms/iPhoneSimulator.platform/Developer/SDKs/iPhoneSimulator26.4.sdk -target x86_64-apple-ios12.0-simulator -g -module-cache-path /var/folders/g2/4t2t7ssj3n3_v2xrl935g8sh0000gn/T/flo-derived.tr2gd7/ModuleCache.noindex -Xfrontend -serialize-debugging-options -enable-testing -suppress-warnings -index-store-path /var/folders/g2/4t2t7ssj3n3_v2xrl935g8sh0000gn/T/flo-derived.tr2gd7/Index.noindex/DataStore -Xcc -D_LIBCPP_HARDENING_MODE\=_LIBCPP_HARDENING_MODE_DEBUG -swift-version 5 -I /var/folders/g2/4t2t7ssj3n3_v2xrl935g8sh0000gn/T/flo-derived.tr2gd7/Build/Products/Debug-iphonesimulator -Isystem /Applications/Xcode.app/Contents/Developer/Platforms/iPhoneSimulator.platform/Developer/usr/lib -F /var/folders/g2/4t2t7ssj3n3_v2xrl935g8sh0000gn/T/flo-derived.tr2gd7/Build/Products/Debug-iphonesimulator -F /Applications/Xcode.app/Contents/Developer/Platforms/iPhoneSimulator.platform/Developer/Library/Frameworks -F /Applications/Xcode.app/Contents/Developer/Platforms/iPhoneSimulator.platform/Developer/SDKs/iPhoneSimulator26.4.sdk/Developer/Library/Frameworks -parse-as-library -c -j12 -enable-batch-mode -incremental -Xcc -ivfsstatcache -Xcc /var/folders/g2/4t2t7ssj3n3_v2xrl935g8sh0000gn/T/flo-derived.tr2gd7/SDKStatCaches.noindex/iphonesimulator26.4-23E237-686eebb5dc1d8ecb277353a59184f4aa.sdkstatcache -output-file-map /var/folders/g2/4t2t7ssj3n3_v2xrl935g8sh0000gn/T/flo-derived.tr2gd7/Build/Intermediates.noindex/KeychainAccess.build/Debug-iphonesimulator/KeychainAccess.build/Objects-normal/x86_64/KeychainAccess-OutputFileMap.json -use-frontend-parseable-output -save-temps -no-color-diagnostics -explicit-module-build -module-cache-path /var/folders/g2/4t2t7ssj3n3_v2xrl935g8sh0000gn/T/flo-derived.tr2gd7/Build/Intermediates.noindex/SwiftExplicitPrecompiledModules -clang-scanner-module-cache-path /var/folders/g2/4t2t7ssj3n3_v2xrl935g8sh0000gn/T/flo-derived.tr2gd7/ModuleCache.noindex -sdk-module-cache-path /var/folders/g2/4t2t7ssj3n3_v2xrl935g8sh0000gn/T/flo-derived.tr2gd7/ModuleCache.noindex -serialize-diagnostics -emit-dependencies -emit-module -emit-module-path /var/folders/g2/4t2t7ssj3n3_v2xrl935g8sh0000gn/T/flo-derived.tr2gd7/Build/Intermediates.noindex/KeychainAccess.build/Debug-iphonesimulator/KeychainAccess.build/Objects-normal/x86_64/KeychainAccess.swiftmodule -validate-clang-modules-once -clang-build-session-file /var/folders/g2/4t2t7ssj3n3_v2xrl935g8sh0000gn/T/flo-derived.tr2gd7/ModuleCache.noindex/Session.modulevalidation -Xcc -I/var/folders/g2/4t2t7ssj3n3_v2xrl935g8sh0000gn/T/flo-derived.tr2gd7/Build/Intermediates.noindex/KeychainAccess.build/Debug-iphonesimulator/KeychainAccess.build/swift-overrides.hmap -emit-const-values -Xfrontend -const-gather-protocols-file -Xfrontend /var/folders/g2/4t2t7ssj3n3_v2xrl935g8sh0000gn/T/flo-derived.tr2gd7/Build/Intermediates.noindex/KeychainAccess.build/Debug-iphonesimulator/KeychainAccess.build/Objects-normal/x86_64/KeychainAccess_const_extract_protocols.json -Xcc -I/var/folders/g2/4t2t7ssj3n3_v2xrl935g8sh0000gn/T/flo-derived.tr2gd7/Build/Products/Debug-iphonesimulator/include -Xcc -I/var/folders/g2/4t2t7ssj3n3_v2xrl935g8sh0000gn/T/flo-derived.tr2gd7/Build/Intermediates.noindex/KeychainAccess.build/Debug-iphonesimulator/KeychainAccess.build/DerivedSources-normal/x86_64 -Xcc -I/var/folders/g2/4t2t7ssj3n3_v2xrl935g8sh0000gn/T/flo-derived.tr2gd7/Build/Intermediates.noindex/KeychainAccess.build/Debug-iphonesimulator/KeychainAccess.build/DerivedSources/x86_64 -Xcc -I/var/folders/g2/4t2t7ssj3n3_v2xrl935g8sh0000gn/T/flo-derived.tr2gd7/Build/Intermediates.noindex/KeychainAccess.build/Debug-iphonesimulator/KeychainAccess.build/DerivedSources -Xcc -DSWIFT_PACKAGE -Xcc -DDEBUG\=1 -emit-objc-header -emit-objc-header-path /var/folders/g2/4t2t7ssj3n3_v2xrl935g8sh0000gn/T/flo-derived.tr2gd7/Build/Intermediates.noindex/KeychainAccess.build/Debug-iphonesimulator/KeychainAccess.build/Objects-normal/x86_64/KeychainAccess-Swift.h -working-directory /tmp/flo-empty/flo.xcodeproj -experimental-emit-module-separately -disable-cmo

SwiftDriver Alamofire normal x86_64 com.apple.xcode.tools.swift.compiler (in target 'Alamofire' from project 'Alamofire')
    cd /tmp/flo-empty/flo.xcodeproj
    builtin-SwiftDriver -- /Applications/Xcode.app/Contents/Developer/Toolchains/XcodeDefault.xctoolchain/usr/bin/swiftc -module-name Alamofire -Onone @/var/folders/g2/4t2t7ssj3n3_v2xrl935g8sh0000gn/T/flo-derived.tr2gd7/Build/Intermediates.noindex/Alamofire.build/Debug-iphonesimulator/Alamofire.build/Objects-normal/x86_64/Alamofire.SwiftFileList -DSWIFT_PACKAGE -DDEBUG -DSWIFT_MODULE_RESOURCE_BUNDLE_AVAILABLE -DXcode -plugin-path /Applications/Xcode.app/Contents/Developer/Toolchains/XcodeDefault.xctoolchain/usr/lib/swift/host/plugins/testing -enable-experimental-feature DebugDescriptionMacro -sdk /Applications/Xcode.app/Contents/Developer/Platforms/iPhoneSimulator.platform/Developer/SDKs/iPhoneSimulator26.4.sdk -target x86_64-apple-ios12.0-simulator -g -module-cache-path /var/folders/g2/4t2t7ssj3n3_v2xrl935g8sh0000gn/T/flo-derived.tr2gd7/ModuleCache.noindex -Xfrontend -serialize-debugging-options -enable-testing -suppress-warnings -index-store-path /var/folders/g2/4t2t7ssj3n3_v2xrl935g8sh0000gn/T/flo-derived.tr2gd7/Index.noindex/DataStore -Xcc -D_LIBCPP_HARDENING_MODE\=_LIBCPP_HARDENING_MODE_DEBUG -swift-version 5 -I /var/folders/g2/4t2t7ssj3n3_v2xrl935g8sh0000gn/T/flo-derived.tr2gd7/Build/Products/Debug-iphonesimulator -Isystem /Applications/Xcode.app/Contents/Developer/Platforms/iPhoneSimulator.platform/Developer/usr/lib -F /var/folders/g2/4t2t7ssj3n3_v2xrl935g8sh0000gn/T/flo-derived.tr2gd7/Build/Products/Debug-iphonesimulator -F /Applications/Xcode.app/Contents/Developer/Platforms/iPhoneSimulator.platform/Developer/Library/Frameworks -F /Applications/Xcode.app/Contents/Developer/Platforms/iPhoneSimulator.platform/Developer/SDKs/iPhoneSimulator26.4.sdk/Developer/Library/Frameworks -c -j12 -enable-batch-mode -incremental -Xcc -ivfsstatcache -Xcc /var/folders/g2/4t2t7ssj3n3_v2xrl935g8sh0000gn/T/flo-derived.tr2gd7/SDKStatCaches.noindex/iphonesimulator26.4-23E237-686eebb5dc1d8ecb277353a59184f4aa.sdkstatcache -output-file-map /var/folders/g2/4t2t7ssj3n3_v2xrl935g8sh0000gn/T/flo-derived.tr2gd7/Build/Intermediates.noindex/Alamofire.build/Debug-iphonesimulator/Alamofire.build/Objects-normal/x86_64/Alamofire-OutputFileMap.json -use-frontend-parseable-output -save-temps -no-color-diagnostics -explicit-module-build -module-cache-path /var/folders/g2/4t2t7ssj3n3_v2xrl935g8sh0000gn/T/flo-derived.tr2gd7/Build/Intermediates.noindex/SwiftExplicitPrecompiledModules -clang-scanner-module-cache-path /var/folders/g2/4t2t7ssj3n3_v2xrl935g8sh0000gn/T/flo-derived.tr2gd7/ModuleCache.noindex -sdk-module-cache-path /var/folders/g2/4t2t7ssj3n3_v2xrl935g8sh0000gn/T/flo-derived.tr2gd7/ModuleCache.noindex -serialize-diagnostics -emit-dependencies -emit-module -emit-module-path /var/folders/g2/4t2t7ssj3n3_v2xrl935g8sh0000gn/T/flo-derived.tr2gd7/Build/Intermediates.noindex/Alamofire.build/Debug-iphonesimulator/Alamofire.build/Objects-normal/x86_64/Alamofire.swiftmodule -validate-clang-modules-once -clang-build-session-file /var/folders/g2/4t2t7ssj3n3_v2xrl935g8sh0000gn/T/flo-derived.tr2gd7/ModuleCache.noindex/Session.modulevalidation -package-name alamofire -Xcc -I/var/folders/g2/4t2t7ssj3n3_v2xrl935g8sh0000gn/T/flo-derived.tr2gd7/Build/Intermediates.noindex/Alamofire.build/Debug-iphonesimulator/Alamofire.build/swift-overrides.hmap -emit-const-values -Xfrontend -const-gather-protocols-file -Xfrontend /var/folders/g2/4t2t7ssj3n3_v2xrl935g8sh0000gn/T/flo-derived.tr2gd7/Build/Intermediates.noindex/Alamofire.build/Debug-iphonesimulator/Alamofire.build/Objects-normal/x86_64/Alamofire_const_extract_protocols.json -Xcc -I/var/folders/g2/4t2t7ssj3n3_v2xrl935g8sh0000gn/T/flo-derived.tr2gd7/Build/Products/Debug-iphonesimulator/include -Xcc -I/var/folders/g2/4t2t7ssj3n3_v2xrl935g8sh0000gn/T/flo-derived.tr2gd7/Build/Intermediates.noindex/Alamofire.build/Debug-iphonesimulator/Alamofire.build/DerivedSources-normal/x86_64 -Xcc -I/var/folders/g2/4t2t7ssj3n3_v2xrl935g8sh0000gn/T/flo-derived.tr2gd7/Build/Intermediates.noindex/Alamofire.build/Debug-iphonesimulator/Alamofire.build/DerivedSources/x86_64 -Xcc -I/var/folders/g2/4t2t7ssj3n3_v2xrl935g8sh0000gn/T/flo-derived.tr2gd7/Build/Intermediates.noindex/Alamofire.build/Debug-iphonesimulator/Alamofire.build/DerivedSources -Xcc -DSWIFT_PACKAGE -Xcc -DDEBUG\=1 -emit-objc-header -emit-objc-header-path /var/folders/g2/4t2t7ssj3n3_v2xrl935g8sh0000gn/T/flo-derived.tr2gd7/Build/Intermediates.noindex/Alamofire.build/Debug-iphonesimulator/Alamofire.build/Objects-normal/x86_64/Alamofire-Swift.h -working-directory /tmp/flo-empty/flo.xcodeproj -experimental-emit-module-separately -disable-cmo

SwiftExplicitDependencyGeneratePcm x86_64 /var/folders/g2/4t2t7ssj3n3_v2xrl935g8sh0000gn/T/flo-derived.tr2gd7/ModuleCache.noindex/_Builtin_stddef-5N1I92ERKUWZLU1BLC3LJXWN6.pcm

SwiftExplicitDependencyGeneratePcm x86_64 /var/folders/g2/4t2t7ssj3n3_v2xrl935g8sh0000gn/T/flo-derived.tr2gd7/ModuleCache.noindex/ptrauth-BCV4NWUB2NZ82RJPE3L4B1V8Z.pcm

SwiftExplicitDependencyGeneratePcm x86_64 /var/folders/g2/4t2t7ssj3n3_v2xrl935g8sh0000gn/T/flo-derived.tr2gd7/ModuleCache.noindex/_AvailabilityInternal-AL74SLW0ETVBG30FONARN7EL6.pcm

SwiftExplicitDependencyGeneratePcm x86_64 /var/folders/g2/4t2t7ssj3n3_v2xrl935g8sh0000gn/T/flo-derived.tr2gd7/ModuleCache.noindex/_Builtin_stdbool-4PKVSGK7QO2HO6FFWREFYZNKQ.pcm

SwiftExplicitDependencyGeneratePcm x86_64 /var/folders/g2/4t2t7ssj3n3_v2xrl935g8sh0000gn/T/flo-derived.tr2gd7/ModuleCache.noindex/ptrcheck-6ZY3IFVREHDVFZGDIJSCPUIY7.pcm

SwiftExplicitDependencyGeneratePcm x86_64 /var/folders/g2/4t2t7ssj3n3_v2xrl935g8sh0000gn/T/flo-derived.tr2gd7/ModuleCache.noindex/_SwiftConcurrencyShims-98W5C7V15BQPR779IEOARNOZ7.pcm

SwiftExplicitDependencyGeneratePcm x86_64 /var/folders/g2/4t2t7ssj3n3_v2xrl935g8sh0000gn/T/flo-derived.tr2gd7/ModuleCache.noindex/_Builtin_stdarg-358DSXVXYD6CHEOPB47CWHT8T.pcm

SwiftExplicitDependencyGeneratePcm x86_64 /var/folders/g2/4t2t7ssj3n3_v2xrl935g8sh0000gn/T/flo-derived.tr2gd7/ModuleCache.noindex/SwiftShims-CF98JR96HEA5KS20S1S6HEA50.pcm

SwiftExplicitDependencyGeneratePcm x86_64 /var/folders/g2/4t2t7ssj3n3_v2xrl935g8sh0000gn/T/flo-derived.tr2gd7/ModuleCache.noindex/_Builtin_float-54C3RA1VTW4YQ26TZZOW8K27P.pcm

SwiftExplicitDependencyGeneratePcm x86_64 /var/folders/g2/4t2t7ssj3n3_v2xrl935g8sh0000gn/T/flo-derived.tr2gd7/ModuleCache.noindex/_DarwinFoundation1-1RXM5X2MJ5VT9310M3CW3N369.pcm

SwiftExplicitDependencyGeneratePcm x86_64 /var/folders/g2/4t2t7ssj3n3_v2xrl935g8sh0000gn/T/flo-derived.tr2gd7/ModuleCache.noindex/_Builtin_limits-6IT1IQND2MIS170K1HJ39N9EA.pcm

SwiftExplicitDependencyGeneratePcm x86_64 /var/folders/g2/4t2t7ssj3n3_v2xrl935g8sh0000gn/T/flo-derived.tr2gd7/ModuleCache.noindex/_DarwinFoundation2-BFB0QEKO4QX0Y34HOOC49AJWU.pcm

SwiftExplicitDependencyGeneratePcm x86_64 /var/folders/g2/4t2t7ssj3n3_v2xrl935g8sh0000gn/T/flo-derived.tr2gd7/ModuleCache.noindex/sys_types-APPVGRYECKQRELHMTP7RJ08FH.pcm

SwiftExplicitDependencyGeneratePcm x86_64 /var/folders/g2/4t2t7ssj3n3_v2xrl935g8sh0000gn/T/flo-derived.tr2gd7/ModuleCache.noindex/_Builtin_stdint-D9TUFD8TE6DLAA66ZP8SSYMDE.pcm

SwiftExplicitDependencyGeneratePcm x86_64 /var/folders/g2/4t2t7ssj3n3_v2xrl935g8sh0000gn/T/flo-derived.tr2gd7/ModuleCache.noindex/_DarwinFoundation3-5O807KRMB3R2JRGTP6LJ1WAY4.pcm

SwiftExplicitDependencyGeneratePcm x86_64 /var/folders/g2/4t2t7ssj3n3_v2xrl935g8sh0000gn/T/flo-derived.tr2gd7/ModuleCache.noindex/DeveloperToolsSupport-D2IM7PWZGSBIY8SQ2WQ9I605Z.pcm

SwiftExplicitDependencyGeneratePcm x86_64 /var/folders/g2/4t2t7ssj3n3_v2xrl935g8sh0000gn/T/flo-derived.tr2gd7/ModuleCache.noindex/_Builtin_tgmath-3QODTKCAFHLHIKHMIL5MRS3A7.pcm

SwiftExplicitDependencyGeneratePcm x86_64 /var/folders/g2/4t2t7ssj3n3_v2xrl935g8sh0000gn/T/flo-derived.tr2gd7/ModuleCache.noindex/_Builtin_stdatomic-38RQUV3OAZOAXLQ9U0PYSY41N.pcm

SwiftExplicitDependencyGeneratePcm x86_64 /var/folders/g2/4t2t7ssj3n3_v2xrl935g8sh0000gn/T/flo-derived.tr2gd7/ModuleCache.noindex/zlib-EI5SBGJ1AQC49VRP3SI5PSNA2.pcm

SwiftExplicitDependencyGeneratePcm x86_64 /var/folders/g2/4t2t7ssj3n3_v2xrl935g8sh0000gn/T/flo-derived.tr2gd7/ModuleCache.noindex/_Builtin_inttypes-17DW1GYWW5V3FOZM5M6EYLR6Y.pcm

SwiftExplicitDependencyGeneratePcm x86_64 /var/folders/g2/4t2t7ssj3n3_v2xrl935g8sh0000gn/T/flo-derived.tr2gd7/ModuleCache.noindex/_Builtin_intrinsics-16LEYONCSPWKGONCWCQL61EUL.pcm

SwiftExplicitDependencyGeneratePcm x86_64 /var/folders/g2/4t2t7ssj3n3_v2xrl935g8sh0000gn/T/flo-derived.tr2gd7/ModuleCache.noindex/CommonCrypto-89WJMX2QLFHIZODM5X65KV4LW.pcm

SwiftExplicitDependencyGeneratePcm x86_64 /var/folders/g2/4t2t7ssj3n3_v2xrl935g8sh0000gn/T/flo-derived.tr2gd7/ModuleCache.noindex/_Builtin_stddef-ANI1LQ04K5VJNISMTUVIX8LJC.pcm

SwiftExplicitDependencyGeneratePcm x86_64 /var/folders/g2/4t2t7ssj3n3_v2xrl935g8sh0000gn/T/flo-derived.tr2gd7/ModuleCache.noindex/DeveloperToolsSupport-4R6MABXRQDJ8T5QD5L42P26LE.pcm

SwiftExplicitDependencyGeneratePcm x86_64 /var/folders/g2/4t2t7ssj3n3_v2xrl935g8sh0000gn/T/flo-derived.tr2gd7/ModuleCache.noindex/ptrcheck-5XVOJ62QML9F8443PO8B1AKVY.pcm

SwiftExplicitDependencyGeneratePcm x86_64 /var/folders/g2/4t2t7ssj3n3_v2xrl935g8sh0000gn/T/flo-derived.tr2gd7/ModuleCache.noindex/_Builtin_float-1JED1IHASODBJAE4A86YKKS8Q.pcm

SwiftExplicitDependencyGeneratePcm x86_64 /var/folders/g2/4t2t7ssj3n3_v2xrl935g8sh0000gn/T/flo-derived.tr2gd7/ModuleCache.noindex/SwiftShims-DXA179CV3W8WVZ3TC13CZVWVI.pcm

SwiftExplicitDependencyGeneratePcm x86_64 /var/folders/g2/4t2t7ssj3n3_v2xrl935g8sh0000gn/T/flo-derived.tr2gd7/ModuleCache.noindex/_AvailabilityInternal-1QZUU1UE1XIICHWRB39AXWEIT.pcm

SwiftExplicitDependencyGeneratePcm x86_64 /var/folders/g2/4t2t7ssj3n3_v2xrl935g8sh0000gn/T/flo-derived.tr2gd7/ModuleCache.noindex/_Builtin_stdarg-D2GQV74NDXPQX17RT029E9M68.pcm

SwiftExplicitDependencyGeneratePcm x86_64 /var/folders/g2/4t2t7ssj3n3_v2xrl935g8sh0000gn/T/flo-derived.tr2gd7/ModuleCache.noindex/_SwiftConcurrencyShims-BZ3X34XLUKAMQJXY235WAMI15.pcm

SwiftExplicitDependencyGeneratePcm x86_64 /var/folders/g2/4t2t7ssj3n3_v2xrl935g8sh0000gn/T/flo-derived.tr2gd7/ModuleCache.noindex/ptrauth-3Y460EL4VJ1LGMXAW20QAB96R.pcm

SwiftExplicitDependencyGeneratePcm x86_64 /var/folders/g2/4t2t7ssj3n3_v2xrl935g8sh0000gn/T/flo-derived.tr2gd7/ModuleCache.noindex/_Builtin_stdbool-5XJ32E09BNIU2FVRPO0OC9NIJ.pcm

SwiftExplicitDependencyGeneratePcm x86_64 /var/folders/g2/4t2t7ssj3n3_v2xrl935g8sh0000gn/T/flo-derived.tr2gd7/ModuleCache.noindex/Darwin-67JAQY1CP1B0PU74S7HMBVAJY.pcm

SwiftExplicitDependencyGeneratePcm arm64 /var/folders/g2/4t2t7ssj3n3_v2xrl935g8sh0000gn/T/flo-derived.tr2gd7/ModuleCache.noindex/_Builtin_float-E7WJBGLYAO839R1XBZEXD5SB5.pcm

SwiftExplicitDependencyGeneratePcm arm64 /var/folders/g2/4t2t7ssj3n3_v2xrl935g8sh0000gn/T/flo-derived.tr2gd7/ModuleCache.noindex/_Builtin_stddef-A4EVN8XVLMLCSUT6H7G9HWHP7.pcm

SwiftExplicitDependencyGeneratePcm arm64 /var/folders/g2/4t2t7ssj3n3_v2xrl935g8sh0000gn/T/flo-derived.tr2gd7/ModuleCache.noindex/_SwiftConcurrencyShims-7MQTE7J6CEIXU7WD4ARPHDQOB.pcm

SwiftExplicitDependencyGeneratePcm arm64 /var/folders/g2/4t2t7ssj3n3_v2xrl935g8sh0000gn/T/flo-derived.tr2gd7/ModuleCache.noindex/_Builtin_stdarg-7W1M8NGLET3JSG36OV74OAEDG.pcm

SwiftExplicitDependencyGeneratePcm arm64 /var/folders/g2/4t2t7ssj3n3_v2xrl935g8sh0000gn/T/flo-derived.tr2gd7/ModuleCache.noindex/SwiftShims-C79E97G96J9X61UAGIVGEZMWP.pcm

SwiftExplicitDependencyGeneratePcm arm64 /var/folders/g2/4t2t7ssj3n3_v2xrl935g8sh0000gn/T/flo-derived.tr2gd7/ModuleCache.noindex/DeveloperToolsSupport-DTKSM7Q1HD9AEMI87FGP89Z7V.pcm

SwiftExplicitDependencyGeneratePcm arm64 /var/folders/g2/4t2t7ssj3n3_v2xrl935g8sh0000gn/T/flo-derived.tr2gd7/ModuleCache.noindex/ptrcheck-41VAZBANMJSOJK3RUDQSZ3SOF.pcm

SwiftExplicitDependencyGeneratePcm arm64 /var/folders/g2/4t2t7ssj3n3_v2xrl935g8sh0000gn/T/flo-derived.tr2gd7/ModuleCache.noindex/_Builtin_stdbool-8BDWHQEP6RKZKPXI87GDZADM.pcm

SwiftExplicitDependencyGeneratePcm arm64 /var/folders/g2/4t2t7ssj3n3_v2xrl935g8sh0000gn/T/flo-derived.tr2gd7/ModuleCache.noindex/ptrauth-6IV2VW4KC80U9DQQFPEC3DA09.pcm

SwiftExplicitDependencyGeneratePcm x86_64 /var/folders/g2/4t2t7ssj3n3_v2xrl935g8sh0000gn/T/flo-derived.tr2gd7/ModuleCache.noindex/_DarwinFoundation1-59WGEGMWRWEC0OFE6U6OLFX87.pcm

SwiftExplicitDependencyGeneratePcm arm64 /var/folders/g2/4t2t7ssj3n3_v2xrl935g8sh0000gn/T/flo-derived.tr2gd7/ModuleCache.noindex/_AvailabilityInternal-EIHCKAPXW5SDEJWD2HWP72YC4.pcm

SwiftExplicitDependencyGeneratePcm arm64 /var/folders/g2/4t2t7ssj3n3_v2xrl935g8sh0000gn/T/flo-derived.tr2gd7/ModuleCache.noindex/_DarwinFoundation1-4U32UJ9MSD2WKXLSKK4DBVFGF.pcm

SwiftExplicitDependencyGeneratePcm x86_64 /var/folders/g2/4t2t7ssj3n3_v2xrl935g8sh0000gn/T/flo-derived.tr2gd7/ModuleCache.noindex/_DarwinFoundation2-AGNTU7PFR2GIIQ2VT7CZX26H.pcm

SwiftExplicitDependencyGeneratePcm x86_64 /var/folders/g2/4t2t7ssj3n3_v2xrl935g8sh0000gn/T/flo-derived.tr2gd7/ModuleCache.noindex/_Builtin_limits-4V6KQ4QI1JB0IA4V2KMLU9AOQ.pcm

SwiftExplicitDependencyGeneratePcm arm64 /var/folders/g2/4t2t7ssj3n3_v2xrl935g8sh0000gn/T/flo-derived.tr2gd7/ModuleCache.noindex/_Builtin_limits-54IHXSN7YPJTGJ9R0SAJKZNWW.pcm

SwiftExplicitDependencyGeneratePcm arm64 /var/folders/g2/4t2t7ssj3n3_v2xrl935g8sh0000gn/T/flo-derived.tr2gd7/ModuleCache.noindex/_DarwinFoundation2-7ND90JG1PRYX2U2CYIOC98GC1.pcm

SwiftExplicitDependencyGeneratePcm x86_64 /var/folders/g2/4t2t7ssj3n3_v2xrl935g8sh0000gn/T/flo-derived.tr2gd7/ModuleCache.noindex/sys_types-441ZE5NXRC8MG4BZK3HAXD8AS.pcm

SwiftExplicitDependencyGeneratePcm x86_64 /var/folders/g2/4t2t7ssj3n3_v2xrl935g8sh0000gn/T/flo-derived.tr2gd7/ModuleCache.noindex/_Builtin_stdint-CY5N3EJRDIL5ILK9CVNAOMQ5A.pcm

SwiftExplicitDependencyGeneratePcm x86_64 /var/folders/g2/4t2t7ssj3n3_v2xrl935g8sh0000gn/T/flo-derived.tr2gd7/ModuleCache.noindex/_Builtin_tgmath-EQ06P9EIYBIBGA48LFO0RWGK.pcm

SwiftExplicitDependencyGeneratePcm x86_64 /var/folders/g2/4t2t7ssj3n3_v2xrl935g8sh0000gn/T/flo-derived.tr2gd7/ModuleCache.noindex/_DarwinFoundation3-3L198YSH9D5YBLLH8QGU1GTED.pcm

SwiftExplicitDependencyGeneratePcm x86_64 /var/folders/g2/4t2t7ssj3n3_v2xrl935g8sh0000gn/T/flo-derived.tr2gd7/ModuleCache.noindex/_Builtin_stdatomic-64EUSK3RBO2E2U2OP5R8K7BI6.pcm

SwiftExplicitDependencyGeneratePcm x86_64 /var/folders/g2/4t2t7ssj3n3_v2xrl935g8sh0000gn/T/flo-derived.tr2gd7/ModuleCache.noindex/simd-15IDYFO6T1LDQ9Q0E58CFK68T.pcm

SwiftExplicitDependencyGeneratePcm x86_64 /var/folders/g2/4t2t7ssj3n3_v2xrl935g8sh0000gn/T/flo-derived.tr2gd7/ModuleCache.noindex/ObjectiveC-4MSY41JFCKJ1HRYT2K5L28VWK.pcm

SwiftExplicitDependencyGeneratePcm x86_64 /var/folders/g2/4t2t7ssj3n3_v2xrl935g8sh0000gn/T/flo-derived.tr2gd7/ModuleCache.noindex/MachO-89L4LN5JGAKX1FTBTHQGFN5RR.pcm

SwiftExplicitDependencyGeneratePcm arm64 /var/folders/g2/4t2t7ssj3n3_v2xrl935g8sh0000gn/T/flo-derived.tr2gd7/ModuleCache.noindex/_Builtin_stdint-4UKAUMIBBU3089P5IRNOBV6VB.pcm

SwiftExplicitDependencyGeneratePcm arm64 /var/folders/g2/4t2t7ssj3n3_v2xrl935g8sh0000gn/T/flo-derived.tr2gd7/ModuleCache.noindex/_Builtin_tgmath-DYLV5U5U79NF9YO4CZO13LOTW.pcm

SwiftExplicitDependencyGeneratePcm arm64 /var/folders/g2/4t2t7ssj3n3_v2xrl935g8sh0000gn/T/flo-derived.tr2gd7/ModuleCache.noindex/sys_types-6FIERR19P3B54G4CHTVAZ8728.pcm

SwiftExplicitDependencyGeneratePcm arm64 /var/folders/g2/4t2t7ssj3n3_v2xrl935g8sh0000gn/T/flo-derived.tr2gd7/ModuleCache.noindex/_Builtin_intrinsics-5SLBEHQC27BS1NY4JA01HM4DK.pcm

SwiftExplicitDependencyGeneratePcm arm64 /var/folders/g2/4t2t7ssj3n3_v2xrl935g8sh0000gn/T/flo-derived.tr2gd7/ModuleCache.noindex/_DarwinFoundation3-2USQ266MPILGFMRVSXJMF2RG4.pcm

SwiftExplicitDependencyGeneratePcm arm64 /var/folders/g2/4t2t7ssj3n3_v2xrl935g8sh0000gn/T/flo-derived.tr2gd7/ModuleCache.noindex/_Builtin_stdatomic-9SLHESIPPISBIOT4MPHC00CSD.pcm

SwiftExplicitDependencyGeneratePcm x86_64 /var/folders/g2/4t2t7ssj3n3_v2xrl935g8sh0000gn/T/flo-derived.tr2gd7/ModuleCache.noindex/os_object-58L6HI867FVO4NM4VHGCLPTYG.pcm

SwiftExplicitDependencyGeneratePcm x86_64 /var/folders/g2/4t2t7ssj3n3_v2xrl935g8sh0000gn/T/flo-derived.tr2gd7/ModuleCache.noindex/_Builtin_intrinsics-3UTS5TXQRRTX1F5JRGLA5I5MF.pcm

SwiftExplicitDependencyGeneratePcm x86_64 /var/folders/g2/4t2t7ssj3n3_v2xrl935g8sh0000gn/T/flo-derived.tr2gd7/ModuleCache.noindex/_Builtin_inttypes-2MZ2Z3HC01CJW2J9RC88U2PXW.pcm

SwiftExplicitDependencyGeneratePcm x86_64 /var/folders/g2/4t2t7ssj3n3_v2xrl935g8sh0000gn/T/flo-derived.tr2gd7/ModuleCache.noindex/os_workgroup-EZ7VST73UJLZNKBXZ51SQJNXZ.pcm

SwiftExplicitDependencyGeneratePcm x86_64 /var/folders/g2/4t2t7ssj3n3_v2xrl935g8sh0000gn/T/flo-derived.tr2gd7/ModuleCache.noindex/Darwin-BENMU9YLNYL6X06LXVXNRXA6P.pcm

SwiftExplicitDependencyGeneratePcm arm64 /var/folders/g2/4t2t7ssj3n3_v2xrl935g8sh0000gn/T/flo-derived.tr2gd7/ModuleCache.noindex/_Builtin_inttypes-8RU5R0VC193114MNYL9BVUXXR.pcm

SwiftExplicitDependencyGeneratePcm x86_64 /var/folders/g2/4t2t7ssj3n3_v2xrl935g8sh0000gn/T/flo-derived.tr2gd7/ModuleCache.noindex/Dispatch-XWHX8P2GEE30D4K8CSG2MKN7.pcm

SwiftExplicitDependencyGeneratePcm arm64 /var/folders/g2/4t2t7ssj3n3_v2xrl935g8sh0000gn/T/flo-derived.tr2gd7/ModuleCache.noindex/Darwin-AT4TFBZ7ES9PL4KIXV89KW4T8.pcm

SwiftExplicitDependencyGeneratePcm x86_64 /var/folders/g2/4t2t7ssj3n3_v2xrl935g8sh0000gn/T/flo-derived.tr2gd7/ModuleCache.noindex/XPC-9XHGYN9UTKYYAI31YCBQFTAFH.pcm

SwiftExplicitDependencyGeneratePcm x86_64 /var/folders/g2/4t2t7ssj3n3_v2xrl935g8sh0000gn/T/flo-derived.tr2gd7/ModuleCache.noindex/dnssd-65ZBWPS9CMBBAWOX8WTNQWVCF.pcm

SwiftExplicitDependencyGeneratePcm x86_64 /var/folders/g2/4t2t7ssj3n3_v2xrl935g8sh0000gn/T/flo-derived.tr2gd7/ModuleCache.noindex/CoreFoundation-9G7UNMTBDD0QMBDXKMNY39WF2.pcm

SwiftExplicitDependencyGeneratePcm arm64 /var/folders/g2/4t2t7ssj3n3_v2xrl935g8sh0000gn/T/flo-derived.tr2gd7/ModuleCache.noindex/simd-9O6BRPGFDO83A085610WN4WJP.pcm

SwiftExplicitDependencyGeneratePcm x86_64 /var/folders/g2/4t2t7ssj3n3_v2xrl935g8sh0000gn/T/flo-derived.tr2gd7/ModuleCache.noindex/os-BZ0XT3NMTQJVX4XY2Z989DBWY.pcm

SwiftExplicitDependencyGeneratePcm x86_64 /var/folders/g2/4t2t7ssj3n3_v2xrl935g8sh0000gn/T/flo-derived.tr2gd7/ModuleCache.noindex/CoreServices-9MJL491K9UWENBFFL7UXKAXSN.pcm

SwiftExplicitDependencyGeneratePcm x86_64 /var/folders/g2/4t2t7ssj3n3_v2xrl935g8sh0000gn/T/flo-derived.tr2gd7/ModuleCache.noindex/SystemConfiguration-8DGU73UGY2M890CKJEZYRBNLK.pcm

SwiftExplicitDependencyGeneratePcm x86_64 /var/folders/g2/4t2t7ssj3n3_v2xrl935g8sh0000gn/T/flo-derived.tr2gd7/ModuleCache.noindex/CoreAudioTypes-2ABH525IYUWVHDT3307DIPPFA.pcm

SwiftExplicitDependencyGeneratePcm x86_64 /var/folders/g2/4t2t7ssj3n3_v2xrl935g8sh0000gn/T/flo-derived.tr2gd7/ModuleCache.noindex/CFNetwork-A4TF8ECJLT12J598729NVLLFV.pcm

SwiftExplicitDependencyGeneratePcm x86_64 /var/folders/g2/4t2t7ssj3n3_v2xrl935g8sh0000gn/T/flo-derived.tr2gd7/ModuleCache.noindex/CoreGraphics-1XDMGT2ITE61ACQN552VGJK4B.pcm

SwiftExplicitDependencyGeneratePcm x86_64 /var/folders/g2/4t2t7ssj3n3_v2xrl935g8sh0000gn/T/flo-derived.tr2gd7/ModuleCache.noindex/Security-7HXDI6JQ3MECCI5I9M2ID60MP.pcm

SwiftExplicitDependencyGeneratePcm x86_64 /var/folders/g2/4t2t7ssj3n3_v2xrl935g8sh0000gn/T/flo-derived.tr2gd7/ModuleCache.noindex/ObjectiveC-V199H78W1V656QVGU2S4VTOK.pcm

SwiftExplicitDependencyGeneratePcm x86_64 /var/folders/g2/4t2t7ssj3n3_v2xrl935g8sh0000gn/T/flo-derived.tr2gd7/ModuleCache.noindex/MachO-8LC0LL99I3CJJPF4UC7GMAGKO.pcm

SwiftExplicitDependencyGeneratePcm x86_64 /var/folders/g2/4t2t7ssj3n3_v2xrl935g8sh0000gn/T/flo-derived.tr2gd7/ModuleCache.noindex/MobileCoreServices-61D3H14KI06DG9VYRBAX2Y45E.pcm

SwiftExplicitDependencyGeneratePcm x86_64 /var/folders/g2/4t2t7ssj3n3_v2xrl935g8sh0000gn/T/flo-derived.tr2gd7/ModuleCache.noindex/CoreAudio-45IOA1GPFM689FCHXSKPE778F.pcm

SwiftExplicitDependencyGeneratePcm x86_64 /var/folders/g2/4t2t7ssj3n3_v2xrl935g8sh0000gn/T/flo-derived.tr2gd7/ModuleCache.noindex/os_object-3DJQEH0L0YCFTQCJA2F2RA9T7.pcm

SwiftExplicitDependencyGeneratePcm x86_64 /var/folders/g2/4t2t7ssj3n3_v2xrl935g8sh0000gn/T/flo-derived.tr2gd7/ModuleCache.noindex/Foundation-C4HZZKTZ42S0D2OTWLV5PGXEM.pcm

SwiftExplicitDependencyGeneratePcm x86_64 /var/folders/g2/4t2t7ssj3n3_v2xrl935g8sh0000gn/T/flo-derived.tr2gd7/ModuleCache.noindex/ImageIO-16814QTC0GHAQ9OB2P4GEIJ23.pcm

SwiftExplicitDependencyGeneratePcm x86_64 /var/folders/g2/4t2t7ssj3n3_v2xrl935g8sh0000gn/T/flo-derived.tr2gd7/ModuleCache.noindex/CoreText-92MN1UBNMULTHVOGO7GR4S8UV.pcm

SwiftExplicitDependencyGeneratePcm x86_64 /var/folders/g2/4t2t7ssj3n3_v2xrl935g8sh0000gn/T/flo-derived.tr2gd7/ModuleCache.noindex/simd-XJCYHY48HIVCBWRNJN896ZD8.pcm

SwiftExplicitDependencyGeneratePcm arm64 /var/folders/g2/4t2t7ssj3n3_v2xrl935g8sh0000gn/T/flo-derived.tr2gd7/ModuleCache.noindex/ObjectiveC-3Y7KNP59C4PTD7H5HFTXDT3L.pcm

SwiftExplicitDependencyGeneratePcm arm64 /var/folders/g2/4t2t7ssj3n3_v2xrl935g8sh0000gn/T/flo-derived.tr2gd7/ModuleCache.noindex/MachO-4ZAAK3I2QYSK2QVPZGQ21ESMC.pcm

SwiftExplicitDependencyGeneratePcm x86_64 /var/folders/g2/4t2t7ssj3n3_v2xrl935g8sh0000gn/T/flo-derived.tr2gd7/ModuleCache.noindex/Spatial-3ST97KZ6DS3GZ240WPI4UG57H.pcm

SwiftExplicitDependencyGeneratePcm x86_64 /var/folders/g2/4t2t7ssj3n3_v2xrl935g8sh0000gn/T/flo-derived.tr2gd7/ModuleCache.noindex/os_workgroup-2POZT91B70CWFGDHMOB2WTHP3.pcm

SwiftExplicitDependencyGeneratePcm arm64 /var/folders/g2/4t2t7ssj3n3_v2xrl935g8sh0000gn/T/flo-derived.tr2gd7/ModuleCache.noindex/os_object-43MZ2C1KSR1SGYTZH4KGIEFBF.pcm

SwiftExplicitDependencyGeneratePcm x86_64 /var/folders/g2/4t2t7ssj3n3_v2xrl935g8sh0000gn/T/flo-derived.tr2gd7/ModuleCache.noindex/Dispatch-9TQMJ1H74FLDXRV1DPS7OWUEC.pcm

SwiftExplicitDependencyGeneratePcm arm64 /var/folders/g2/4t2t7ssj3n3_v2xrl935g8sh0000gn/T/flo-derived.tr2gd7/ModuleCache.noindex/os_workgroup-BY0ZNEPK91HT5M27G6LZ04ZLN.pcm

SwiftExplicitDependencyGeneratePcm x86_64 /var/folders/g2/4t2t7ssj3n3_v2xrl935g8sh0000gn/T/flo-derived.tr2gd7/ModuleCache.noindex/CoreFoundation-DZ5K076SAL7V0BOEY9CBR66O0.pcm

SwiftExplicitDependencyGeneratePcm x86_64 /var/folders/g2/4t2t7ssj3n3_v2xrl935g8sh0000gn/T/flo-derived.tr2gd7/ModuleCache.noindex/XPC-66A8CH1E5C2Z60DDDWVZAH4N9.pcm

SwiftExplicitDependencyGeneratePcm arm64 /var/folders/g2/4t2t7ssj3n3_v2xrl935g8sh0000gn/T/flo-derived.tr2gd7/ModuleCache.noindex/Dispatch-9SDYG9CRUBUY409L6HWP3EPG9.pcm

SwiftExplicitDependencyGeneratePcm x86_64 /var/folders/g2/4t2t7ssj3n3_v2xrl935g8sh0000gn/T/flo-derived.tr2gd7/ModuleCache.noindex/os-C5MJ97K6A4ZFPN4N10U86KF72.pcm

SwiftExplicitDependencyGeneratePcm arm64 /var/folders/g2/4t2t7ssj3n3_v2xrl935g8sh0000gn/T/flo-derived.tr2gd7/ModuleCache.noindex/CoreFoundation-BDW1TY1TZ98C8SQ2RK8E1XTDG.pcm

SwiftExplicitDependencyGeneratePcm arm64 /var/folders/g2/4t2t7ssj3n3_v2xrl935g8sh0000gn/T/flo-derived.tr2gd7/ModuleCache.noindex/XPC-8QDBUSN20NBFHMNWGYTMKXF6O.pcm

SwiftExplicitDependencyGeneratePcm x86_64 /var/folders/g2/4t2t7ssj3n3_v2xrl935g8sh0000gn/T/flo-derived.tr2gd7/ModuleCache.noindex/CoreGraphics-EQRD66GK4PZ3WR3MXDAXB0RF7.pcm

SwiftExplicitDependencyGeneratePcm x86_64 /var/folders/g2/4t2t7ssj3n3_v2xrl935g8sh0000gn/T/flo-derived.tr2gd7/ModuleCache.noindex/Security-C8K6L3L69CLRBE0EF819R7VE.pcm

SwiftExplicitDependencyGeneratePcm x86_64 /var/folders/g2/4t2t7ssj3n3_v2xrl935g8sh0000gn/T/flo-derived.tr2gd7/ModuleCache.noindex/OpenGLES-5UA6JI4DEB88ZH1S6MLA4RZOH.pcm

SwiftExplicitDependencyGeneratePcm x86_64 /var/folders/g2/4t2t7ssj3n3_v2xrl935g8sh0000gn/T/flo-derived.tr2gd7/ModuleCache.noindex/CoreMIDI-Z1PW8COAIGMYMBC3JXEPQKNW.pcm

SwiftExplicitDependencyGeneratePcm x86_64 /var/folders/g2/4t2t7ssj3n3_v2xrl935g8sh0000gn/T/flo-derived.tr2gd7/ModuleCache.noindex/Accessibility-8U1V19AJ81DGNLUHQ5ZLLP504.pcm

SwiftExplicitDependencyGeneratePcm x86_64 /var/folders/g2/4t2t7ssj3n3_v2xrl935g8sh0000gn/T/flo-derived.tr2gd7/ModuleCache.noindex/OSLog-7SG6QMS85PSY9I8YNEJCXNYGQ.pcm

SwiftExplicitDependencyGeneratePcm x86_64 /var/folders/g2/4t2t7ssj3n3_v2xrl935g8sh0000gn/T/flo-derived.tr2gd7/ModuleCache.noindex/UserNotifications-9HOBJ3J0EXJ9MC7X4LY62NR5W.pcm

SwiftExplicitDependencyGeneratePcm x86_64 /var/folders/g2/4t2t7ssj3n3_v2xrl935g8sh0000gn/T/flo-derived.tr2gd7/ModuleCache.noindex/Symbols-493FR6P06G8VM7NJFAWM92CX8.pcm

SwiftExplicitDependencyGeneratePcm arm64 /var/folders/g2/4t2t7ssj3n3_v2xrl935g8sh0000gn/T/flo-derived.tr2gd7/ModuleCache.noindex/Spatial-A8RYEG8ISILJF03PYM8TONR5F.pcm

SwiftExplicitDependencyGeneratePcm x86_64 /var/folders/g2/4t2t7ssj3n3_v2xrl935g8sh0000gn/T/flo-derived.tr2gd7/ModuleCache.noindex/Network-CNP4N1LHF2XO0E2RSVUM8HWPF.pcm

SwiftExplicitDependencyGeneratePcm x86_64 /var/folders/g2/4t2t7ssj3n3_v2xrl935g8sh0000gn/T/flo-derived.tr2gd7/ModuleCache.noindex/UIUtilities-7SGV7CDFVK5HDSNJLEBNC7XHY.pcm

SwiftExplicitDependencyGeneratePcm x86_64 /var/folders/g2/4t2t7ssj3n3_v2xrl935g8sh0000gn/T/flo-derived.tr2gd7/ModuleCache.noindex/CoreTransferable-6W3AB7M952KWAFT85NRAZEYUW.pcm

SwiftExplicitDependencyGeneratePcm x86_64 /var/folders/g2/4t2t7ssj3n3_v2xrl935g8sh0000gn/T/flo-derived.tr2gd7/ModuleCache.noindex/UniformTypeIdentifiers-3PPWFHOG5ZIP9GGODQQIWRL4F.pcm

SwiftExplicitDependencyGeneratePcm x86_64 /var/folders/g2/4t2t7ssj3n3_v2xrl935g8sh0000gn/T/flo-derived.tr2gd7/ModuleCache.noindex/DataDetection-AZD6863LAUNADHTAG4RN9YX3G.pcm

SwiftExplicitDependencyGeneratePcm x86_64 /var/folders/g2/4t2t7ssj3n3_v2xrl935g8sh0000gn/T/flo-derived.tr2gd7/ModuleCache.noindex/LocalAuthentication-9P2COBKHARVTMD2DNVZ7IGNSY.pcm

SwiftExplicitDependencyGeneratePcm x86_64 /var/folders/g2/4t2t7ssj3n3_v2xrl935g8sh0000gn/T/flo-derived.tr2gd7/ModuleCache.noindex/IOSurface-EVLUMX235SQIMCPY6HAAQ6GBK.pcm

SwiftExplicitDependencyGeneratePcm arm64 /var/folders/g2/4t2t7ssj3n3_v2xrl935g8sh0000gn/T/flo-derived.tr2gd7/ModuleCache.noindex/CoreGraphics-9Q5OHPOMV5NFF8TJFW8WH51A7.pcm

SwiftExplicitDependencyGeneratePcm arm64 /var/folders/g2/4t2t7ssj3n3_v2xrl935g8sh0000gn/T/flo-derived.tr2gd7/ModuleCache.noindex/Security-CT67TDNLA1CJDYMQ3APNBWOFI.pcm

SwiftExplicitDependencyGeneratePcm x86_64 /var/folders/g2/4t2t7ssj3n3_v2xrl935g8sh0000gn/T/flo-derived.tr2gd7/ModuleCache.noindex/AudioToolbox-1XS1M1JFU8RB2FZRJGJZFTB3J.pcm

SwiftExplicitDependencyGeneratePcm arm64 /var/folders/g2/4t2t7ssj3n3_v2xrl935g8sh0000gn/T/flo-derived.tr2gd7/ModuleCache.noindex/os-9GGON2YHE2G7ZUNBCJNV9IHYD.pcm

SwiftExplicitDependencyGeneratePcm x86_64 /var/folders/g2/4t2t7ssj3n3_v2xrl935g8sh0000gn/T/flo-derived.tr2gd7/ModuleCache.noindex/CoreVideo-5NBQDFMKW3C0QMM888GUWLD4.pcm

SwiftExplicitDependencyGeneratePcm x86_64 /var/folders/g2/4t2t7ssj3n3_v2xrl935g8sh0000gn/T/flo-derived.tr2gd7/ModuleCache.noindex/CoreData-8GSFQCKODRDR0ZK5SPU0Z9NL9.pcm

SwiftEmitModule normal x86_64 Emitting\ module\ for\ Alamofire (in target 'Alamofire' from project 'Alamofire')

EmitSwiftModule normal x86_64 (in target 'Alamofire' from project 'Alamofire')
    cd /tmp/flo-empty/flo.xcodeproj
    

SwiftEmitModule normal x86_64 Emitting\ module\ for\ KeychainAccess (in target 'KeychainAccess' from project 'KeychainAccess')

SwiftCompile normal x86_64 /var/folders/g2/4t2t7ssj3n3_v2xrl935g8sh0000gn/T/flo-derived.tr2gd7/SourcePackages/checkouts/KeychainAccess/Lib/KeychainAccess/Keychain.swift (in target 'KeychainAccess' from project 'KeychainAccess')
    cd /tmp/flo-empty/flo.xcodeproj
    

SwiftExplicitDependencyGeneratePcm x86_64 /var/folders/g2/4t2t7ssj3n3_v2xrl935g8sh0000gn/T/flo-derived.tr2gd7/ModuleCache.noindex/MediaAccessibility-M2RDTIZN80LJN9K8KDRA1RQE.pcm

SwiftExplicitDependencyGeneratePcm x86_64 /var/folders/g2/4t2t7ssj3n3_v2xrl935g8sh0000gn/T/flo-derived.tr2gd7/ModuleCache.noindex/Metal-ECEM3MJ2043EWPFYCJ72MRYQY.pcm

SwiftExplicitDependencyGeneratePcm x86_64 /var/folders/g2/4t2t7ssj3n3_v2xrl935g8sh0000gn/T/flo-derived.tr2gd7/ModuleCache.noindex/AVRouting-6UOVZL37M86DAKU9X1VNR43KQ.pcm

SwiftExplicitDependencyGeneratePcm x86_64 /var/folders/g2/4t2t7ssj3n3_v2xrl935g8sh0000gn/T/flo-derived.tr2gd7/ModuleCache.noindex/Foundation-BKX7AVPCYNC2GKFE85IFJVVHB.pcm

SwiftExplicitDependencyGeneratePcm arm64 /var/folders/g2/4t2t7ssj3n3_v2xrl935g8sh0000gn/T/flo-derived.tr2gd7/ModuleCache.noindex/Foundation-EYILVY9XX5X41Z445PEYKTH9P.pcm

SwiftExplicitDependencyGeneratePcm x86_64 /var/folders/g2/4t2t7ssj3n3_v2xrl935g8sh0000gn/T/flo-derived.tr2gd7/ModuleCache.noindex/CoreText-2T1MXP4UVI7WVFHVTQ46ZZYXP.pcm

SwiftExplicitDependencyGeneratePcm arm64 /var/folders/g2/4t2t7ssj3n3_v2xrl935g8sh0000gn/T/flo-derived.tr2gd7/ModuleCache.noindex/CoreText-B99XMMRFSEJMVSWYE2EUENGUE.pcm

SwiftExplicitDependencyGeneratePcm arm64 /var/folders/g2/4t2t7ssj3n3_v2xrl935g8sh0000gn/T/flo-derived.tr2gd7/ModuleCache.noindex/CoreVideo-8Z1FNZ8PP8WIU2AYLJ7WM6UH3.pcm

SwiftExplicitDependencyGeneratePcm x86_64 /var/folders/g2/4t2t7ssj3n3_v2xrl935g8sh0000gn/T/flo-derived.tr2gd7/ModuleCache.noindex/FileProvider-7K363YETPM65FE8XG9D8ZKQQ3.pcm

SwiftExplicitDependencyGeneratePcm x86_64 /var/folders/g2/4t2t7ssj3n3_v2xrl935g8sh0000gn/T/flo-derived.tr2gd7/ModuleCache.noindex/Spatial-GJSH01LMLULLSAF9K8OIX5L.pcm

SwiftCompile normal x86_64 Compiling\ Keychain.swift /var/folders/g2/4t2t7ssj3n3_v2xrl935g8sh0000gn/T/flo-derived.tr2gd7/SourcePackages/checkouts/KeychainAccess/Lib/KeychainAccess/Keychain.swift (in target 'KeychainAccess' from project 'KeychainAccess')

SwiftCompile normal x86_64 /var/folders/g2/4t2t7ssj3n3_v2xrl935g8sh0000gn/T/flo-derived.tr2gd7/SourcePackages/checkouts/KeychainAccess/Lib/KeychainAccess/Keychain.swift (in target 'KeychainAccess' from project 'KeychainAccess')
    cd /tmp/flo-empty/flo.xcodeproj
    

SwiftCompile normal x86_64 Compiling\ Notifications.swift,\ ParameterEncoder.swift,\ ParameterEncoding.swift,\ Protected.swift /var/folders/g2/4t2t7ssj3n3_v2xrl935g8sh0000gn/T/flo-derived.tr2gd7/SourcePackages/checkouts/Alamofire/Source/Core/Notifications.swift /var/folders/g2/4t2t7ssj3n3_v2xrl935g8sh0000gn/T/flo-derived.tr2gd7/SourcePackages/checkouts/Alamofire/Source/Core/ParameterEncoder.swift /var/folders/g2/4t2t7ssj3n3_v2xrl935g8sh0000gn/T/flo-derived.tr2gd7/SourcePackages/checkouts/Alamofire/Source/Core/ParameterEncoding.swift /var/folders/g2/4t2t7ssj3n3_v2xrl935g8sh0000gn/T/flo-derived.tr2gd7/SourcePackages/checkouts/Alamofire/Source/Core/Protected.swift (in target 'Alamofire' from project 'Alamofire')

SwiftCompile normal x86_64 /var/folders/g2/4t2t7ssj3n3_v2xrl935g8sh0000gn/T/flo-derived.tr2gd7/SourcePackages/checkouts/Alamofire/Source/Core/Notifications.swift (in target 'Alamofire' from project 'Alamofire')
    cd /tmp/flo-empty/flo.xcodeproj
    

SwiftCompile normal x86_64 /var/folders/g2/4t2t7ssj3n3_v2xrl935g8sh0000gn/T/flo-derived.tr2gd7/SourcePackages/checkouts/Alamofire/Source/Core/ParameterEncoder.swift (in target 'Alamofire' from project 'Alamofire')
    cd /tmp/flo-empty/flo.xcodeproj
    

SwiftCompile normal x86_64 /var/folders/g2/4t2t7ssj3n3_v2xrl935g8sh0000gn/T/flo-derived.tr2gd7/SourcePackages/checkouts/Alamofire/Source/Core/ParameterEncoding.swift (in target 'Alamofire' from project 'Alamofire')
    cd /tmp/flo-empty/flo.xcodeproj
    

SwiftCompile normal x86_64 /var/folders/g2/4t2t7ssj3n3_v2xrl935g8sh0000gn/T/flo-derived.tr2gd7/SourcePackages/checkouts/Alamofire/Source/Core/Protected.swift (in target 'Alamofire' from project 'Alamofire')
    cd /tmp/flo-empty/flo.xcodeproj
    

SwiftCompile normal x86_64 Compiling\ resource_bundle_accessor.swift,\ Alamofire.swift,\ AFError.swift,\ DataRequest.swift /var/folders/g2/4t2t7ssj3n3_v2xrl935g8sh0000gn/T/flo-derived.tr2gd7/Build/Intermediates.noindex/Alamofire.build/Debug-iphonesimulator/Alamofire.build/DerivedSources/resource_bundle_accessor.swift /var/folders/g2/4t2t7ssj3n3_v2xrl935g8sh0000gn/T/flo-derived.tr2gd7/SourcePackages/checkouts/Alamofire/Source/Alamofire.swift /var/folders/g2/4t2t7ssj3n3_v2xrl935g8sh0000gn/T/flo-derived.tr2gd7/SourcePackages/checkouts/Alamofire/Source/Core/AFError.swift /var/folders/g2/4t2t7ssj3n3_v2xrl935g8sh0000gn/T/flo-derived.tr2gd7/SourcePackages/checkouts/Alamofire/Source/Core/DataRequest.swift (in target 'Alamofire' from project 'Alamofire')

SwiftCompile normal x86_64 /var/folders/g2/4t2t7ssj3n3_v2xrl935g8sh0000gn/T/flo-derived.tr2gd7/Build/Intermediates.noindex/Alamofire.build/Debug-iphonesimulator/Alamofire.build/DerivedSources/resource_bundle_accessor.swift (in target 'Alamofire' from project 'Alamofire')
    cd /tmp/flo-empty/flo.xcodeproj
    

SwiftCompile normal x86_64 /var/folders/g2/4t2t7ssj3n3_v2xrl935g8sh0000gn/T/flo-derived.tr2gd7/SourcePackages/checkouts/Alamofire/Source/Alamofire.swift (in target 'Alamofire' from project 'Alamofire')
    cd /tmp/flo-empty/flo.xcodeproj
    

SwiftCompile normal x86_64 /var/folders/g2/4t2t7ssj3n3_v2xrl935g8sh0000gn/T/flo-derived.tr2gd7/SourcePackages/checkouts/Alamofire/Source/Core/AFError.swift (in target 'Alamofire' from project 'Alamofire')
    cd /tmp/flo-empty/flo.xcodeproj
    

SwiftCompile normal x86_64 /var/folders/g2/4t2t7ssj3n3_v2xrl935g8sh0000gn/T/flo-derived.tr2gd7/SourcePackages/checkouts/Alamofire/Source/Core/DataRequest.swift (in target 'Alamofire' from project 'Alamofire')
    cd /tmp/flo-empty/flo.xcodeproj
    

SwiftCompile normal x86_64 Compiling\ SessionDelegate.swift,\ URLConvertible+URLRequestConvertible.swift,\ UploadRequest.swift,\ WebSocketRequest.swift /var/folders/g2/4t2t7ssj3n3_v2xrl935g8sh0000gn/T/flo-derived.tr2gd7/SourcePackages/checkouts/Alamofire/Source/Core/SessionDelegate.swift /var/folders/g2/4t2t7ssj3n3_v2xrl935g8sh0000gn/T/flo-derived.tr2gd7/SourcePackages/checkouts/Alamofire/Source/Core/URLConvertible+URLRequestConvertible.swift /var/folders/g2/4t2t7ssj3n3_v2xrl935g8sh0000gn/T/flo-derived.tr2gd7/SourcePackages/checkouts/Alamofire/Source/Core/UploadRequest.swift /var/folders/g2/4t2t7ssj3n3_v2xrl935g8sh0000gn/T/flo-derived.tr2gd7/SourcePackages/checkouts/Alamofire/Source/Core/WebSocketRequest.swift (in target 'Alamofire' from project 'Alamofire')

SwiftCompile normal x86_64 /var/folders/g2/4t2t7ssj3n3_v2xrl935g8sh0000gn/T/flo-derived.tr2gd7/SourcePackages/checkouts/Alamofire/Source/Core/SessionDelegate.swift (in target 'Alamofire' from project 'Alamofire')
    cd /tmp/flo-empty/flo.xcodeproj
    

SwiftCompile normal x86_64 /var/folders/g2/4t2t7ssj3n3_v2xrl935g8sh0000gn/T/flo-derived.tr2gd7/SourcePackages/checkouts/Alamofire/Source/Core/URLConvertible+URLRequestConvertible.swift (in target 'Alamofire' from project 'Alamofire')
    cd /tmp/flo-empty/flo.xcodeproj
    

SwiftCompile normal x86_64 /var/folders/g2/4t2t7ssj3n3_v2xrl935g8sh0000gn/T/flo-derived.tr2gd7/SourcePackages/checkouts/Alamofire/Source/Core/UploadRequest.swift (in target 'Alamofire' from project 'Alamofire')
    cd /tmp/flo-empty/flo.xcodeproj
    

SwiftCompile normal x86_64 /var/folders/g2/4t2t7ssj3n3_v2xrl935g8sh0000gn/T/flo-derived.tr2gd7/SourcePackages/checkouts/Alamofire/Source/Core/WebSocketRequest.swift (in target 'Alamofire' from project 'Alamofire')
    cd /tmp/flo-empty/flo.xcodeproj
    

SwiftCompile normal x86_64 Compiling\ DataStreamRequest.swift,\ DownloadRequest.swift,\ HTTPHeaders.swift,\ HTTPMethod.swift /var/folders/g2/4t2t7ssj3n3_v2xrl935g8sh0000gn/T/flo-derived.tr2gd7/SourcePackages/checkouts/Alamofire/Source/Core/DataStreamRequest.swift /var/folders/g2/4t2t7ssj3n3_v2xrl935g8sh0000gn/T/flo-derived.tr2gd7/SourcePackages/checkouts/Alamofire/Source/Core/DownloadRequest.swift /var/folders/g2/4t2t7ssj3n3_v2xrl935g8sh0000gn/T/flo-derived.tr2gd7/SourcePackages/checkouts/Alamofire/Source/Core/HTTPHeaders.swift /var/folders/g2/4t2t7ssj3n3_v2xrl935g8sh0000gn/T/flo-derived.tr2gd7/SourcePackages/checkouts/Alamofire/Source/Core/HTTPMethod.swift (in target 'Alamofire' from project 'Alamofire')

SwiftCompile normal x86_64 /var/folders/g2/4t2t7ssj3n3_v2xrl935g8sh0000gn/T/flo-derived.tr2gd7/SourcePackages/checkouts/Alamofire/Source/Core/DataStreamRequest.swift (in target 'Alamofire' from project 'Alamofire')
    cd /tmp/flo-empty/flo.xcodeproj
    

SwiftCompile normal x86_64 /var/folders/g2/4t2t7ssj3n3_v2xrl935g8sh0000gn/T/flo-derived.tr2gd7/SourcePackages/checkouts/Alamofire/Source/Core/DownloadRequest.swift (in target 'Alamofire' from project 'Alamofire')
    cd /tmp/flo-empty/flo.xcodeproj
    

SwiftCompile normal x86_64 /var/folders/g2/4t2t7ssj3n3_v2xrl935g8sh0000gn/T/flo-derived.tr2gd7/SourcePackages/checkouts/Alamofire/Source/Core/HTTPHeaders.swift (in target 'Alamofire' from project 'Alamofire')
    cd /tmp/flo-empty/flo.xcodeproj
    

SwiftCompile normal x86_64 /var/folders/g2/4t2t7ssj3n3_v2xrl935g8sh0000gn/T/flo-derived.tr2gd7/SourcePackages/checkouts/Alamofire/Source/Core/HTTPMethod.swift (in target 'Alamofire' from project 'Alamofire')
    cd /tmp/flo-empty/flo.xcodeproj
    

SwiftCompile normal x86_64 Compiling\ DispatchQueue+Alamofire.swift,\ OperationQueue+Alamofire.swift,\ Result+Alamofire.swift,\ StringEncoding+Alamofire.swift /var/folders/g2/4t2t7ssj3n3_v2xrl935g8sh0000gn/T/flo-derived.tr2gd7/SourcePackages/checkouts/Alamofire/Source/Extensions/DispatchQueue+Alamofire.swift /var/folders/g2/4t2t7ssj3n3_v2xrl935g8sh0000gn/T/flo-derived.tr2gd7/SourcePackages/checkouts/Alamofire/Source/Extensions/OperationQueue+Alamofire.swift /var/folders/g2/4t2t7ssj3n3_v2xrl935g8sh0000gn/T/flo-derived.tr2gd7/SourcePackages/checkouts/Alamofire/Source/Extensions/Result+Alamofire.swift /var/folders/g2/4t2t7ssj3n3_v2xrl935g8sh0000gn/T/flo-derived.tr2gd7/SourcePackages/checkouts/Alamofire/Source/Extensions/StringEncoding+Alamofire.swift (in target 'Alamofire' from project 'Alamofire')

SwiftCompile normal x86_64 /var/folders/g2/4t2t7ssj3n3_v2xrl935g8sh0000gn/T/flo-derived.tr2gd7/SourcePackages/checkouts/Alamofire/Source/Extensions/DispatchQueue+Alamofire.swift (in target 'Alamofire' from project 'Alamofire')
    cd /tmp/flo-empty/flo.xcodeproj
    

SwiftCompile normal x86_64 /var/folders/g2/4t2t7ssj3n3_v2xrl935g8sh0000gn/T/flo-derived.tr2gd7/SourcePackages/checkouts/Alamofire/Source/Extensions/OperationQueue+Alamofire.swift (in target 'Alamofire' from project 'Alamofire')
    cd /tmp/flo-empty/flo.xcodeproj
    

SwiftCompile normal x86_64 /var/folders/g2/4t2t7ssj3n3_v2xrl935g8sh0000gn/T/flo-derived.tr2gd7/SourcePackages/checkouts/Alamofire/Source/Extensions/Result+Alamofire.swift (in target 'Alamofire' from project 'Alamofire')
    cd /tmp/flo-empty/flo.xcodeproj
    

SwiftCompile normal x86_64 /var/folders/g2/4t2t7ssj3n3_v2xrl935g8sh0000gn/T/flo-derived.tr2gd7/SourcePackages/checkouts/Alamofire/Source/Extensions/StringEncoding+Alamofire.swift (in target 'Alamofire' from project 'Alamofire')
    cd /tmp/flo-empty/flo.xcodeproj
    

SwiftExplicitDependencyGeneratePcm x86_64 /var/folders/g2/4t2t7ssj3n3_v2xrl935g8sh0000gn/T/flo-derived.tr2gd7/ModuleCache.noindex/CoreVideo-D1GRTSUAFH440TCWBMCISKWU7.pcm

SwiftCompile normal x86_64 Compiling\ Request.swift,\ RequestTaskMap.swift,\ Response.swift,\ Session.swift /var/folders/g2/4t2t7ssj3n3_v2xrl935g8sh0000gn/T/flo-derived.tr2gd7/SourcePackages/checkouts/Alamofire/Source/Core/Request.swift /var/folders/g2/4t2t7ssj3n3_v2xrl935g8sh0000gn/T/flo-derived.tr2gd7/SourcePackages/checkouts/Alamofire/Source/Core/RequestTaskMap.swift /var/folders/g2/4t2t7ssj3n3_v2xrl935g8sh0000gn/T/flo-derived.tr2gd7/SourcePackages/checkouts/Alamofire/Source/Core/Response.swift /var/folders/g2/4t2t7ssj3n3_v2xrl935g8sh0000gn/T/flo-derived.tr2gd7/SourcePackages/checkouts/Alamofire/Source/Core/Session.swift (in target 'Alamofire' from project 'Alamofire')

SwiftCompile normal x86_64 /var/folders/g2/4t2t7ssj3n3_v2xrl935g8sh0000gn/T/flo-derived.tr2gd7/SourcePackages/checkouts/Alamofire/Source/Core/Request.swift (in target 'Alamofire' from project 'Alamofire')
    cd /tmp/flo-empty/flo.xcodeproj
    

SwiftCompile normal x86_64 /var/folders/g2/4t2t7ssj3n3_v2xrl935g8sh0000gn/T/flo-derived.tr2gd7/SourcePackages/checkouts/Alamofire/Source/Core/RequestTaskMap.swift (in target 'Alamofire' from project 'Alamofire')
    cd /tmp/flo-empty/flo.xcodeproj
    

SwiftCompile normal x86_64 /var/folders/g2/4t2t7ssj3n3_v2xrl935g8sh0000gn/T/flo-derived.tr2gd7/SourcePackages/checkouts/Alamofire/Source/Core/Response.swift (in target 'Alamofire' from project 'Alamofire')
    cd /tmp/flo-empty/flo.xcodeproj
    

SwiftCompile normal x86_64 /var/folders/g2/4t2t7ssj3n3_v2xrl935g8sh0000gn/T/flo-derived.tr2gd7/SourcePackages/checkouts/Alamofire/Source/Core/Session.swift (in target 'Alamofire' from project 'Alamofire')
    cd /tmp/flo-empty/flo.xcodeproj
    

SwiftExplicitDependencyGeneratePcm x86_64 /var/folders/g2/4t2t7ssj3n3_v2xrl935g8sh0000gn/T/flo-derived.tr2gd7/ModuleCache.noindex/CoreImage-4O7BI7ZFDCMAWC3J7FIDZN4WH.pcm

SwiftExplicitDependencyGeneratePcm x86_64 /var/folders/g2/4t2t7ssj3n3_v2xrl935g8sh0000gn/T/flo-derived.tr2gd7/ModuleCache.noindex/Accessibility-DZFKZE8B5S4EHPJ01BAO395DJ.pcm

SwiftExplicitDependencyGeneratePcm arm64 /var/folders/g2/4t2t7ssj3n3_v2xrl935g8sh0000gn/T/flo-derived.tr2gd7/ModuleCache.noindex/CoreData-6HYARHUUUZGG8XM0KUJR166P.pcm

SwiftDriverJobDiscovery normal x86_64 Emitting module for KeychainAccess (in target 'KeychainAccess' from project 'KeychainAccess')

SwiftDriver\ Compilation\ Requirements KeychainAccess normal x86_64 com.apple.xcode.tools.swift.compiler (in target 'KeychainAccess' from project 'KeychainAccess')
    cd /tmp/flo-empty/flo.xcodeproj
    builtin-Swift-Compilation-Requirements -- /Applications/Xcode.app/Contents/Developer/Toolchains/XcodeDefault.xctoolchain/usr/bin/swiftc -module-name KeychainAccess -Onone @/var/folders/g2/4t2t7ssj3n3_v2xrl935g8sh0000gn/T/flo-derived.tr2gd7/Build/Intermediates.noindex/KeychainAccess.build/Debug-iphonesimulator/KeychainAccess.build/Objects-normal/x86_64/KeychainAccess.SwiftFileList -DSWIFT_PACKAGE -DDEBUG -DSWIFT_MODULE_RESOURCE_BUNDLE_UNAVAILABLE -DXcode -plugin-path /Applications/Xcode.app/Contents/Developer/Toolchains/XcodeDefault.xctoolchain/usr/lib/swift/host/plugins/testing -enable-experimental-feature DebugDescriptionMacro -sdk /Applications/Xcode.app/Contents/Developer/Platforms/iPhoneSimulator.platform/Developer/SDKs/iPhoneSimulator26.4.sdk -target x86_64-apple-ios12.0-simulator -g -module-cache-path /var/folders/g2/4t2t7ssj3n3_v2xrl935g8sh0000gn/T/flo-derived.tr2gd7/ModuleCache.noindex -Xfrontend -serialize-debugging-options -enable-testing -suppress-warnings -index-store-path /var/folders/g2/4t2t7ssj3n3_v2xrl935g8sh0000gn/T/flo-derived.tr2gd7/Index.noindex/DataStore -Xcc -D_LIBCPP_HARDENING_MODE\=_LIBCPP_HARDENING_MODE_DEBUG -swift-version 5 -I /var/folders/g2/4t2t7ssj3n3_v2xrl935g8sh0000gn/T/flo-derived.tr2gd7/Build/Products/Debug-iphonesimulator -Isystem /Applications/Xcode.app/Contents/Developer/Platforms/iPhoneSimulator.platform/Developer/usr/lib -F /var/folders/g2/4t2t7ssj3n3_v2xrl935g8sh0000gn/T/flo-derived.tr2gd7/Build/Products/Debug-iphonesimulator -F /Applications/Xcode.app/Contents/Developer/Platforms/iPhoneSimulator.platform/Developer/Library/Frameworks -F /Applications/Xcode.app/Contents/Developer/Platforms/iPhoneSimulator.platform/Developer/SDKs/iPhoneSimulator26.4.sdk/Developer/Library/Frameworks -parse-as-library -c -j12 -enable-batch-mode -incremental -Xcc -ivfsstatcache -Xcc /var/folders/g2/4t2t7ssj3n3_v2xrl935g8sh0000gn/T/flo-derived.tr2gd7/SDKStatCaches.noindex/iphonesimulator26.4-23E237-686eebb5dc1d8ecb277353a59184f4aa.sdkstatcache -output-file-map /var/folders/g2/4t2t7ssj3n3_v2xrl935g8sh0000gn/T/flo-derived.tr2gd7/Build/Intermediates.noindex/KeychainAccess.build/Debug-iphonesimulator/KeychainAccess.build/Objects-normal/x86_64/KeychainAccess-OutputFileMap.json -use-frontend-parseable-output -save-temps -no-color-diagnostics -explicit-module-build -module-cache-path /var/folders/g2/4t2t7ssj3n3_v2xrl935g8sh0000gn/T/flo-derived.tr2gd7/Build/Intermediates.noindex/SwiftExplicitPrecompiledModules -clang-scanner-module-cache-path /var/folders/g2/4t2t7ssj3n3_v2xrl935g8sh0000gn/T/flo-derived.tr2gd7/ModuleCache.noindex -sdk-module-cache-path /var/folders/g2/4t2t7ssj3n3_v2xrl935g8sh0000gn/T/flo-derived.tr2gd7/ModuleCache.noindex -serialize-diagnostics -emit-dependencies -emit-module -emit-module-path /var/folders/g2/4t2t7ssj3n3_v2xrl935g8sh0000gn/T/flo-derived.tr2gd7/Build/Intermediates.noindex/KeychainAccess.build/Debug-iphonesimulator/KeychainAccess.build/Objects-normal/x86_64/KeychainAccess.swiftmodule -validate-clang-modules-once -clang-build-session-file /var/folders/g2/4t2t7ssj3n3_v2xrl935g8sh0000gn/T/flo-derived.tr2gd7/ModuleCache.noindex/Session.modulevalidation -Xcc -I/var/folders/g2/4t2t7ssj3n3_v2xrl935g8sh0000gn/T/flo-derived.tr2gd7/Build/Intermediates.noindex/KeychainAccess.build/Debug-iphonesimulator/KeychainAccess.build/swift-overrides.hmap -emit-const-values -Xfrontend -const-gather-protocols-file -Xfrontend /var/folders/g2/4t2t7ssj3n3_v2xrl935g8sh0000gn/T/flo-derived.tr2gd7/Build/Intermediates.noindex/KeychainAccess.build/Debug-iphonesimulator/KeychainAccess.build/Objects-normal/x86_64/KeychainAccess_const_extract_protocols.json -Xcc -I/var/folders/g2/4t2t7ssj3n3_v2xrl935g8sh0000gn/T/flo-derived.tr2gd7/Build/Products/Debug-iphonesimulator/include -Xcc -I/var/folders/g2/4t2t7ssj3n3_v2xrl935g8sh0000gn/T/flo-derived.tr2gd7/Build/Intermediates.noindex/KeychainAccess.build/Debug-iphonesimulator/KeychainAccess.build/DerivedSources-normal/x86_64 -Xcc -I/var/folders/g2/4t2t7ssj3n3_v2xrl935g8sh0000gn/T/flo-derived.tr2gd7/Build/Intermediates.noindex/KeychainAccess.build/Debug-iphonesimulator/KeychainAccess.build/DerivedSources/x86_64 -Xcc -I/var/folders/g2/4t2t7ssj3n3_v2xrl935g8sh0000gn/T/flo-derived.tr2gd7/Build/Intermediates.noindex/KeychainAccess.build/Debug-iphonesimulator/KeychainAccess.build/DerivedSources -Xcc -DSWIFT_PACKAGE -Xcc -DDEBUG\=1 -emit-objc-header -emit-objc-header-path /var/folders/g2/4t2t7ssj3n3_v2xrl935g8sh0000gn/T/flo-derived.tr2gd7/Build/Intermediates.noindex/KeychainAccess.build/Debug-iphonesimulator/KeychainAccess.build/Objects-normal/x86_64/KeychainAccess-Swift.h -working-directory /tmp/flo-empty/flo.xcodeproj -experimental-emit-module-separately -disable-cmo

SwiftExplicitDependencyGeneratePcm x86_64 /var/folders/g2/4t2t7ssj3n3_v2xrl935g8sh0000gn/T/flo-derived.tr2gd7/ModuleCache.noindex/UniformTypeIdentifiers-3Z6PBWLMHVS6K3U0G7GUIQSGU.pcm

SwiftMergeGeneratedHeaders /var/folders/g2/4t2t7ssj3n3_v2xrl935g8sh0000gn/T/flo-derived.tr2gd7/Build/Intermediates.noindex/GeneratedModuleMaps-iphonesimulator/KeychainAccess-Swift.h /var/folders/g2/4t2t7ssj3n3_v2xrl935g8sh0000gn/T/flo-derived.tr2gd7/Build/Intermediates.noindex/KeychainAccess.build/Debug-iphonesimulator/KeychainAccess.build/Objects-normal/x86_64/KeychainAccess-Swift.h (in target 'KeychainAccess' from project 'KeychainAccess')
    cd /var/folders/g2/4t2t7ssj3n3_v2xrl935g8sh0000gn/T/flo-derived.tr2gd7/SourcePackages/checkouts/KeychainAccess
    builtin-swiftHeaderTool -arch x86_64 /var/folders/g2/4t2t7ssj3n3_v2xrl935g8sh0000gn/T/flo-derived.tr2gd7/Build/Intermediates.noindex/KeychainAccess.build/Debug-iphonesimulator/KeychainAccess.build/Objects-normal/x86_64/KeychainAccess-Swift.h -o /var/folders/g2/4t2t7ssj3n3_v2xrl935g8sh0000gn/T/flo-derived.tr2gd7/Build/Intermediates.noindex/GeneratedModuleMaps-iphonesimulator/KeychainAccess-Swift.h

Copy /var/folders/g2/4t2t7ssj3n3_v2xrl935g8sh0000gn/T/flo-derived.tr2gd7/Build/Products/Debug-iphonesimulator/KeychainAccess.swiftmodule/x86_64-apple-ios-simulator.swiftmodule /var/folders/g2/4t2t7ssj3n3_v2xrl935g8sh0000gn/T/flo-derived.tr2gd7/Build/Intermediates.noindex/KeychainAccess.build/Debug-iphonesimulator/KeychainAccess.build/Objects-normal/x86_64/KeychainAccess.swiftmodule (in target 'KeychainAccess' from project 'KeychainAccess')
    cd /var/folders/g2/4t2t7ssj3n3_v2xrl935g8sh0000gn/T/flo-derived.tr2gd7/SourcePackages/checkouts/KeychainAccess
    builtin-copy -exclude .DS_Store -exclude CVS -exclude .svn -exclude .git -exclude .hg -resolve-src-symlinks -rename /var/folders/g2/4t2t7ssj3n3_v2xrl935g8sh0000gn/T/flo-derived.tr2gd7/Build/Intermediates.noindex/KeychainAccess.build/Debug-iphonesimulator/KeychainAccess.build/Objects-normal/x86_64/KeychainAccess.swiftmodule /var/folders/g2/4t2t7ssj3n3_v2xrl935g8sh0000gn/T/flo-derived.tr2gd7/Build/Products/Debug-iphonesimulator/KeychainAccess.swiftmodule/x86_64-apple-ios-simulator.swiftmodule

Copy /var/folders/g2/4t2t7ssj3n3_v2xrl935g8sh0000gn/T/flo-derived.tr2gd7/Build/Products/Debug-iphonesimulator/KeychainAccess.swiftmodule/x86_64-apple-ios-simulator.swiftdoc /var/folders/g2/4t2t7ssj3n3_v2xrl935g8sh0000gn/T/flo-derived.tr2gd7/Build/Intermediates.noindex/KeychainAccess.build/Debug-iphonesimulator/KeychainAccess.build/Objects-normal/x86_64/KeychainAccess.swiftdoc (in target 'KeychainAccess' from project 'KeychainAccess')
    cd /var/folders/g2/4t2t7ssj3n3_v2xrl935g8sh0000gn/T/flo-derived.tr2gd7/SourcePackages/checkouts/KeychainAccess
    builtin-copy -exclude .DS_Store -exclude CVS -exclude .svn -exclude .git -exclude .hg -resolve-src-symlinks -rename /var/folders/g2/4t2t7ssj3n3_v2xrl935g8sh0000gn/T/flo-derived.tr2gd7/Build/Intermediates.noindex/KeychainAccess.build/Debug-iphonesimulator/KeychainAccess.build/Objects-normal/x86_64/KeychainAccess.swiftdoc /var/folders/g2/4t2t7ssj3n3_v2xrl935g8sh0000gn/T/flo-derived.tr2gd7/Build/Products/Debug-iphonesimulator/KeychainAccess.swiftmodule/x86_64-apple-ios-simulator.swiftdoc

Copy /var/folders/g2/4t2t7ssj3n3_v2xrl935g8sh0000gn/T/flo-derived.tr2gd7/Build/Products/Debug-iphonesimulator/KeychainAccess.swiftmodule/x86_64-apple-ios-simulator.abi.json /var/folders/g2/4t2t7ssj3n3_v2xrl935g8sh0000gn/T/flo-derived.tr2gd7/Build/Intermediates.noindex/KeychainAccess.build/Debug-iphonesimulator/KeychainAccess.build/Objects-normal/x86_64/KeychainAccess.abi.json (in target 'KeychainAccess' from project 'KeychainAccess')
    cd /var/folders/g2/4t2t7ssj3n3_v2xrl935g8sh0000gn/T/flo-derived.tr2gd7/SourcePackages/checkouts/KeychainAccess
    builtin-copy -exclude .DS_Store -exclude CVS -exclude .svn -exclude .git -exclude .hg -resolve-src-symlinks -rename /var/folders/g2/4t2t7ssj3n3_v2xrl935g8sh0000gn/T/flo-derived.tr2gd7/Build/Intermediates.noindex/KeychainAccess.build/Debug-iphonesimulator/KeychainAccess.build/Objects-normal/x86_64/KeychainAccess.abi.json /var/folders/g2/4t2t7ssj3n3_v2xrl935g8sh0000gn/T/flo-derived.tr2gd7/Build/Products/Debug-iphonesimulator/KeychainAccess.swiftmodule/x86_64-apple-ios-simulator.abi.json

Copy /var/folders/g2/4t2t7ssj3n3_v2xrl935g8sh0000gn/T/flo-derived.tr2gd7/Build/Products/Debug-iphonesimulator/KeychainAccess.swiftmodule/Project/x86_64-apple-ios-simulator.swiftsourceinfo /var/folders/g2/4t2t7ssj3n3_v2xrl935g8sh0000gn/T/flo-derived.tr2gd7/Build/Intermediates.noindex/KeychainAccess.build/Debug-iphonesimulator/KeychainAccess.build/Objects-normal/x86_64/KeychainAccess.swiftsourceinfo (in target 'KeychainAccess' from project 'KeychainAccess')
    cd /var/folders/g2/4t2t7ssj3n3_v2xrl935g8sh0000gn/T/flo-derived.tr2gd7/SourcePackages/checkouts/KeychainAccess
    builtin-copy -exclude .DS_Store -exclude CVS -exclude .svn -exclude .git -exclude .hg -resolve-src-symlinks -rename /var/folders/g2/4t2t7ssj3n3_v2xrl935g8sh0000gn/T/flo-derived.tr2gd7/Build/Intermediates.noindex/KeychainAccess.build/Debug-iphonesimulator/KeychainAccess.build/Objects-normal/x86_64/KeychainAccess.swiftsourceinfo /var/folders/g2/4t2t7ssj3n3_v2xrl935g8sh0000gn/T/flo-derived.tr2gd7/Build/Products/Debug-iphonesimulator/KeychainAccess.swiftmodule/Project/x86_64-apple-ios-simulator.swiftsourceinfo

SwiftExplicitDependencyGeneratePcm arm64 /var/folders/g2/4t2t7ssj3n3_v2xrl935g8sh0000gn/T/flo-derived.tr2gd7/ModuleCache.noindex/QuartzCore-65K5LQRAHKORN7RS25GTOMY3L.pcm

SwiftExplicitDependencyGeneratePcm arm64 /var/folders/g2/4t2t7ssj3n3_v2xrl935g8sh0000gn/T/flo-derived.tr2gd7/ModuleCache.noindex/OSLog-6L5URYW3DY32F2CBV9UXMLY7K.pcm

SwiftExplicitDependencyGeneratePcm arm64 /var/folders/g2/4t2t7ssj3n3_v2xrl935g8sh0000gn/T/flo-derived.tr2gd7/ModuleCache.noindex/WatchConnectivity-BZ7ZYMW64L4KE94DJOS23SVUD.pcm

SwiftExplicitDependencyGeneratePcm x86_64 /var/folders/g2/4t2t7ssj3n3_v2xrl935g8sh0000gn/T/flo-derived.tr2gd7/ModuleCache.noindex/UIUtilities-VS6PLGV8FH3WT102LZDAGPEV.pcm

SwiftExplicitDependencyGeneratePcm arm64 /var/folders/g2/4t2t7ssj3n3_v2xrl935g8sh0000gn/T/flo-derived.tr2gd7/ModuleCache.noindex/UserNotifications-5467QG4N6BX0ZPL1HUC3MKM6Q.pcm

SwiftExplicitDependencyGeneratePcm arm64 /var/folders/g2/4t2t7ssj3n3_v2xrl935g8sh0000gn/T/flo-derived.tr2gd7/ModuleCache.noindex/UIUtilities-KWQZOWEF504A7ILU8M65DQED.pcm

SwiftExplicitDependencyGeneratePcm x86_64 /var/folders/g2/4t2t7ssj3n3_v2xrl935g8sh0000gn/T/flo-derived.tr2gd7/ModuleCache.noindex/Symbols-D9C88YK3WJ22OWBS6K8ZW7MML.pcm

SwiftExplicitDependencyGeneratePcm x86_64 /var/folders/g2/4t2t7ssj3n3_v2xrl935g8sh0000gn/T/flo-derived.tr2gd7/ModuleCache.noindex/SceneKit-6ODWSLU79O21QIGBOXEJDWISB.pcm

SwiftExplicitDependencyGeneratePcm x86_64 /var/folders/g2/4t2t7ssj3n3_v2xrl935g8sh0000gn/T/flo-derived.tr2gd7/ModuleCache.noindex/QuartzCore-8NHR4YFED03FLJ88TN0S6GWHW.pcm

SwiftExplicitDependencyGeneratePcm x86_64 /var/folders/g2/4t2t7ssj3n3_v2xrl935g8sh0000gn/T/flo-derived.tr2gd7/ModuleCache.noindex/CoreMedia-CVLU9FGR95K0T291KZJQKP4PJ.pcm

SwiftExplicitDependencyGeneratePcm arm64 /var/folders/g2/4t2t7ssj3n3_v2xrl935g8sh0000gn/T/flo-derived.tr2gd7/ModuleCache.noindex/_LocationEssentials-C47EI2PZ7QGKNOVOW0WMN6B09.pcm

SwiftExplicitDependencyGeneratePcm x86_64 /var/folders/g2/4t2t7ssj3n3_v2xrl935g8sh0000gn/T/flo-derived.tr2gd7/ModuleCache.noindex/SwiftUICore-C32FDEDWCO3RWI5BBHI04U6XX.pcm

SwiftExplicitDependencyGeneratePcm x86_64 /var/folders/g2/4t2t7ssj3n3_v2xrl935g8sh0000gn/T/flo-derived.tr2gd7/ModuleCache.noindex/UIKit-69A2PB6VYW7G0OO0ZIFB5H3N3.pcm

SwiftDriverJobDiscovery normal x86_64 Emitting module for Alamofire (in target 'Alamofire' from project 'Alamofire')

SwiftDriver\ Compilation\ Requirements Alamofire normal x86_64 com.apple.xcode.tools.swift.compiler (in target 'Alamofire' from project 'Alamofire')
    cd /tmp/flo-empty/flo.xcodeproj
    builtin-Swift-Compilation-Requirements -- /Applications/Xcode.app/Contents/Developer/Toolchains/XcodeDefault.xctoolchain/usr/bin/swiftc -module-name Alamofire -Onone @/var/folders/g2/4t2t7ssj3n3_v2xrl935g8sh0000gn/T/flo-derived.tr2gd7/Build/Intermediates.noindex/Alamofire.build/Debug-iphonesimulator/Alamofire.build/Objects-normal/x86_64/Alamofire.SwiftFileList -DSWIFT_PACKAGE -DDEBUG -DSWIFT_MODULE_RESOURCE_BUNDLE_AVAILABLE -DXcode -plugin-path /Applications/Xcode.app/Contents/Developer/Toolchains/XcodeDefault.xctoolchain/usr/lib/swift/host/plugins/testing -enable-experimental-feature DebugDescriptionMacro -sdk /Applications/Xcode.app/Contents/Developer/Platforms/iPhoneSimulator.platform/Developer/SDKs/iPhoneSimulator26.4.sdk -target x86_64-apple-ios12.0-simulator -g -module-cache-path /var/folders/g2/4t2t7ssj3n3_v2xrl935g8sh0000gn/T/flo-derived.tr2gd7/ModuleCache.noindex -Xfrontend -serialize-debugging-options -enable-testing -suppress-warnings -index-store-path /var/folders/g2/4t2t7ssj3n3_v2xrl935g8sh0000gn/T/flo-derived.tr2gd7/Index.noindex/DataStore -Xcc -D_LIBCPP_HARDENING_MODE\=_LIBCPP_HARDENING_MODE_DEBUG -swift-version 5 -I /var/folders/g2/4t2t7ssj3n3_v2xrl935g8sh0000gn/T/flo-derived.tr2gd7/Build/Products/Debug-iphonesimulator -Isystem /Applications/Xcode.app/Contents/Developer/Platforms/iPhoneSimulator.platform/Developer/usr/lib -F /var/folders/g2/4t2t7ssj3n3_v2xrl935g8sh0000gn/T/flo-derived.tr2gd7/Build/Products/Debug-iphonesimulator -F /Applications/Xcode.app/Contents/Developer/Platforms/iPhoneSimulator.platform/Developer/Library/Frameworks -F /Applications/Xcode.app/Contents/Developer/Platforms/iPhoneSimulator.platform/Developer/SDKs/iPhoneSimulator26.4.sdk/Developer/Library/Frameworks -c -j12 -enable-batch-mode -incremental -Xcc -ivfsstatcache -Xcc /var/folders/g2/4t2t7ssj3n3_v2xrl935g8sh0000gn/T/flo-derived.tr2gd7/SDKStatCaches.noindex/iphonesimulator26.4-23E237-686eebb5dc1d8ecb277353a59184f4aa.sdkstatcache -output-file-map /var/folders/g2/4t2t7ssj3n3_v2xrl935g8sh0000gn/T/flo-derived.tr2gd7/Build/Intermediates.noindex/Alamofire.build/Debug-iphonesimulator/Alamofire.build/Objects-normal/x86_64/Alamofire-OutputFileMap.json -use-frontend-parseable-output -save-temps -no-color-diagnostics -explicit-module-build -module-cache-path /var/folders/g2/4t2t7ssj3n3_v2xrl935g8sh0000gn/T/flo-derived.tr2gd7/Build/Intermediates.noindex/SwiftExplicitPrecompiledModules -clang-scanner-module-cache-path /var/folders/g2/4t2t7ssj3n3_v2xrl935g8sh0000gn/T/flo-derived.tr2gd7/ModuleCache.noindex -sdk-module-cache-path /var/folders/g2/4t2t7ssj3n3_v2xrl935g8sh0000gn/T/flo-derived.tr2gd7/ModuleCache.noindex -serialize-diagnostics -emit-dependencies -emit-module -emit-module-path /var/folders/g2/4t2t7ssj3n3_v2xrl935g8sh0000gn/T/flo-derived.tr2gd7/Build/Intermediates.noindex/Alamofire.build/Debug-iphonesimulator/Alamofire.build/Objects-normal/x86_64/Alamofire.swiftmodule -validate-clang-modules-once -clang-build-session-file /var/folders/g2/4t2t7ssj3n3_v2xrl935g8sh0000gn/T/flo-derived.tr2gd7/ModuleCache.noindex/Session.modulevalidation -package-name alamofire -Xcc -I/var/folders/g2/4t2t7ssj3n3_v2xrl935g8sh0000gn/T/flo-derived.tr2gd7/Build/Intermediates.noindex/Alamofire.build/Debug-iphonesimulator/Alamofire.build/swift-overrides.hmap -emit-const-values -Xfrontend -const-gather-protocols-file -Xfrontend /var/folders/g2/4t2t7ssj3n3_v2xrl935g8sh0000gn/T/flo-derived.tr2gd7/Build/Intermediates.noindex/Alamofire.build/Debug-iphonesimulator/Alamofire.build/Objects-normal/x86_64/Alamofire_const_extract_protocols.json -Xcc -I/var/folders/g2/4t2t7ssj3n3_v2xrl935g8sh0000gn/T/flo-derived.tr2gd7/Build/Products/Debug-iphonesimulator/include -Xcc -I/var/folders/g2/4t2t7ssj3n3_v2xrl935g8sh0000gn/T/flo-derived.tr2gd7/Build/Intermediates.noindex/Alamofire.build/Debug-iphonesimulator/Alamofire.build/DerivedSources-normal/x86_64 -Xcc -I/var/folders/g2/4t2t7ssj3n3_v2xrl935g8sh0000gn/T/flo-derived.tr2gd7/Build/Intermediates.noindex/Alamofire.build/Debug-iphonesimulator/Alamofire.build/DerivedSources/x86_64 -Xcc -I/var/folders/g2/4t2t7ssj3n3_v2xrl935g8sh0000gn/T/flo-derived.tr2gd7/Build/Intermediates.noindex/Alamofire.build/Debug-iphonesimulator/Alamofire.build/DerivedSources -Xcc -DSWIFT_PACKAGE -Xcc -DDEBUG\=1 -emit-objc-header -emit-objc-header-path /var/folders/g2/4t2t7ssj3n3_v2xrl935g8sh0000gn/T/flo-derived.tr2gd7/Build/Intermediates.noindex/Alamofire.build/Debug-iphonesimulator/Alamofire.build/Objects-normal/x86_64/Alamofire-Swift.h -working-directory /tmp/flo-empty/flo.xcodeproj -experimental-emit-module-separately -disable-cmo

SwiftExplicitDependencyGeneratePcm arm64 /var/folders/g2/4t2t7ssj3n3_v2xrl935g8sh0000gn/T/flo-derived.tr2gd7/ModuleCache.noindex/CoreLocation-GUDCE1LYSPGC1G7Z4FKK22UQ.pcm

SwiftExplicitDependencyGeneratePcm x86_64 /var/folders/g2/4t2t7ssj3n3_v2xrl935g8sh0000gn/T/flo-derived.tr2gd7/ModuleCache.noindex/_LocationEssentials-4H97F8HPBBWXCMIZF2CVS8FKA.pcm

SwiftMergeGeneratedHeaders /var/folders/g2/4t2t7ssj3n3_v2xrl935g8sh0000gn/T/flo-derived.tr2gd7/Build/Intermediates.noindex/GeneratedModuleMaps-iphonesimulator/Alamofire-Swift.h /var/folders/g2/4t2t7ssj3n3_v2xrl935g8sh0000gn/T/flo-derived.tr2gd7/Build/Intermediates.noindex/Alamofire.build/Debug-iphonesimulator/Alamofire.build/Objects-normal/x86_64/Alamofire-Swift.h (in target 'Alamofire' from project 'Alamofire')
    cd /var/folders/g2/4t2t7ssj3n3_v2xrl935g8sh0000gn/T/flo-derived.tr2gd7/SourcePackages/checkouts/Alamofire
    builtin-swiftHeaderTool -arch x86_64 /var/folders/g2/4t2t7ssj3n3_v2xrl935g8sh0000gn/T/flo-derived.tr2gd7/Build/Intermediates.noindex/Alamofire.build/Debug-iphonesimulator/Alamofire.build/Objects-normal/x86_64/Alamofire-Swift.h -o /var/folders/g2/4t2t7ssj3n3_v2xrl935g8sh0000gn/T/flo-derived.tr2gd7/Build/Intermediates.noindex/GeneratedModuleMaps-iphonesimulator/Alamofire-Swift.h

Copy /var/folders/g2/4t2t7ssj3n3_v2xrl935g8sh0000gn/T/flo-derived.tr2gd7/Build/Products/Debug-iphonesimulator/Alamofire.swiftmodule/x86_64-apple-ios-simulator.swiftmodule /var/folders/g2/4t2t7ssj3n3_v2xrl935g8sh0000gn/T/flo-derived.tr2gd7/Build/Intermediates.noindex/Alamofire.build/Debug-iphonesimulator/Alamofire.build/Objects-normal/x86_64/Alamofire.swiftmodule (in target 'Alamofire' from project 'Alamofire')
    cd /var/folders/g2/4t2t7ssj3n3_v2xrl935g8sh0000gn/T/flo-derived.tr2gd7/SourcePackages/checkouts/Alamofire
    builtin-copy -exclude .DS_Store -exclude CVS -exclude .svn -exclude .git -exclude .hg -resolve-src-symlinks -rename /var/folders/g2/4t2t7ssj3n3_v2xrl935g8sh0000gn/T/flo-derived.tr2gd7/Build/Intermediates.noindex/Alamofire.build/Debug-iphonesimulator/Alamofire.build/Objects-normal/x86_64/Alamofire.swiftmodule /var/folders/g2/4t2t7ssj3n3_v2xrl935g8sh0000gn/T/flo-derived.tr2gd7/Build/Products/Debug-iphonesimulator/Alamofire.swiftmodule/x86_64-apple-ios-simulator.swiftmodule

Copy /var/folders/g2/4t2t7ssj3n3_v2xrl935g8sh0000gn/T/flo-derived.tr2gd7/Build/Products/Debug-iphonesimulator/Alamofire.swiftmodule/x86_64-apple-ios-simulator.swiftdoc /var/folders/g2/4t2t7ssj3n3_v2xrl935g8sh0000gn/T/flo-derived.tr2gd7/Build/Intermediates.noindex/Alamofire.build/Debug-iphonesimulator/Alamofire.build/Objects-normal/x86_64/Alamofire.swiftdoc (in target 'Alamofire' from project 'Alamofire')
    cd /var/folders/g2/4t2t7ssj3n3_v2xrl935g8sh0000gn/T/flo-derived.tr2gd7/SourcePackages/checkouts/Alamofire
    builtin-copy -exclude .DS_Store -exclude CVS -exclude .svn -exclude .git -exclude .hg -resolve-src-symlinks -rename /var/folders/g2/4t2t7ssj3n3_v2xrl935g8sh0000gn/T/flo-derived.tr2gd7/Build/Intermediates.noindex/Alamofire.build/Debug-iphonesimulator/Alamofire.build/Objects-normal/x86_64/Alamofire.swiftdoc /var/folders/g2/4t2t7ssj3n3_v2xrl935g8sh0000gn/T/flo-derived.tr2gd7/Build/Products/Debug-iphonesimulator/Alamofire.swiftmodule/x86_64-apple-ios-simulator.swiftdoc

Copy /var/folders/g2/4t2t7ssj3n3_v2xrl935g8sh0000gn/T/flo-derived.tr2gd7/Build/Products/Debug-iphonesimulator/Alamofire.swiftmodule/x86_64-apple-ios-simulator.abi.json /var/folders/g2/4t2t7ssj3n3_v2xrl935g8sh0000gn/T/flo-derived.tr2gd7/Build/Intermediates.noindex/Alamofire.build/Debug-iphonesimulator/Alamofire.build/Objects-normal/x86_64/Alamofire.abi.json (in target 'Alamofire' from project 'Alamofire')
    cd /var/folders/g2/4t2t7ssj3n3_v2xrl935g8sh0000gn/T/flo-derived.tr2gd7/SourcePackages/checkouts/Alamofire
    builtin-copy -exclude .DS_Store -exclude CVS -exclude .svn -exclude .git -exclude .hg -resolve-src-symlinks -rename /var/folders/g2/4t2t7ssj3n3_v2xrl935g8sh0000gn/T/flo-derived.tr2gd7/Build/Intermediates.noindex/Alamofire.build/Debug-iphonesimulator/Alamofire.build/Objects-normal/x86_64/Alamofire.abi.json /var/folders/g2/4t2t7ssj3n3_v2xrl935g8sh0000gn/T/flo-derived.tr2gd7/Build/Products/Debug-iphonesimulator/Alamofire.swiftmodule/x86_64-apple-ios-simulator.abi.json

Copy /var/folders/g2/4t2t7ssj3n3_v2xrl935g8sh0000gn/T/flo-derived.tr2gd7/Build/Products/Debug-iphonesimulator/Alamofire.swiftmodule/Project/x86_64-apple-ios-simulator.swiftsourceinfo /var/folders/g2/4t2t7ssj3n3_v2xrl935g8sh0000gn/T/flo-derived.tr2gd7/Build/Intermediates.noindex/Alamofire.build/Debug-iphonesimulator/Alamofire.build/Objects-normal/x86_64/Alamofire.swiftsourceinfo (in target 'Alamofire' from project 'Alamofire')
    cd /var/folders/g2/4t2t7ssj3n3_v2xrl935g8sh0000gn/T/flo-derived.tr2gd7/SourcePackages/checkouts/Alamofire
    builtin-copy -exclude .DS_Store -exclude CVS -exclude .svn -exclude .git -exclude .hg -resolve-src-symlinks -rename /var/folders/g2/4t2t7ssj3n3_v2xrl935g8sh0000gn/T/flo-derived.tr2gd7/Build/Intermediates.noindex/Alamofire.build/Debug-iphonesimulator/Alamofire.build/Objects-normal/x86_64/Alamofire.swiftsourceinfo /var/folders/g2/4t2t7ssj3n3_v2xrl935g8sh0000gn/T/flo-derived.tr2gd7/Build/Products/Debug-iphonesimulator/Alamofire.swiftmodule/Project/x86_64-apple-ios-simulator.swiftsourceinfo

SwiftExplicitDependencyGeneratePcm x86_64 /var/folders/g2/4t2t7ssj3n3_v2xrl935g8sh0000gn/T/flo-derived.tr2gd7/ModuleCache.noindex/MediaToolbox-8ISUI0TFW6D5N3A8GFIYNEGW4.pcm

SwiftExplicitDependencyGeneratePcm x86_64 /var/folders/g2/4t2t7ssj3n3_v2xrl935g8sh0000gn/T/flo-derived.tr2gd7/ModuleCache.noindex/AVFAudio-7UXPY0YN8EWHEEAD485S3GGMW.pcm

SwiftExplicitDependencyGeneratePcm x86_64 /var/folders/g2/4t2t7ssj3n3_v2xrl935g8sh0000gn/T/flo-derived.tr2gd7/ModuleCache.noindex/CoreLocation-147FBLB09RJ52B2R5CS3M482A.pcm

SwiftExplicitDependencyGeneratePcm arm64 /var/folders/g2/4t2t7ssj3n3_v2xrl935g8sh0000gn/T/flo-derived.tr2gd7/ModuleCache.noindex/UniformTypeIdentifiers-D0UWBPHYGP20OBMSH74S9206Y.pcm

SwiftExplicitDependencyGeneratePcm arm64 /var/folders/g2/4t2t7ssj3n3_v2xrl935g8sh0000gn/T/flo-derived.tr2gd7/ModuleCache.noindex/SwiftUICore-9NZN1SMYHA6YIMC6B5DHMZYGS.pcm

SwiftExplicitDependencyGeneratePcm x86_64 /var/folders/g2/4t2t7ssj3n3_v2xrl935g8sh0000gn/T/flo-derived.tr2gd7/ModuleCache.noindex/DataDetection-DJJJJ9MFKJ84OWLB0PVZKP2CU.pcm

SwiftExplicitDependencyGeneratePcm x86_64 /var/folders/g2/4t2t7ssj3n3_v2xrl935g8sh0000gn/T/flo-derived.tr2gd7/ModuleCache.noindex/CoreTransferable-7TNCNR1C9SEAVN6CQ91NRGA5I.pcm

SwiftExplicitDependencyGeneratePcm x86_64 /var/folders/g2/4t2t7ssj3n3_v2xrl935g8sh0000gn/T/flo-derived.tr2gd7/ModuleCache.noindex/AVFoundation-2HWJRBGBSV7AK8AT4M6YP03XR.pcm

SwiftExplicitDependencyGeneratePcm x86_64 /var/folders/g2/4t2t7ssj3n3_v2xrl935g8sh0000gn/T/flo-derived.tr2gd7/ModuleCache.noindex/WatchConnectivity-DUOTR56LF4R4H4Y3PLKSJNC25.pcm

SwiftExplicitDependencyGeneratePcm x86_64 /var/folders/g2/4t2t7ssj3n3_v2xrl935g8sh0000gn/T/flo-derived.tr2gd7/ModuleCache.noindex/CoreData-7M3G2RP4DVSFMWVXR5VTENO5L.pcm

SwiftExplicitDependencyGeneratePcm arm64 /var/folders/g2/4t2t7ssj3n3_v2xrl935g8sh0000gn/T/flo-derived.tr2gd7/ModuleCache.noindex/Symbols-AGAX05LERABYE0W5XVHTHY3WT.pcm

SwiftExplicitDependencyGeneratePcm x86_64 /var/folders/g2/4t2t7ssj3n3_v2xrl935g8sh0000gn/T/flo-derived.tr2gd7/ModuleCache.noindex/UserNotifications-9ADXYENHQDPTE8TU4R8ITWRR9.pcm

SwiftExplicitDependencyGeneratePcm arm64 /var/folders/g2/4t2t7ssj3n3_v2xrl935g8sh0000gn/T/flo-derived.tr2gd7/ModuleCache.noindex/UIKit-3NJ3KLPMBF8ZCZ2M5B1AQIL9L.pcm

SwiftExplicitDependencyGeneratePcm x86_64 /var/folders/g2/4t2t7ssj3n3_v2xrl935g8sh0000gn/T/flo-derived.tr2gd7/ModuleCache.noindex/QuartzCore-9PUWM21RM8UO2QI99B7PB3J5D.pcm

SwiftExplicitDependencyGeneratePcm arm64 /var/folders/g2/4t2t7ssj3n3_v2xrl935g8sh0000gn/T/flo-derived.tr2gd7/ModuleCache.noindex/SceneKit-82PHJ68TPT0DS4NCTNN2NGI9N.pcm

SwiftExplicitDependencyGeneratePcm x86_64 /var/folders/g2/4t2t7ssj3n3_v2xrl935g8sh0000gn/T/flo-derived.tr2gd7/ModuleCache.noindex/SwiftUICore-CUDLQ5HTX4TYK6ZEQ3PFFBFR.pcm

SwiftExplicitDependencyGeneratePcm x86_64 /var/folders/g2/4t2t7ssj3n3_v2xrl935g8sh0000gn/T/flo-derived.tr2gd7/ModuleCache.noindex/UIKit-E8DWAL8QVYPUVRWOY3Z82G873.pcm

SwiftDriverJobDiscovery normal x86_64 Compiling SessionDelegate.swift, URLConvertible+URLRequestConvertible.swift, UploadRequest.swift, WebSocketRequest.swift (in target 'Alamofire' from project 'Alamofire')

SwiftExplicitDependencyGeneratePcm arm64 /var/folders/g2/4t2t7ssj3n3_v2xrl935g8sh0000gn/T/flo-derived.tr2gd7/ModuleCache.noindex/Accessibility-4QAKV1OEMQAFOPOK8V6NDOF37.pcm

SwiftExplicitDependencyGeneratePcm x86_64 /var/folders/g2/4t2t7ssj3n3_v2xrl935g8sh0000gn/T/flo-derived.tr2gd7/ModuleCache.noindex/OSLog-OF0M5A020HIPLNJZG1DVZKLK.pcm

SwiftDriverJobDiscovery normal x86_64 Compiling DispatchQueue+Alamofire.swift, OperationQueue+Alamofire.swift, Result+Alamofire.swift, StringEncoding+Alamofire.swift (in target 'Alamofire' from project 'Alamofire')

SwiftDriverJobDiscovery normal x86_64 Compiling resource_bundle_accessor.swift, Alamofire.swift, AFError.swift, DataRequest.swift (in target 'Alamofire' from project 'Alamofire')

SwiftExplicitDependencyGeneratePcm arm64 /var/folders/g2/4t2t7ssj3n3_v2xrl935g8sh0000gn/T/flo-derived.tr2gd7/ModuleCache.noindex/CoreTransferable-8H6605B97AAZCWV527SVC0TMI.pcm

SwiftExplicitDependencyGeneratePcm arm64 /var/folders/g2/4t2t7ssj3n3_v2xrl935g8sh0000gn/T/flo-derived.tr2gd7/ModuleCache.noindex/DataDetection-C2RY5L0ZYJ8TSZPFWYWZNHK4L.pcm

SwiftDriverJobDiscovery normal x86_64 Compiling Notifications.swift, ParameterEncoder.swift, ParameterEncoding.swift, Protected.swift (in target 'Alamofire' from project 'Alamofire')

SwiftCompile normal x86_64 Compiling\ RequestInterceptor.swift,\ ResponseSerialization.swift,\ RetryPolicy.swift /var/folders/g2/4t2t7ssj3n3_v2xrl935g8sh0000gn/T/flo-derived.tr2gd7/SourcePackages/checkouts/Alamofire/Source/Features/RequestInterceptor.swift /var/folders/g2/4t2t7ssj3n3_v2xrl935g8sh0000gn/T/flo-derived.tr2gd7/SourcePackages/checkouts/Alamofire/Source/Features/ResponseSerialization.swift /var/folders/g2/4t2t7ssj3n3_v2xrl935g8sh0000gn/T/flo-derived.tr2gd7/SourcePackages/checkouts/Alamofire/Source/Features/RetryPolicy.swift (in target 'Alamofire' from project 'Alamofire')

SwiftCompile normal x86_64 /var/folders/g2/4t2t7ssj3n3_v2xrl935g8sh0000gn/T/flo-derived.tr2gd7/SourcePackages/checkouts/Alamofire/Source/Features/RequestInterceptor.swift (in target 'Alamofire' from project 'Alamofire')
    cd /tmp/flo-empty/flo.xcodeproj
    

SwiftCompile normal x86_64 /var/folders/g2/4t2t7ssj3n3_v2xrl935g8sh0000gn/T/flo-derived.tr2gd7/SourcePackages/checkouts/Alamofire/Source/Features/ResponseSerialization.swift (in target 'Alamofire' from project 'Alamofire')
    cd /tmp/flo-empty/flo.xcodeproj
    

SwiftCompile normal x86_64 /var/folders/g2/4t2t7ssj3n3_v2xrl935g8sh0000gn/T/flo-derived.tr2gd7/SourcePackages/checkouts/Alamofire/Source/Features/RetryPolicy.swift (in target 'Alamofire' from project 'Alamofire')
    cd /tmp/flo-empty/flo.xcodeproj
    

SwiftCompile normal x86_64 Compiling\ CachedResponseHandler.swift,\ Combine.swift,\ Concurrency.swift /var/folders/g2/4t2t7ssj3n3_v2xrl935g8sh0000gn/T/flo-derived.tr2gd7/SourcePackages/checkouts/Alamofire/Source/Features/CachedResponseHandler.swift /var/folders/g2/4t2t7ssj3n3_v2xrl935g8sh0000gn/T/flo-derived.tr2gd7/SourcePackages/checkouts/Alamofire/Source/Features/Combine.swift /var/folders/g2/4t2t7ssj3n3_v2xrl935g8sh0000gn/T/flo-derived.tr2gd7/SourcePackages/checkouts/Alamofire/Source/Features/Concurrency.swift (in target 'Alamofire' from project 'Alamofire')

SwiftCompile normal x86_64 /var/folders/g2/4t2t7ssj3n3_v2xrl935g8sh0000gn/T/flo-derived.tr2gd7/SourcePackages/checkouts/Alamofire/Source/Features/CachedResponseHandler.swift (in target 'Alamofire' from project 'Alamofire')
    cd /tmp/flo-empty/flo.xcodeproj
    

SwiftCompile normal x86_64 /var/folders/g2/4t2t7ssj3n3_v2xrl935g8sh0000gn/T/flo-derived.tr2gd7/SourcePackages/checkouts/Alamofire/Source/Features/Combine.swift (in target 'Alamofire' from project 'Alamofire')
    cd /tmp/flo-empty/flo.xcodeproj
    

SwiftCompile normal x86_64 /var/folders/g2/4t2t7ssj3n3_v2xrl935g8sh0000gn/T/flo-derived.tr2gd7/SourcePackages/checkouts/Alamofire/Source/Features/Concurrency.swift (in target 'Alamofire' from project 'Alamofire')
    cd /tmp/flo-empty/flo.xcodeproj
    

SwiftCompile normal x86_64 Compiling\ URLRequest+Alamofire.swift,\ URLSessionConfiguration+Alamofire.swift,\ AlamofireExtended.swift,\ AuthenticationInterceptor.swift /var/folders/g2/4t2t7ssj3n3_v2xrl935g8sh0000gn/T/flo-derived.tr2gd7/SourcePackages/checkouts/Alamofire/Source/Extensions/URLRequest+Alamofire.swift /var/folders/g2/4t2t7ssj3n3_v2xrl935g8sh0000gn/T/flo-derived.tr2gd7/SourcePackages/checkouts/Alamofire/Source/Extensions/URLSessionConfiguration+Alamofire.swift /var/folders/g2/4t2t7ssj3n3_v2xrl935g8sh0000gn/T/flo-derived.tr2gd7/SourcePackages/checkouts/Alamofire/Source/Features/AlamofireExtended.swift /var/folders/g2/4t2t7ssj3n3_v2xrl935g8sh0000gn/T/flo-derived.tr2gd7/SourcePackages/checkouts/Alamofire/Source/Features/AuthenticationInterceptor.swift (in target 'Alamofire' from project 'Alamofire')

SwiftCompile normal x86_64 /var/folders/g2/4t2t7ssj3n3_v2xrl935g8sh0000gn/T/flo-derived.tr2gd7/SourcePackages/checkouts/Alamofire/Source/Extensions/URLRequest+Alamofire.swift (in target 'Alamofire' from project 'Alamofire')
    cd /tmp/flo-empty/flo.xcodeproj
    

SwiftCompile normal x86_64 /var/folders/g2/4t2t7ssj3n3_v2xrl935g8sh0000gn/T/flo-derived.tr2gd7/SourcePackages/checkouts/Alamofire/Source/Extensions/URLSessionConfiguration+Alamofire.swift (in target 'Alamofire' from project 'Alamofire')
    cd /tmp/flo-empty/flo.xcodeproj
    

SwiftCompile normal x86_64 /var/folders/g2/4t2t7ssj3n3_v2xrl935g8sh0000gn/T/flo-derived.tr2gd7/SourcePackages/checkouts/Alamofire/Source/Features/AlamofireExtended.swift (in target 'Alamofire' from project 'Alamofire')
    cd /tmp/flo-empty/flo.xcodeproj
    

SwiftCompile normal x86_64 /var/folders/g2/4t2t7ssj3n3_v2xrl935g8sh0000gn/T/flo-derived.tr2gd7/SourcePackages/checkouts/Alamofire/Source/Features/AuthenticationInterceptor.swift (in target 'Alamofire' from project 'Alamofire')
    cd /tmp/flo-empty/flo.xcodeproj
    

SwiftDriverJobDiscovery normal x86_64 Compiling DataStreamRequest.swift, DownloadRequest.swift, HTTPHeaders.swift, HTTPMethod.swift (in target 'Alamofire' from project 'Alamofire')

SwiftCompile normal x86_64 Compiling\ ServerTrustEvaluation.swift,\ URLEncodedFormEncoder.swift,\ Validation.swift /var/folders/g2/4t2t7ssj3n3_v2xrl935g8sh0000gn/T/flo-derived.tr2gd7/SourcePackages/checkouts/Alamofire/Source/Features/ServerTrustEvaluation.swift /var/folders/g2/4t2t7ssj3n3_v2xrl935g8sh0000gn/T/flo-derived.tr2gd7/SourcePackages/checkouts/Alamofire/Source/Features/URLEncodedFormEncoder.swift /var/folders/g2/4t2t7ssj3n3_v2xrl935g8sh0000gn/T/flo-derived.tr2gd7/SourcePackages/checkouts/Alamofire/Source/Features/Validation.swift (in target 'Alamofire' from project 'Alamofire')
SwiftCompile normal x86_64 /var/folders/g2/4t2t7ssj3n3_v2xrl935g8sh0000gn/T/flo-derived.tr2gd7/SourcePackages/checkouts/Alamofire/Source/Features/ServerTrustEvaluation.swift (in target 'Alamofire' from project 'Alamofire')
    cd /tmp/flo-empty/flo.xcodeproj
    

SwiftCompile normal x86_64 /var/folders/g2/4t2t7ssj3n3_v2xrl935g8sh0000gn/T/flo-derived.tr2gd7/SourcePackages/checkouts/Alamofire/Source/Features/URLEncodedFormEncoder.swift (in target 'Alamofire' from project 'Alamofire')
    cd /tmp/flo-empty/flo.xcodeproj
    

SwiftCompile normal x86_64 /var/folders/g2/4t2t7ssj3n3_v2xrl935g8sh0000gn/T/flo-derived.tr2gd7/SourcePackages/checkouts/Alamofire/Source/Features/Validation.swift (in target 'Alamofire' from project 'Alamofire')
    cd /tmp/flo-empty/flo.xcodeproj
    

SwiftCompile normal x86_64 Compiling\ NetworkReachabilityManager.swift,\ RedirectHandler.swift,\ RequestCompression.swift /var/folders/g2/4t2t7ssj3n3_v2xrl935g8sh0000gn/T/flo-derived.tr2gd7/SourcePackages/checkouts/Alamofire/Source/Features/NetworkReachabilityManager.swift /var/folders/g2/4t2t7ssj3n3_v2xrl935g8sh0000gn/T/flo-derived.tr2gd7/SourcePackages/checkouts/Alamofire/Source/Features/RedirectHandler.swift /var/folders/g2/4t2t7ssj3n3_v2xrl935g8sh0000gn/T/flo-derived.tr2gd7/SourcePackages/checkouts/Alamofire/Source/Features/RequestCompression.swift (in target 'Alamofire' from project 'Alamofire')

SwiftCompile normal x86_64 /var/folders/g2/4t2t7ssj3n3_v2xrl935g8sh0000gn/T/flo-derived.tr2gd7/SourcePackages/checkouts/Alamofire/Source/Features/NetworkReachabilityManager.swift (in target 'Alamofire' from project 'Alamofire')
    cd /tmp/flo-empty/flo.xcodeproj
    

SwiftCompile normal x86_64 /var/folders/g2/4t2t7ssj3n3_v2xrl935g8sh0000gn/T/flo-derived.tr2gd7/SourcePackages/checkouts/Alamofire/Source/Features/RedirectHandler.swift (in target 'Alamofire' from project 'Alamofire')
    cd /tmp/flo-empty/flo.xcodeproj
    

SwiftCompile normal x86_64 /var/folders/g2/4t2t7ssj3n3_v2xrl935g8sh0000gn/T/flo-derived.tr2gd7/SourcePackages/checkouts/Alamofire/Source/Features/RequestCompression.swift (in target 'Alamofire' from project 'Alamofire')
    cd /tmp/flo-empty/flo.xcodeproj
    

SwiftCompile normal x86_64 Compiling\ EventMonitor.swift,\ MultipartFormData.swift,\ MultipartUpload.swift /var/folders/g2/4t2t7ssj3n3_v2xrl935g8sh0000gn/T/flo-derived.tr2gd7/SourcePackages/checkouts/Alamofire/Source/Features/EventMonitor.swift /var/folders/g2/4t2t7ssj3n3_v2xrl935g8sh0000gn/T/flo-derived.tr2gd7/SourcePackages/checkouts/Alamofire/Source/Features/MultipartFormData.swift /var/folders/g2/4t2t7ssj3n3_v2xrl935g8sh0000gn/T/flo-derived.tr2gd7/SourcePackages/checkouts/Alamofire/Source/Features/MultipartUpload.swift (in target 'Alamofire' from project 'Alamofire')

SwiftCompile normal x86_64 /var/folders/g2/4t2t7ssj3n3_v2xrl935g8sh0000gn/T/flo-derived.tr2gd7/SourcePackages/checkouts/Alamofire/Source/Features/EventMonitor.swift (in target 'Alamofire' from project 'Alamofire')
    cd /tmp/flo-empty/flo.xcodeproj
    

SwiftCompile normal x86_64 /var/folders/g2/4t2t7ssj3n3_v2xrl935g8sh0000gn/T/flo-derived.tr2gd7/SourcePackages/checkouts/Alamofire/Source/Features/MultipartFormData.swift (in target 'Alamofire' from project 'Alamofire')
    cd /tmp/flo-empty/flo.xcodeproj
    

SwiftCompile normal x86_64 /var/folders/g2/4t2t7ssj3n3_v2xrl935g8sh0000gn/T/flo-derived.tr2gd7/SourcePackages/checkouts/Alamofire/Source/Features/MultipartUpload.swift (in target 'Alamofire' from project 'Alamofire')
    cd /tmp/flo-empty/flo.xcodeproj
    

SwiftExplicitDependencyGeneratePcm x86_64 /var/folders/g2/4t2t7ssj3n3_v2xrl935g8sh0000gn/T/flo-derived.tr2gd7/ModuleCache.noindex/AVKit-3KX8F8X0XSTZHGB02G1JPIRJL.pcm

SwiftExplicitDependencyGeneratePcm x86_64 /var/folders/g2/4t2t7ssj3n3_v2xrl935g8sh0000gn/T/flo-derived.tr2gd7/ModuleCache.noindex/SwiftUI-D71URPDNCUEKE5ZWVMPMJ1SOK.pcm

SwiftDriverJobDiscovery normal x86_64 Compiling Request.swift, RequestTaskMap.swift, Response.swift, Session.swift (in target 'Alamofire' from project 'Alamofire')

SwiftCompile normal x86_64 Compiling\ ImageEncoders+Default.swift,\ ImageEncoders+ImageIO.swift,\ ImageEncoders.swift,\ ImageEncoding.swift,\ ImageContainer.swift /var/folders/g2/4t2t7ssj3n3_v2xrl935g8sh0000gn/T/flo-derived.tr2gd7/SourcePackages/checkouts/Nuke/Sources/Nuke/Encoding/ImageEncoders+Default.swift /var/folders/g2/4t2t7ssj3n3_v2xrl935g8sh0000gn/T/flo-derived.tr2gd7/SourcePackages/checkouts/Nuke/Sources/Nuke/Encoding/ImageEncoders+ImageIO.swift /var/folders/g2/4t2t7ssj3n3_v2xrl935g8sh0000gn/T/flo-derived.tr2gd7/SourcePackages/checkouts/Nuke/Sources/Nuke/Encoding/ImageEncoders.swift /var/folders/g2/4t2t7ssj3n3_v2xrl935g8sh0000gn/T/flo-derived.tr2gd7/SourcePackages/checkouts/Nuke/Sources/Nuke/Encoding/ImageEncoding.swift /var/folders/g2/4t2t7ssj3n3_v2xrl935g8sh0000gn/T/flo-derived.tr2gd7/SourcePackages/checkouts/Nuke/Sources/Nuke/ImageContainer.swift (in target 'Nuke' from project 'Nuke')
SwiftCompile normal x86_64 /var/folders/g2/4t2t7ssj3n3_v2xrl935g8sh0000gn/T/flo-derived.tr2gd7/SourcePackages/checkouts/Nuke/Sources/Nuke/Encoding/ImageEncoders+Default.swift (in target 'Nuke' from project 'Nuke')
    cd /tmp/flo-empty/flo.xcodeproj
    

SwiftCompile normal x86_64 /var/folders/g2/4t2t7ssj3n3_v2xrl935g8sh0000gn/T/flo-derived.tr2gd7/SourcePackages/checkouts/Nuke/Sources/Nuke/Encoding/ImageEncoders+ImageIO.swift (in target 'Nuke' from project 'Nuke')
    cd /tmp/flo-empty/flo.xcodeproj
    

SwiftCompile normal x86_64 /var/folders/g2/4t2t7ssj3n3_v2xrl935g8sh0000gn/T/flo-derived.tr2gd7/SourcePackages/checkouts/Nuke/Sources/Nuke/Encoding/ImageEncoders.swift (in target 'Nuke' from project 'Nuke')
    cd /tmp/flo-empty/flo.xcodeproj
    

SwiftCompile normal x86_64 /var/folders/g2/4t2t7ssj3n3_v2xrl935g8sh0000gn/T/flo-derived.tr2gd7/SourcePackages/checkouts/Nuke/Sources/Nuke/Encoding/ImageEncoding.swift (in target 'Nuke' from project 'Nuke')
    cd /tmp/flo-empty/flo.xcodeproj
    

SwiftCompile normal x86_64 /var/folders/g2/4t2t7ssj3n3_v2xrl935g8sh0000gn/T/flo-derived.tr2gd7/SourcePackages/checkouts/Nuke/Sources/Nuke/ImageContainer.swift (in target 'Nuke' from project 'Nuke')
    cd /tmp/flo-empty/flo.xcodeproj
    

SwiftEmitModule normal x86_64 Emitting\ module\ for\ Nuke (in target 'Nuke' from project 'Nuke')

EmitSwiftModule normal x86_64 (in target 'Nuke' from project 'Nuke')
    cd /tmp/flo-empty/flo.xcodeproj
    

SwiftEmitModule normal x86_64 Emitting\ module\ for\ Pulse (in target 'Pulse' from project 'Pulse')

EmitSwiftModule normal x86_64 (in target 'Pulse' from project 'Pulse')
    cd /tmp/flo-empty/flo.xcodeproj
    

SwiftDriverJobDiscovery normal x86_64 Compiling Keychain.swift (in target 'KeychainAccess' from project 'KeychainAccess')

SwiftCompile normal x86_64 Compiling\ NetworkLogger+Entities.swift,\ NetworkLogger+Redacting.swift /var/folders/g2/4t2t7ssj3n3_v2xrl935g8sh0000gn/T/flo-derived.tr2gd7/SourcePackages/checkouts/Pulse/Sources/Pulse/NetworkLogger/NetworkLogger+Entities.swift /var/folders/g2/4t2t7ssj3n3_v2xrl935g8sh0000gn/T/flo-derived.tr2gd7/SourcePackages/checkouts/Pulse/Sources/Pulse/NetworkLogger/NetworkLogger+Redacting.swift (in target 'Pulse' from project 'Pulse')

SwiftCompile normal x86_64 /var/folders/g2/4t2t7ssj3n3_v2xrl935g8sh0000gn/T/flo-derived.tr2gd7/SourcePackages/checkouts/Pulse/Sources/Pulse/NetworkLogger/NetworkLogger+Entities.swift (in target 'Pulse' from project 'Pulse')
    cd /tmp/flo-empty/flo.xcodeproj
    

SwiftCompile normal x86_64 /var/folders/g2/4t2t7ssj3n3_v2xrl935g8sh0000gn/T/flo-derived.tr2gd7/SourcePackages/checkouts/Pulse/Sources/Pulse/NetworkLogger/NetworkLogger+Redacting.swift (in target 'Pulse' from project 'Pulse')
    cd /tmp/flo-empty/flo.xcodeproj
    

SwiftDriverJobDiscovery normal x86_64 Compiling URLRequest+Alamofire.swift, URLSessionConfiguration+Alamofire.swift, AlamofireExtended.swift, AuthenticationInterceptor.swift (in target 'Alamofire' from project 'Alamofire')

SwiftCompile normal x86_64 Compiling\ MockingURLProtocol.swift,\ NetworkDebugger.swift /var/folders/g2/4t2t7ssj3n3_v2xrl935g8sh0000gn/T/flo-derived.tr2gd7/SourcePackages/checkouts/Pulse/Sources/Pulse/NetworkDebugger/MockingURLProtocol.swift /var/folders/g2/4t2t7ssj3n3_v2xrl935g8sh0000gn/T/flo-derived.tr2gd7/SourcePackages/checkouts/Pulse/Sources/Pulse/NetworkDebugger/NetworkDebugger.swift (in target 'Pulse' from project 'Pulse')

SwiftCompile normal x86_64 /var/folders/g2/4t2t7ssj3n3_v2xrl935g8sh0000gn/T/flo-derived.tr2gd7/SourcePackages/checkouts/Pulse/Sources/Pulse/NetworkDebugger/MockingURLProtocol.swift (in target 'Pulse' from project 'Pulse')
    cd /tmp/flo-empty/flo.xcodeproj
    

SwiftCompile normal x86_64 /var/folders/g2/4t2t7ssj3n3_v2xrl935g8sh0000gn/T/flo-derived.tr2gd7/SourcePackages/checkouts/Pulse/Sources/Pulse/NetworkDebugger/NetworkDebugger.swift (in target 'Pulse' from project 'Pulse')
    cd /tmp/flo-empty/flo.xcodeproj
    

SwiftExplicitDependencyGeneratePcm arm64 /var/folders/g2/4t2t7ssj3n3_v2xrl935g8sh0000gn/T/flo-derived.tr2gd7/ModuleCache.noindex/HomeKit-91LJIM4U6UVBBJJ8WGXDL3APO.pcm

SwiftDriverJobDiscovery normal x86_64 Compiling RequestInterceptor.swift, ResponseSerialization.swift, RetryPolicy.swift (in target 'Alamofire' from project 'Alamofire')

SwiftExplicitDependencyGeneratePcm arm64 /var/folders/g2/4t2t7ssj3n3_v2xrl935g8sh0000gn/T/flo-derived.tr2gd7/ModuleCache.noindex/MapKit-2PGTGS3FFTW3Y5M4F80T4V1NL.pcm

SwiftDriverJobDiscovery normal x86_64 Compiling NetworkReachabilityManager.swift, RedirectHandler.swift, RequestCompression.swift (in target 'Alamofire' from project 'Alamofire')

SwiftCompile normal x86_64 Compiling\ URLSessionProtocol.swift,\ URLSessionProxy.swift /var/folders/g2/4t2t7ssj3n3_v2xrl935g8sh0000gn/T/flo-derived.tr2gd7/SourcePackages/checkouts/Pulse/Sources/Pulse/URLSessionProxy/URLSessionProtocol.swift /var/folders/g2/4t2t7ssj3n3_v2xrl935g8sh0000gn/T/flo-derived.tr2gd7/SourcePackages/checkouts/Pulse/Sources/Pulse/URLSessionProxy/URLSessionProxy.swift (in target 'Pulse' from project 'Pulse')

SwiftCompile normal x86_64 /var/folders/g2/4t2t7ssj3n3_v2xrl935g8sh0000gn/T/flo-derived.tr2gd7/SourcePackages/checkouts/Pulse/Sources/Pulse/URLSessionProxy/URLSessionProtocol.swift (in target 'Pulse' from project 'Pulse')
    cd /tmp/flo-empty/flo.xcodeproj
    

SwiftCompile normal x86_64 /var/folders/g2/4t2t7ssj3n3_v2xrl935g8sh0000gn/T/flo-derived.tr2gd7/SourcePackages/checkouts/Pulse/Sources/Pulse/URLSessionProxy/URLSessionProxy.swift (in target 'Pulse' from project 'Pulse')
    cd /tmp/flo-empty/flo.xcodeproj
    

SwiftCompile normal x86_64 Compiling\ LoggerStore+Version.swift,\ LoggerStore.swift /var/folders/g2/4t2t7ssj3n3_v2xrl935g8sh0000gn/T/flo-derived.tr2gd7/SourcePackages/checkouts/Pulse/Sources/Pulse/LoggerStore/LoggerStore+Version.swift /var/folders/g2/4t2t7ssj3n3_v2xrl935g8sh0000gn/T/flo-derived.tr2gd7/SourcePackages/checkouts/Pulse/Sources/Pulse/LoggerStore/LoggerStore.swift (in target 'Pulse' from project 'Pulse')

SwiftCompile normal x86_64 /var/folders/g2/4t2t7ssj3n3_v2xrl935g8sh0000gn/T/flo-derived.tr2gd7/SourcePackages/checkouts/Pulse/Sources/Pulse/LoggerStore/LoggerStore+Version.swift (in target 'Pulse' from project 'Pulse')
    cd /tmp/flo-empty/flo.xcodeproj
    

SwiftCompile normal x86_64 /var/folders/g2/4t2t7ssj3n3_v2xrl935g8sh0000gn/T/flo-derived.tr2gd7/SourcePackages/checkouts/Pulse/Sources/Pulse/LoggerStore/LoggerStore.swift (in target 'Pulse' from project 'Pulse')
    cd /tmp/flo-empty/flo.xcodeproj
    

SwiftExplicitDependencyGeneratePcm arm64 /var/folders/g2/4t2t7ssj3n3_v2xrl935g8sh0000gn/T/flo-derived.tr2gd7/ModuleCache.noindex/WatchKit-2S4AO4S4WQYMYGJ5BAEOX6M2L.pcm

SwiftExplicitDependencyGeneratePcm x86_64 /var/folders/g2/4t2t7ssj3n3_v2xrl935g8sh0000gn/T/flo-derived.tr2gd7/ModuleCache.noindex/HomeKit-8A3BX0QI6AJAM8FNSRNKXWLHL.pcm

SwiftDriverJobDiscovery normal x86_64 Compiling MockingURLProtocol.swift, NetworkDebugger.swift (in target 'Pulse' from project 'Pulse')

SwiftExplicitDependencyGeneratePcm x86_64 /var/folders/g2/4t2t7ssj3n3_v2xrl935g8sh0000gn/T/flo-derived.tr2gd7/ModuleCache.noindex/MapKit-EC746ZJWTXVF10R5SGP80DBCQ.pcm

SwiftExplicitDependencyGeneratePcm arm64 /var/folders/g2/4t2t7ssj3n3_v2xrl935g8sh0000gn/T/flo-derived.tr2gd7/ModuleCache.noindex/SwiftUI-24AMH69JPBLZQHE6K06K9XXG.pcm

SwiftCompile normal x86_64 Compiling\ URLSessionProxyDelegate+AutomaticRegistration.swift,\ URLSessionProxyDelegate.swift /var/folders/g2/4t2t7ssj3n3_v2xrl935g8sh0000gn/T/flo-derived.tr2gd7/SourcePackages/checkouts/Pulse/Sources/Pulse/URLSessionProxy/URLSessionProxyDelegate+AutomaticRegistration.swift /var/folders/g2/4t2t7ssj3n3_v2xrl935g8sh0000gn/T/flo-derived.tr2gd7/SourcePackages/checkouts/Pulse/Sources/Pulse/URLSessionProxy/URLSessionProxyDelegate.swift (in target 'Pulse' from project 'Pulse')

SwiftCompile normal x86_64 /var/folders/g2/4t2t7ssj3n3_v2xrl935g8sh0000gn/T/flo-derived.tr2gd7/SourcePackages/checkouts/Pulse/Sources/Pulse/URLSessionProxy/URLSessionProxyDelegate+AutomaticRegistration.swift (in target 'Pulse' from project 'Pulse')
    cd /tmp/flo-empty/flo.xcodeproj
    

SwiftCompile normal x86_64 /var/folders/g2/4t2t7ssj3n3_v2xrl935g8sh0000gn/T/flo-derived.tr2gd7/SourcePackages/checkouts/Pulse/Sources/Pulse/URLSessionProxy/URLSessionProxyDelegate.swift (in target 'Pulse' from project 'Pulse')
    cd /tmp/flo-empty/flo.xcodeproj
    

SwiftDriverJobDiscovery normal x86_64 Emitting module for Nuke (in target 'Nuke' from project 'Nuke')

SwiftDriver\ Compilation\ Requirements Nuke normal x86_64 com.apple.xcode.tools.swift.compiler (in target 'Nuke' from project 'Nuke')
    cd /tmp/flo-empty/flo.xcodeproj
    builtin-Swift-Compilation-Requirements -- /Applications/Xcode.app/Contents/Developer/Toolchains/XcodeDefault.xctoolchain/usr/bin/swiftc -module-name Nuke -Onone @/var/folders/g2/4t2t7ssj3n3_v2xrl935g8sh0000gn/T/flo-derived.tr2gd7/Build/Intermediates.noindex/Nuke.build/Debug-iphonesimulator/Nuke.build/Objects-normal/x86_64/Nuke.SwiftFileList -DSWIFT_PACKAGE -DDEBUG -DSWIFT_MODULE_RESOURCE_BUNDLE_UNAVAILABLE -DXcode -plugin-path /Applications/Xcode.app/Contents/Developer/Toolchains/XcodeDefault.xctoolchain/usr/lib/swift/host/plugins/testing -enable-experimental-feature DebugDescriptionMacro -sdk /Applications/Xcode.app/Contents/Developer/Platforms/iPhoneSimulator.platform/Developer/SDKs/iPhoneSimulator26.4.sdk -target x86_64-apple-ios13.0-simulator -g -module-cache-path /var/folders/g2/4t2t7ssj3n3_v2xrl935g8sh0000gn/T/flo-derived.tr2gd7/ModuleCache.noindex -Xfrontend -serialize-debugging-options -enable-testing -suppress-warnings -index-store-path /var/folders/g2/4t2t7ssj3n3_v2xrl935g8sh0000gn/T/flo-derived.tr2gd7/Index.noindex/DataStore -Xcc -D_LIBCPP_HARDENING_MODE\=_LIBCPP_HARDENING_MODE_DEBUG -swift-version 5 -I /var/folders/g2/4t2t7ssj3n3_v2xrl935g8sh0000gn/T/flo-derived.tr2gd7/Build/Products/Debug-iphonesimulator -Isystem /Applications/Xcode.app/Contents/Developer/Platforms/iPhoneSimulator.platform/Developer/usr/lib -F /var/folders/g2/4t2t7ssj3n3_v2xrl935g8sh0000gn/T/flo-derived.tr2gd7/Build/Products/Debug-iphonesimulator -F /Applications/Xcode.app/Contents/Developer/Platforms/iPhoneSimulator.platform/Developer/Library/Frameworks -F /Applications/Xcode.app/Contents/Developer/Platforms/iPhoneSimulator.platform/Developer/SDKs/iPhoneSimulator26.4.sdk/Developer/Library/Frameworks -c -j12 -enable-batch-mode -incremental -Xcc -ivfsstatcache -Xcc /var/folders/g2/4t2t7ssj3n3_v2xrl935g8sh0000gn/T/flo-derived.tr2gd7/SDKStatCaches.noindex/iphonesimulator26.4-23E237-686eebb5dc1d8ecb277353a59184f4aa.sdkstatcache -output-file-map /var/folders/g2/4t2t7ssj3n3_v2xrl935g8sh0000gn/T/flo-derived.tr2gd7/Build/Intermediates.noindex/Nuke.build/Debug-iphonesimulator/Nuke.build/Objects-normal/x86_64/Nuke-OutputFileMap.json -use-frontend-parseable-output -save-temps -no-color-diagnostics -explicit-module-build -module-cache-path /var/folders/g2/4t2t7ssj3n3_v2xrl935g8sh0000gn/T/flo-derived.tr2gd7/Build/Intermediates.noindex/SwiftExplicitPrecompiledModules -clang-scanner-module-cache-path /var/folders/g2/4t2t7ssj3n3_v2xrl935g8sh0000gn/T/flo-derived.tr2gd7/ModuleCache.noindex -sdk-module-cache-path /var/folders/g2/4t2t7ssj3n3_v2xrl935g8sh0000gn/T/flo-derived.tr2gd7/ModuleCache.noindex -serialize-diagnostics -emit-dependencies -emit-module -emit-module-path /var/folders/g2/4t2t7ssj3n3_v2xrl935g8sh0000gn/T/flo-derived.tr2gd7/Build/Intermediates.noindex/Nuke.build/Debug-iphonesimulator/Nuke.build/Objects-normal/x86_64/Nuke.swiftmodule -validate-clang-modules-once -clang-build-session-file /var/folders/g2/4t2t7ssj3n3_v2xrl935g8sh0000gn/T/flo-derived.tr2gd7/ModuleCache.noindex/Session.modulevalidation -package-name nuke -Xcc -I/var/folders/g2/4t2t7ssj3n3_v2xrl935g8sh0000gn/T/flo-derived.tr2gd7/Build/Intermediates.noindex/Nuke.build/Debug-iphonesimulator/Nuke.build/swift-overrides.hmap -emit-const-values -Xfrontend -const-gather-protocols-file -Xfrontend /var/folders/g2/4t2t7ssj3n3_v2xrl935g8sh0000gn/T/flo-derived.tr2gd7/Build/Intermediates.noindex/Nuke.build/Debug-iphonesimulator/Nuke.build/Objects-normal/x86_64/Nuke_const_extract_protocols.json -Xcc -I/var/folders/g2/4t2t7ssj3n3_v2xrl935g8sh0000gn/T/flo-derived.tr2gd7/Build/Products/Debug-iphonesimulator/include -Xcc -I/var/folders/g2/4t2t7ssj3n3_v2xrl935g8sh0000gn/T/flo-derived.tr2gd7/Build/Intermediates.noindex/Nuke.build/Debug-iphonesimulator/Nuke.build/DerivedSources-normal/x86_64 -Xcc -I/var/folders/g2/4t2t7ssj3n3_v2xrl935g8sh0000gn/T/flo-derived.tr2gd7/Build/Intermediates.noindex/Nuke.build/Debug-iphonesimulator/Nuke.build/DerivedSources/x86_64 -Xcc -I/var/folders/g2/4t2t7ssj3n3_v2xrl935g8sh0000gn/T/flo-derived.tr2gd7/Build/Intermediates.noindex/Nuke.build/Debug-iphonesimulator/Nuke.build/DerivedSources -Xcc -DSWIFT_PACKAGE -Xcc -DDEBUG\=1 -emit-objc-header -emit-objc-header-path /var/folders/g2/4t2t7ssj3n3_v2xrl935g8sh0000gn/T/flo-derived.tr2gd7/Build/Intermediates.noindex/Nuke.build/Debug-iphonesimulator/Nuke.build/Objects-normal/x86_64/Nuke-Swift.h -working-directory /tmp/flo-empty/flo.xcodeproj -experimental-emit-module-separately -disable-cmo

SwiftEmitModule normal arm64 Emitting\ module\ for\ flo_Watch_Watch_App (in target 'flo Watch Watch App' from project 'flo')

EmitSwiftModule normal arm64 (in target 'flo Watch Watch App' from project 'flo')
    cd /tmp/flo-empty
    

SwiftMergeGeneratedHeaders /var/folders/g2/4t2t7ssj3n3_v2xrl935g8sh0000gn/T/flo-derived.tr2gd7/Build/Intermediates.noindex/GeneratedModuleMaps-iphonesimulator/Nuke-Swift.h /var/folders/g2/4t2t7ssj3n3_v2xrl935g8sh0000gn/T/flo-derived.tr2gd7/Build/Intermediates.noindex/Nuke.build/Debug-iphonesimulator/Nuke.build/Objects-normal/x86_64/Nuke-Swift.h (in target 'Nuke' from project 'Nuke')
    cd /var/folders/g2/4t2t7ssj3n3_v2xrl935g8sh0000gn/T/flo-derived.tr2gd7/SourcePackages/checkouts/Nuke
    builtin-swiftHeaderTool -arch x86_64 /var/folders/g2/4t2t7ssj3n3_v2xrl935g8sh0000gn/T/flo-derived.tr2gd7/Build/Intermediates.noindex/Nuke.build/Debug-iphonesimulator/Nuke.build/Objects-normal/x86_64/Nuke-Swift.h -o /var/folders/g2/4t2t7ssj3n3_v2xrl935g8sh0000gn/T/flo-derived.tr2gd7/Build/Intermediates.noindex/GeneratedModuleMaps-iphonesimulator/Nuke-Swift.h

SwiftDriverJobDiscovery normal x86_64 Compiling CachedResponseHandler.swift, Combine.swift, Concurrency.swift (in target 'Alamofire' from project 'Alamofire')

Copy /var/folders/g2/4t2t7ssj3n3_v2xrl935g8sh0000gn/T/flo-derived.tr2gd7/Build/Products/Debug-iphonesimulator/Nuke.swiftmodule/x86_64-apple-ios-simulator.swiftmodule /var/folders/g2/4t2t7ssj3n3_v2xrl935g8sh0000gn/T/flo-derived.tr2gd7/Build/Intermediates.noindex/Nuke.build/Debug-iphonesimulator/Nuke.build/Objects-normal/x86_64/Nuke.swiftmodule (in target 'Nuke' from project 'Nuke')
    cd /var/folders/g2/4t2t7ssj3n3_v2xrl935g8sh0000gn/T/flo-derived.tr2gd7/SourcePackages/checkouts/Nuke
    builtin-copy -exclude .DS_Store -exclude CVS -exclude .svn -exclude .git -exclude .hg -resolve-src-symlinks -rename /var/folders/g2/4t2t7ssj3n3_v2xrl935g8sh0000gn/T/flo-derived.tr2gd7/Build/Intermediates.noindex/Nuke.build/Debug-iphonesimulator/Nuke.build/Objects-normal/x86_64/Nuke.swiftmodule /var/folders/g2/4t2t7ssj3n3_v2xrl935g8sh0000gn/T/flo-derived.tr2gd7/Build/Products/Debug-iphonesimulator/Nuke.swiftmodule/x86_64-apple-ios-simulator.swiftmodule

Copy /var/folders/g2/4t2t7ssj3n3_v2xrl935g8sh0000gn/T/flo-derived.tr2gd7/Build/Products/Debug-iphonesimulator/Nuke.swiftmodule/x86_64-apple-ios-simulator.swiftdoc /var/folders/g2/4t2t7ssj3n3_v2xrl935g8sh0000gn/T/flo-derived.tr2gd7/Build/Intermediates.noindex/Nuke.build/Debug-iphonesimulator/Nuke.build/Objects-normal/x86_64/Nuke.swiftdoc (in target 'Nuke' from project 'Nuke')
    cd /var/folders/g2/4t2t7ssj3n3_v2xrl935g8sh0000gn/T/flo-derived.tr2gd7/SourcePackages/checkouts/Nuke
    builtin-copy -exclude .DS_Store -exclude CVS -exclude .svn -exclude .git -exclude .hg -resolve-src-symlinks -rename /var/folders/g2/4t2t7ssj3n3_v2xrl935g8sh0000gn/T/flo-derived.tr2gd7/Build/Intermediates.noindex/Nuke.build/Debug-iphonesimulator/Nuke.build/Objects-normal/x86_64/Nuke.swiftdoc /var/folders/g2/4t2t7ssj3n3_v2xrl935g8sh0000gn/T/flo-derived.tr2gd7/Build/Products/Debug-iphonesimulator/Nuke.swiftmodule/x86_64-apple-ios-simulator.swiftdoc

Copy /var/folders/g2/4t2t7ssj3n3_v2xrl935g8sh0000gn/T/flo-derived.tr2gd7/Build/Products/Debug-iphonesimulator/Nuke.swiftmodule/x86_64-apple-ios-simulator.abi.json /var/folders/g2/4t2t7ssj3n3_v2xrl935g8sh0000gn/T/flo-derived.tr2gd7/Build/Intermediates.noindex/Nuke.build/Debug-iphonesimulator/Nuke.build/Objects-normal/x86_64/Nuke.abi.json (in target 'Nuke' from project 'Nuke')
    cd /var/folders/g2/4t2t7ssj3n3_v2xrl935g8sh0000gn/T/flo-derived.tr2gd7/SourcePackages/checkouts/Nuke
    builtin-copy -exclude .DS_Store -exclude CVS -exclude .svn -exclude .git -exclude .hg -resolve-src-symlinks -rename /var/folders/g2/4t2t7ssj3n3_v2xrl935g8sh0000gn/T/flo-derived.tr2gd7/Build/Intermediates.noindex/Nuke.build/Debug-iphonesimulator/Nuke.build/Objects-normal/x86_64/Nuke.abi.json /var/folders/g2/4t2t7ssj3n3_v2xrl935g8sh0000gn/T/flo-derived.tr2gd7/Build/Products/Debug-iphonesimulator/Nuke.swiftmodule/x86_64-apple-ios-simulator.abi.json

Copy /var/folders/g2/4t2t7ssj3n3_v2xrl935g8sh0000gn/T/flo-derived.tr2gd7/Build/Products/Debug-iphonesimulator/Nuke.swiftmodule/Project/x86_64-apple-ios-simulator.swiftsourceinfo /var/folders/g2/4t2t7ssj3n3_v2xrl935g8sh0000gn/T/flo-derived.tr2gd7/Build/Intermediates.noindex/Nuke.build/Debug-iphonesimulator/Nuke.build/Objects-normal/x86_64/Nuke.swiftsourceinfo (in target 'Nuke' from project 'Nuke')
    cd /var/folders/g2/4t2t7ssj3n3_v2xrl935g8sh0000gn/T/flo-derived.tr2gd7/SourcePackages/checkouts/Nuke
    builtin-copy -exclude .DS_Store -exclude CVS -exclude .svn -exclude .git -exclude .hg -resolve-src-symlinks -rename /var/folders/g2/4t2t7ssj3n3_v2xrl935g8sh0000gn/T/flo-derived.tr2gd7/Build/Intermediates.noindex/Nuke.build/Debug-iphonesimulator/Nuke.build/Objects-normal/x86_64/Nuke.swiftsourceinfo /var/folders/g2/4t2t7ssj3n3_v2xrl935g8sh0000gn/T/flo-derived.tr2gd7/Build/Products/Debug-iphonesimulator/Nuke.swiftmodule/Project/x86_64-apple-ios-simulator.swiftsourceinfo

SwiftCompile normal arm64 Compiling\ ExplicitStatus.swift,\ ExplicitBadge.swift,\ LRCLIB.swift /tmp/flo-empty/flo/Shared/Models/ExplicitStatus.swift /tmp/flo-empty/flo/Shared/Utils/ExplicitBadge.swift /tmp/flo-empty/flo/Shared/Models/LRCLIB.swift (in target 'flo Watch Watch App' from project 'flo')

SwiftCompile normal arm64 /tmp/flo-empty/flo/Shared/Models/ExplicitStatus.swift (in target 'flo Watch Watch App' from project 'flo')
    cd /tmp/flo-empty
    

SwiftCompile normal arm64 /tmp/flo-empty/flo/Shared/Utils/ExplicitBadge.swift (in target 'flo Watch Watch App' from project 'flo')
    cd /tmp/flo-empty
    

SwiftCompile normal arm64 /tmp/flo-empty/flo/Shared/Models/LRCLIB.swift (in target 'flo Watch Watch App' from project 'flo')
    cd /tmp/flo-empty
    

SwiftCompile normal arm64 Compiling\ ScanStatus.swift,\ Subsonic.swift,\ Artist.swift /tmp/flo-empty/flo/Shared/Models/ScanStatus.swift /tmp/flo-empty/flo/Shared/Models/Subsonic.swift /tmp/flo-empty/flo/Shared/Models/Artist.swift (in target 'flo Watch Watch App' from project 'flo')

SwiftCompile normal arm64 /tmp/flo-empty/flo/Shared/Models/ScanStatus.swift (in target 'flo Watch Watch App' from project 'flo')
    cd /tmp/flo-empty
    

SwiftCompile normal arm64 /tmp/flo-empty/flo/Shared/Models/Subsonic.swift (in target 'flo Watch Watch App' from project 'flo')
    cd /tmp/flo-empty
    

SwiftCompile normal arm64 /tmp/flo-empty/flo/Shared/Models/Artist.swift (in target 'flo Watch Watch App' from project 'flo')
    cd /tmp/flo-empty
    

SwiftExplicitDependencyGeneratePcm x86_64 /var/folders/g2/4t2t7ssj3n3_v2xrl935g8sh0000gn/T/flo-derived.tr2gd7/ModuleCache.noindex/WatchKit-9DVC1AXEGWO6KAT80SP5N08XP.pcm

SwiftDriverJobDiscovery normal x86_64 Compiling URLSessionProtocol.swift, URLSessionProxy.swift (in target 'Pulse' from project 'Pulse')

SwiftCompile normal arm64 Compiling\ NowPlaying.swift,\ Playlist.swift,\ Playable.swift /tmp/flo-empty/flo/Shared/Models/NowPlaying.swift /tmp/flo-empty/flo/Shared/Models/Playlist.swift /tmp/flo-empty/flo/Shared/Models/Playable.swift (in target 'flo Watch Watch App' from project 'flo')

SwiftCompile normal arm64 /tmp/flo-empty/flo/Shared/Models/NowPlaying.swift (in target 'flo Watch Watch App' from project 'flo')
    cd /tmp/flo-empty
    

SwiftCompile normal arm64 /tmp/flo-empty/flo/Shared/Models/Playlist.swift (in target 'flo Watch Watch App' from project 'flo')
    cd /tmp/flo-empty
    

SwiftCompile normal arm64 /tmp/flo-empty/flo/Shared/Models/Playable.swift (in target 'flo Watch Watch App' from project 'flo')
    cd /tmp/flo-empty
    

SwiftDriverJobDiscovery normal x86_64 Emitting module for Pulse (in target 'Pulse' from project 'Pulse')

SwiftDriver\ Compilation\ Requirements Pulse normal x86_64 com.apple.xcode.tools.swift.compiler (in target 'Pulse' from project 'Pulse')
    cd /tmp/flo-empty/flo.xcodeproj
    builtin-Swift-Compilation-Requirements -- /Applications/Xcode.app/Contents/Developer/Toolchains/XcodeDefault.xctoolchain/usr/bin/swiftc -module-name Pulse -Onone @/var/folders/g2/4t2t7ssj3n3_v2xrl935g8sh0000gn/T/flo-derived.tr2gd7/Build/Intermediates.noindex/Pulse.build/Debug-iphonesimulator/Pulse.build/Objects-normal/x86_64/Pulse.SwiftFileList -DSWIFT_PACKAGE -DDEBUG -DSWIFT_MODULE_RESOURCE_BUNDLE_UNAVAILABLE -DXcode -plugin-path /Applications/Xcode.app/Contents/Developer/Toolchains/XcodeDefault.xctoolchain/usr/lib/swift/host/plugins/testing -enable-experimental-feature DebugDescriptionMacro -sdk /Applications/Xcode.app/Contents/Developer/Platforms/iPhoneSimulator.platform/Developer/SDKs/iPhoneSimulator26.4.sdk -target x86_64-apple-ios15.0-simulator -g -module-cache-path /var/folders/g2/4t2t7ssj3n3_v2xrl935g8sh0000gn/T/flo-derived.tr2gd7/ModuleCache.noindex -Xfrontend -serialize-debugging-options -enable-testing -suppress-warnings -index-store-path /var/folders/g2/4t2t7ssj3n3_v2xrl935g8sh0000gn/T/flo-derived.tr2gd7/Index.noindex/DataStore -Xcc -D_LIBCPP_HARDENING_MODE\=_LIBCPP_HARDENING_MODE_DEBUG -swift-version 5 -I /var/folders/g2/4t2t7ssj3n3_v2xrl935g8sh0000gn/T/flo-derived.tr2gd7/Build/Products/Debug-iphonesimulator -Isystem /Applications/Xcode.app/Contents/Developer/Platforms/iPhoneSimulator.platform/Developer/usr/lib -F /var/folders/g2/4t2t7ssj3n3_v2xrl935g8sh0000gn/T/flo-derived.tr2gd7/Build/Products/Debug-iphonesimulator -F /Applications/Xcode.app/Contents/Developer/Platforms/iPhoneSimulator.platform/Developer/Library/Frameworks -F /Applications/Xcode.app/Contents/Developer/Platforms/iPhoneSimulator.platform/Developer/SDKs/iPhoneSimulator26.4.sdk/Developer/Library/Frameworks -c -j12 -enable-batch-mode -incremental -Xcc -ivfsstatcache -Xcc /var/folders/g2/4t2t7ssj3n3_v2xrl935g8sh0000gn/T/flo-derived.tr2gd7/SDKStatCaches.noindex/iphonesimulator26.4-23E237-686eebb5dc1d8ecb277353a59184f4aa.sdkstatcache -output-file-map /var/folders/g2/4t2t7ssj3n3_v2xrl935g8sh0000gn/T/flo-derived.tr2gd7/Build/Intermediates.noindex/Pulse.build/Debug-iphonesimulator/Pulse.build/Objects-normal/x86_64/Pulse-OutputFileMap.json -use-frontend-parseable-output -save-temps -no-color-diagnostics -explicit-module-build -module-cache-path /var/folders/g2/4t2t7ssj3n3_v2xrl935g8sh0000gn/T/flo-derived.tr2gd7/Build/Intermediates.noindex/SwiftExplicitPrecompiledModules -clang-scanner-module-cache-path /var/folders/g2/4t2t7ssj3n3_v2xrl935g8sh0000gn/T/flo-derived.tr2gd7/ModuleCache.noindex -sdk-module-cache-path /var/folders/g2/4t2t7ssj3n3_v2xrl935g8sh0000gn/T/flo-derived.tr2gd7/ModuleCache.noindex -serialize-diagnostics -emit-dependencies -emit-module -emit-module-path /var/folders/g2/4t2t7ssj3n3_v2xrl935g8sh0000gn/T/flo-derived.tr2gd7/Build/Intermediates.noindex/Pulse.build/Debug-iphonesimulator/Pulse.build/Objects-normal/x86_64/Pulse.swiftmodule -validate-clang-modules-once -clang-build-session-file /var/folders/g2/4t2t7ssj3n3_v2xrl935g8sh0000gn/T/flo-derived.tr2gd7/ModuleCache.noindex/Session.modulevalidation -package-name pulse -Xcc -I/var/folders/g2/4t2t7ssj3n3_v2xrl935g8sh0000gn/T/flo-derived.tr2gd7/Build/Intermediates.noindex/Pulse.build/Debug-iphonesimulator/Pulse.build/swift-overrides.hmap -emit-const-values -Xfrontend -const-gather-protocols-file -Xfrontend /var/folders/g2/4t2t7ssj3n3_v2xrl935g8sh0000gn/T/flo-derived.tr2gd7/Build/Intermediates.noindex/Pulse.build/Debug-iphonesimulator/Pulse.build/Objects-normal/x86_64/Pulse_const_extract_protocols.json -Xcc -I/var/folders/g2/4t2t7ssj3n3_v2xrl935g8sh0000gn/T/flo-derived.tr2gd7/Build/Products/Debug-iphonesimulator/include -Xcc -I/var/folders/g2/4t2t7ssj3n3_v2xrl935g8sh0000gn/T/flo-derived.tr2gd7/Build/Intermediates.noindex/Pulse.build/Debug-iphonesimulator/Pulse.build/DerivedSources-normal/x86_64 -Xcc -I/var/folders/g2/4t2t7ssj3n3_v2xrl935g8sh0000gn/T/flo-derived.tr2gd7/Build/Intermediates.noindex/Pulse.build/Debug-iphonesimulator/Pulse.build/DerivedSources/x86_64 -Xcc -I/var/folders/g2/4t2t7ssj3n3_v2xrl935g8sh0000gn/T/flo-derived.tr2gd7/Build/Intermediates.noindex/Pulse.build/Debug-iphonesimulator/Pulse.build/DerivedSources -Xcc -DSWIFT_PACKAGE -Xcc -DDEBUG\=1 -emit-objc-header -emit-objc-header-path /var/folders/g2/4t2t7ssj3n3_v2xrl935g8sh0000gn/T/flo-derived.tr2gd7/Build/Intermediates.noindex/Pulse.build/Debug-iphonesimulator/Pulse.build/Objects-normal/x86_64/Pulse-Swift.h -working-directory /tmp/flo-empty/flo.xcodeproj -experimental-emit-module-separately -disable-cmo

SwiftDriverJobDiscovery normal x86_64 Compiling EventMonitor.swift, MultipartFormData.swift, MultipartUpload.swift (in target 'Alamofire' from project 'Alamofire')

SwiftCompile normal arm64 Compiling\ WatchConnectivityManager.swift,\ GeneratedAssetSymbols.swift /tmp/flo-empty/flo/Shared/Services/WatchConnectivityManager.swift /var/folders/g2/4t2t7ssj3n3_v2xrl935g8sh0000gn/T/flo-derived.tr2gd7/Build/Intermediates.noindex/flo.build/Debug-watchsimulator/flo\ Watch\ Watch\ App.build/DerivedSources/GeneratedAssetSymbols.swift (in target 'flo Watch Watch App' from project 'flo')
SwiftCompile normal arm64 /tmp/flo-empty/flo/Shared/Services/WatchConnectivityManager.swift (in target 'flo Watch Watch App' from project 'flo')
    cd /tmp/flo-empty
    

SwiftCompile normal arm64 /var/folders/g2/4t2t7ssj3n3_v2xrl935g8sh0000gn/T/flo-derived.tr2gd7/Build/Intermediates.noindex/flo.build/Debug-watchsimulator/flo\ Watch\ Watch\ App.build/DerivedSources/GeneratedAssetSymbols.swift (in target 'flo Watch Watch App' from project 'flo')
    cd /tmp/flo-empty
    

SwiftMergeGeneratedHeaders /var/folders/g2/4t2t7ssj3n3_v2xrl935g8sh0000gn/T/flo-derived.tr2gd7/Build/Intermediates.noindex/GeneratedModuleMaps-iphonesimulator/Pulse-Swift.h /var/folders/g2/4t2t7ssj3n3_v2xrl935g8sh0000gn/T/flo-derived.tr2gd7/Build/Intermediates.noindex/Pulse.build/Debug-iphonesimulator/Pulse.build/Objects-normal/x86_64/Pulse-Swift.h (in target 'Pulse' from project 'Pulse')
    cd /var/folders/g2/4t2t7ssj3n3_v2xrl935g8sh0000gn/T/flo-derived.tr2gd7/SourcePackages/checkouts/Pulse
    builtin-swiftHeaderTool -arch x86_64 /var/folders/g2/4t2t7ssj3n3_v2xrl935g8sh0000gn/T/flo-derived.tr2gd7/Build/Intermediates.noindex/Pulse.build/Debug-iphonesimulator/Pulse.build/Objects-normal/x86_64/Pulse-Swift.h -o /var/folders/g2/4t2t7ssj3n3_v2xrl935g8sh0000gn/T/flo-derived.tr2gd7/Build/Intermediates.noindex/GeneratedModuleMaps-iphonesimulator/Pulse-Swift.h

Copy /var/folders/g2/4t2t7ssj3n3_v2xrl935g8sh0000gn/T/flo-derived.tr2gd7/Build/Products/Debug-iphonesimulator/Pulse.swiftmodule/x86_64-apple-ios-simulator.swiftmodule /var/folders/g2/4t2t7ssj3n3_v2xrl935g8sh0000gn/T/flo-derived.tr2gd7/Build/Intermediates.noindex/Pulse.build/Debug-iphonesimulator/Pulse.build/Objects-normal/x86_64/Pulse.swiftmodule (in target 'Pulse' from project 'Pulse')
    cd /var/folders/g2/4t2t7ssj3n3_v2xrl935g8sh0000gn/T/flo-derived.tr2gd7/SourcePackages/checkouts/Pulse
    builtin-copy -exclude .DS_Store -exclude CVS -exclude .svn -exclude .git -exclude .hg -resolve-src-symlinks -rename /var/folders/g2/4t2t7ssj3n3_v2xrl935g8sh0000gn/T/flo-derived.tr2gd7/Build/Intermediates.noindex/Pulse.build/Debug-iphonesimulator/Pulse.build/Objects-normal/x86_64/Pulse.swiftmodule /var/folders/g2/4t2t7ssj3n3_v2xrl935g8sh0000gn/T/flo-derived.tr2gd7/Build/Products/Debug-iphonesimulator/Pulse.swiftmodule/x86_64-apple-ios-simulator.swiftmodule

Copy /var/folders/g2/4t2t7ssj3n3_v2xrl935g8sh0000gn/T/flo-derived.tr2gd7/Build/Products/Debug-iphonesimulator/Pulse.swiftmodule/x86_64-apple-ios-simulator.swiftdoc /var/folders/g2/4t2t7ssj3n3_v2xrl935g8sh0000gn/T/flo-derived.tr2gd7/Build/Intermediates.noindex/Pulse.build/Debug-iphonesimulator/Pulse.build/Objects-normal/x86_64/Pulse.swiftdoc (in target 'Pulse' from project 'Pulse')
    cd /var/folders/g2/4t2t7ssj3n3_v2xrl935g8sh0000gn/T/flo-derived.tr2gd7/SourcePackages/checkouts/Pulse
    builtin-copy -exclude .DS_Store -exclude CVS -exclude .svn -exclude .git -exclude .hg -resolve-src-symlinks -rename /var/folders/g2/4t2t7ssj3n3_v2xrl935g8sh0000gn/T/flo-derived.tr2gd7/Build/Intermediates.noindex/Pulse.build/Debug-iphonesimulator/Pulse.build/Objects-normal/x86_64/Pulse.swiftdoc /var/folders/g2/4t2t7ssj3n3_v2xrl935g8sh0000gn/T/flo-derived.tr2gd7/Build/Products/Debug-iphonesimulator/Pulse.swiftmodule/x86_64-apple-ios-simulator.swiftdoc

Copy /var/folders/g2/4t2t7ssj3n3_v2xrl935g8sh0000gn/T/flo-derived.tr2gd7/Build/Products/Debug-iphonesimulator/Pulse.swiftmodule/x86_64-apple-ios-simulator.abi.json /var/folders/g2/4t2t7ssj3n3_v2xrl935g8sh0000gn/T/flo-derived.tr2gd7/Build/Intermediates.noindex/Pulse.build/Debug-iphonesimulator/Pulse.build/Objects-normal/x86_64/Pulse.abi.json (in target 'Pulse' from project 'Pulse')
    cd /var/folders/g2/4t2t7ssj3n3_v2xrl935g8sh0000gn/T/flo-derived.tr2gd7/SourcePackages/checkouts/Pulse
    builtin-copy -exclude .DS_Store -exclude CVS -exclude .svn -exclude .git -exclude .hg -resolve-src-symlinks -rename /var/folders/g2/4t2t7ssj3n3_v2xrl935g8sh0000gn/T/flo-derived.tr2gd7/Build/Intermediates.noindex/Pulse.build/Debug-iphonesimulator/Pulse.build/Objects-normal/x86_64/Pulse.abi.json /var/folders/g2/4t2t7ssj3n3_v2xrl935g8sh0000gn/T/flo-derived.tr2gd7/Build/Products/Debug-iphonesimulator/Pulse.swiftmodule/x86_64-apple-ios-simulator.abi.json

SwiftDriverJobDiscovery normal x86_64 Compiling ServerTrustEvaluation.swift, URLEncodedFormEncoder.swift, Validation.swift (in target 'Alamofire' from project 'Alamofire')

Copy /var/folders/g2/4t2t7ssj3n3_v2xrl935g8sh0000gn/T/flo-derived.tr2gd7/Build/Products/Debug-iphonesimulator/Pulse.swiftmodule/Project/x86_64-apple-ios-simulator.swiftsourceinfo /var/folders/g2/4t2t7ssj3n3_v2xrl935g8sh0000gn/T/flo-derived.tr2gd7/Build/Intermediates.noindex/Pulse.build/Debug-iphonesimulator/Pulse.build/Objects-normal/x86_64/Pulse.swiftsourceinfo (in target 'Pulse' from project 'Pulse')
    cd /var/folders/g2/4t2t7ssj3n3_v2xrl935g8sh0000gn/T/flo-derived.tr2gd7/SourcePackages/checkouts/Pulse
    builtin-copy -exclude .DS_Store -exclude CVS -exclude .svn -exclude .git -exclude .hg -resolve-src-symlinks -rename /var/folders/g2/4t2t7ssj3n3_v2xrl935g8sh0000gn/T/flo-derived.tr2gd7/Build/Intermediates.noindex/Pulse.build/Debug-iphonesimulator/Pulse.build/Objects-normal/x86_64/Pulse.swiftsourceinfo /var/folders/g2/4t2t7ssj3n3_v2xrl935g8sh0000gn/T/flo-derived.tr2gd7/Build/Products/Debug-iphonesimulator/Pulse.swiftmodule/Project/x86_64-apple-ios-simulator.swiftsourceinfo

SwiftCompile normal arm64 Compiling\ WatchArtistDetailView.swift,\ WatchPlaylistsView.swift,\ WatchLibraryViewModel.swift /tmp/flo-empty/flo/Watch/WatchArtistDetailView.swift /tmp/flo-empty/flo/Watch/WatchPlaylistsView.swift /tmp/flo-empty/flo/Watch/WatchLibraryViewModel.swift (in target 'flo Watch Watch App' from project 'flo')

SwiftCompile normal arm64 /tmp/flo-empty/flo/Watch/WatchArtistDetailView.swift (in target 'flo Watch Watch App' from project 'flo')
    cd /tmp/flo-empty
    

SwiftCompile normal arm64 /tmp/flo-empty/flo/Watch/WatchPlaylistsView.swift (in target 'flo Watch Watch App' from project 'flo')
    cd /tmp/flo-empty
    

SwiftCompile normal arm64 /tmp/flo-empty/flo/Watch/WatchLibraryViewModel.swift (in target 'flo Watch Watch App' from project 'flo')
    cd /tmp/flo-empty
    

LinkAssetCatalog /tmp/flo-empty/flo/Resources/Assets.xcassets (in target 'flo Watch Watch App' from project 'flo')
    cd /tmp/flo-empty
    builtin-linkAssetCatalog --thinned /var/folders/g2/4t2t7ssj3n3_v2xrl935g8sh0000gn/T/flo-derived.tr2gd7/Build/Intermediates.noindex/flo.build/Debug-watchsimulator/flo\ Watch\ Watch\ App.build/assetcatalog_output/thinned --thinned-dependencies /var/folders/g2/4t2t7ssj3n3_v2xrl935g8sh0000gn/T/flo-derived.tr2gd7/Build/Intermediates.noindex/flo.build/Debug-watchsimulator/flo\ Watch\ Watch\ App.build/assetcatalog_dependencies_thinned --thinned-info-plist-content /var/folders/g2/4t2t7ssj3n3_v2xrl935g8sh0000gn/T/flo-derived.tr2gd7/Build/Intermediates.noindex/flo.build/Debug-watchsimulator/flo\ Watch\ Watch\ App.build/assetcatalog_generated_info.plist_thinned --unthinned /var/folders/g2/4t2t7ssj3n3_v2xrl935g8sh0000gn/T/flo-derived.tr2gd7/Build/Intermediates.noindex/flo.build/Debug-watchsimulator/flo\ Watch\ Watch\ App.build/assetcatalog_output/unthinned --unthinned-dependencies /var/folders/g2/4t2t7ssj3n3_v2xrl935g8sh0000gn/T/flo-derived.tr2gd7/Build/Intermediates.noindex/flo.build/Debug-watchsimulator/flo\ Watch\ Watch\ App.build/assetcatalog_dependencies_unthinned --unthinned-info-plist-content /var/folders/g2/4t2t7ssj3n3_v2xrl935g8sh0000gn/T/flo-derived.tr2gd7/Build/Intermediates.noindex/flo.build/Debug-watchsimulator/flo\ Watch\ Watch\ App.build/assetcatalog_generated_info.plist_unthinned --output /var/folders/g2/4t2t7ssj3n3_v2xrl935g8sh0000gn/T/flo-derived.tr2gd7/Build/Products/Debug-watchsimulator/flo\ Watch\ Watch\ App.app --plist-output /var/folders/g2/4t2t7ssj3n3_v2xrl935g8sh0000gn/T/flo-derived.tr2gd7/Build/Intermediates.noindex/flo.build/Debug-watchsimulator/flo\ Watch\ Watch\ App.build/assetcatalog_generated_info.plist
note: Emplaced /var/folders/g2/4t2t7ssj3n3_v2xrl935g8sh0000gn/T/flo-derived.tr2gd7/Build/Products/Debug-watchsimulator/flo Watch Watch App.app/Assets.car (in target 'flo Watch Watch App' from project 'flo')

SwiftCompile normal arm64 Compiling\ UserAuth.swift,\ LyricsLine.swift,\ Song.swift /tmp/flo-empty/flo/Shared/Models/UserAuth.swift /tmp/flo-empty/flo/Shared/Models/LyricsLine.swift /tmp/flo-empty/flo/Shared/Models/Song.swift (in target 'flo Watch Watch App' from project 'flo')

SwiftCompile normal arm64 /tmp/flo-empty/flo/Shared/Models/UserAuth.swift (in target 'flo Watch Watch App' from project 'flo')
    cd /tmp/flo-empty
    

SwiftCompile normal arm64 /tmp/flo-empty/flo/Shared/Models/LyricsLine.swift (in target 'flo Watch Watch App' from project 'flo')
    cd /tmp/flo-empty
    

SwiftCompile normal arm64 /tmp/flo-empty/flo/Shared/Models/Song.swift (in target 'flo Watch Watch App' from project 'flo')
    cd /tmp/flo-empty
    

ProcessInfoPlistFile /var/folders/g2/4t2t7ssj3n3_v2xrl935g8sh0000gn/T/flo-derived.tr2gd7/Build/Products/Debug-watchsimulator/flo\ Watch\ Watch\ App.app/Info.plist /var/folders/g2/4t2t7ssj3n3_v2xrl935g8sh0000gn/T/flo-derived.tr2gd7/Build/Intermediates.noindex/flo.build/Debug-watchsimulator/flo\ Watch\ Watch\ App.build/empty-flo\ Watch\ Watch\ App.plist (in target 'flo Watch Watch App' from project 'flo')
    cd /tmp/flo-empty
    builtin-infoPlistUtility /var/folders/g2/4t2t7ssj3n3_v2xrl935g8sh0000gn/T/flo-derived.tr2gd7/Build/Intermediates.noindex/flo.build/Debug-watchsimulator/flo\ Watch\ Watch\ App.build/empty-flo\ Watch\ Watch\ App.plist -producttype com.apple.product-type.application -genpkginfo /var/folders/g2/4t2t7ssj3n3_v2xrl935g8sh0000gn/T/flo-derived.tr2gd7/Build/Products/Debug-watchsimulator/flo\ Watch\ Watch\ App.app/PkgInfo -expandbuildsettings -format binary -platform watchsimulator -additionalcontentfile /var/folders/g2/4t2t7ssj3n3_v2xrl935g8sh0000gn/T/flo-derived.tr2gd7/Build/Intermediates.noindex/flo.build/Debug-watchsimulator/flo\ Watch\ Watch\ App.build/assetcatalog_generated_info.plist -o /var/folders/g2/4t2t7ssj3n3_v2xrl935g8sh0000gn/T/flo-derived.tr2gd7/Build/Products/Debug-watchsimulator/flo\ Watch\ Watch\ App.app/Info.plist

SwiftExplicitDependencyGeneratePcm x86_64 /var/folders/g2/4t2t7ssj3n3_v2xrl935g8sh0000gn/T/flo-derived.tr2gd7/ModuleCache.noindex/SwiftUI-LYNCRNEX0MZDA9JRT644UWIM.pcm

SwiftCompile normal arm64 Compiling\ ArtistRadio.swift,\ WatchNowPlayingView.swift,\ WatchPlayerViewModel.swift /tmp/flo-empty/flo/Shared/Models/ArtistRadio.swift /tmp/flo-empty/flo/Watch/WatchNowPlayingView.swift /tmp/flo-empty/flo/Watch/WatchPlayerViewModel.swift (in target 'flo Watch Watch App' from project 'flo')

SwiftCompile normal arm64 /tmp/flo-empty/flo/Shared/Models/ArtistRadio.swift (in target 'flo Watch Watch App' from project 'flo')
    cd /tmp/flo-empty
    

SwiftCompile normal arm64 /tmp/flo-empty/flo/Watch/WatchNowPlayingView.swift (in target 'flo Watch Watch App' from project 'flo')
    cd /tmp/flo-empty
    

SwiftCompile normal arm64 /tmp/flo-empty/flo/Watch/WatchPlayerViewModel.swift (in target 'flo Watch Watch App' from project 'flo')
    cd /tmp/flo-empty
    

SwiftDriverJobDiscovery normal x86_64 Compiling URLSessionProxyDelegate+AutomaticRegistration.swift, URLSessionProxyDelegate.swift (in target 'Pulse' from project 'Pulse')

SwiftCompile normal arm64 Compiling\ WatchArtistsView.swift,\ WatchHomeView.swift,\ WatchPlaylistDetailView.swift /tmp/flo-empty/flo/Watch/WatchArtistsView.swift /tmp/flo-empty/flo/Watch/WatchHomeView.swift /tmp/flo-empty/flo/Watch/WatchPlaylistDetailView.swift (in target 'flo Watch Watch App' from project 'flo')

SwiftCompile normal arm64 /tmp/flo-empty/flo/Watch/WatchArtistsView.swift (in target 'flo Watch Watch App' from project 'flo')
    cd /tmp/flo-empty
    

SwiftCompile normal arm64 /tmp/flo-empty/flo/Watch/WatchHomeView.swift (in target 'flo Watch Watch App' from project 'flo')
    cd /tmp/flo-empty
    

SwiftCompile normal arm64 /tmp/flo-empty/flo/Watch/WatchPlaylistDetailView.swift (in target 'flo Watch Watch App' from project 'flo')
    cd /tmp/flo-empty
    

SwiftEmitModule normal x86_64 Emitting\ module\ for\ flo_Watch_Watch_App (in target 'flo Watch Watch App' from project 'flo')

EmitSwiftModule normal x86_64 (in target 'flo Watch Watch App' from project 'flo')
    cd /tmp/flo-empty
    

SwiftDriverJobDiscovery normal arm64 Emitting module for flo_Watch_Watch_App (in target 'flo Watch Watch App' from project 'flo')

SwiftDriver\ Compilation\ Requirements flo\ Watch\ Watch\ App normal arm64 com.apple.xcode.tools.swift.compiler (in target 'flo Watch Watch App' from project 'flo')
    cd /tmp/flo-empty
    builtin-Swift-Compilation-Requirements -- /Applications/Xcode.app/Contents/Developer/Toolchains/XcodeDefault.xctoolchain/usr/bin/swiftc -module-name flo_Watch_Watch_App -Onone @/var/folders/g2/4t2t7ssj3n3_v2xrl935g8sh0000gn/T/flo-derived.tr2gd7/Build/Intermediates.noindex/flo.build/Debug-watchsimulator/flo\ Watch\ Watch\ App.build/Objects-normal/arm64/flo\ Watch\ Watch\ App.SwiftFileList -DDEBUG -default-isolation\=MainActor -enable-bare-slash-regex -enable-upcoming-feature DisableOutwardActorInference -enable-upcoming-feature InferSendableFromCaptures -enable-upcoming-feature GlobalActorIsolatedTypesUsability -enable-upcoming-feature MemberImportVisibility -enable-upcoming-feature InferIsolatedConformances -enable-upcoming-feature NonisolatedNonsendingByDefault -enable-experimental-feature DebugDescriptionMacro -sdk /Applications/Xcode.app/Contents/Developer/Platforms/WatchSimulator.platform/Developer/SDKs/WatchSimulator26.4.sdk -target arm64-apple-watchos10.6-simulator -g -module-cache-path /var/folders/g2/4t2t7ssj3n3_v2xrl935g8sh0000gn/T/flo-derived.tr2gd7/ModuleCache.noindex -Xfrontend -serialize-debugging-options -enable-testing -index-store-path /var/folders/g2/4t2t7ssj3n3_v2xrl935g8sh0000gn/T/flo-derived.tr2gd7/Index.noindex/DataStore -Xcc -D_LIBCPP_HARDENING_MODE\=_LIBCPP_HARDENING_MODE_DEBUG -swift-version 5 -I /var/folders/g2/4t2t7ssj3n3_v2xrl935g8sh0000gn/T/flo-derived.tr2gd7/Build/Products/Debug-watchsimulator -F /var/folders/g2/4t2t7ssj3n3_v2xrl935g8sh0000gn/T/flo-derived.tr2gd7/Build/Products/Debug-watchsimulator -emit-localized-strings -emit-localized-strings-path /var/folders/g2/4t2t7ssj3n3_v2xrl935g8sh0000gn/T/flo-derived.tr2gd7/Build/Intermediates.noindex/flo.build/Debug-watchsimulator/flo\ Watch\ Watch\ App.build/Objects-normal/arm64 -c -j12 -enable-batch-mode -incremental -Xcc -ivfsstatcache -Xcc /var/folders/g2/4t2t7ssj3n3_v2xrl935g8sh0000gn/T/flo-derived.tr2gd7/SDKStatCaches.noindex/watchsimulator26.4-23T238-8aa186fa658f8d2cb200b6f26918d89b.sdkstatcache -output-file-map /var/folders/g2/4t2t7ssj3n3_v2xrl935g8sh0000gn/T/flo-derived.tr2gd7/Build/Intermediates.noindex/flo.build/Debug-watchsimulator/flo\ Watch\ Watch\ App.build/Objects-normal/arm64/flo\ Watch\ Watch\ App-OutputFileMap.json -use-frontend-parseable-output -save-temps -no-color-diagnostics -explicit-module-build -module-cache-path /var/folders/g2/4t2t7ssj3n3_v2xrl935g8sh0000gn/T/flo-derived.tr2gd7/Build/Intermediates.noindex/SwiftExplicitPrecompiledModules -clang-scanner-module-cache-path /var/folders/g2/4t2t7ssj3n3_v2xrl935g8sh0000gn/T/flo-derived.tr2gd7/ModuleCache.noindex -sdk-module-cache-path /var/folders/g2/4t2t7ssj3n3_v2xrl935g8sh0000gn/T/flo-derived.tr2gd7/ModuleCache.noindex -serialize-diagnostics -emit-dependencies -emit-module -emit-module-path /var/folders/g2/4t2t7ssj3n3_v2xrl935g8sh0000gn/T/flo-derived.tr2gd7/Build/Intermediates.noindex/flo.build/Debug-watchsimulator/flo\ Watch\ Watch\ App.build/Objects-normal/arm64/flo_Watch_Watch_App.swiftmodule -validate-clang-modules-once -clang-build-session-file /var/folders/g2/4t2t7ssj3n3_v2xrl935g8sh0000gn/T/flo-derived.tr2gd7/ModuleCache.noindex/Session.modulevalidation -Xcc -I/var/folders/g2/4t2t7ssj3n3_v2xrl935g8sh0000gn/T/flo-derived.tr2gd7/Build/Intermediates.noindex/flo.build/Debug-watchsimulator/flo\ Watch\ Watch\ App.build/swift-overrides.hmap -emit-const-values -Xfrontend -const-gather-protocols-file -Xfrontend /var/folders/g2/4t2t7ssj3n3_v2xrl935g8sh0000gn/T/flo-derived.tr2gd7/Build/Intermediates.noindex/flo.build/Debug-watchsimulator/flo\ Watch\ Watch\ App.build/Objects-normal/arm64/flo\ Watch\ Watch\ App_const_extract_protocols.json -Xcc -iquote -Xcc /var/folders/g2/4t2t7ssj3n3_v2xrl935g8sh0000gn/T/flo-derived.tr2gd7/Build/Intermediates.noindex/flo.build/Debug-watchsimulator/flo\ Watch\ Watch\ App.build/flo\ Watch\ Watch\ App-generated-files.hmap -Xcc -I/var/folders/g2/4t2t7ssj3n3_v2xrl935g8sh0000gn/T/flo-derived.tr2gd7/Build/Intermediates.noindex/flo.build/Debug-watchsimulator/flo\ Watch\ Watch\ App.build/flo\ Watch\ Watch\ App-own-target-headers.hmap -Xcc -I/var/folders/g2/4t2t7ssj3n3_v2xrl935g8sh0000gn/T/flo-derived.tr2gd7/Build/Intermediates.noindex/flo.build/Debug-watchsimulator/flo\ Watch\ Watch\ App.build/flo\ Watch\ Watch\ App-all-non-framework-target-headers.hmap -Xcc -ivfsoverlay -Xcc /var/folders/g2/4t2t7ssj3n3_v2xrl935g8sh0000gn/T/flo-derived.tr2gd7/Build/Intermediates.noindex/flo.build/Debug-watchsimulator/flo-e42aa0d01e01bbf82526ab4968c4bed2-VFS-watchsimulator/all-product-headers.yaml -Xcc -iquote -Xcc /var/folders/g2/4t2t7ssj3n3_v2xrl935g8sh0000gn/T/flo-derived.tr2gd7/Build/Intermediates.noindex/flo.build/Debug-watchsimulator/flo\ Watch\ Watch\ App.build/flo\ Watch\ Watch\ App-project-headers.hmap -Xcc -I/var/folders/g2/4t2t7ssj3n3_v2xrl935g8sh0000gn/T/flo-derived.tr2gd7/Build/Products/Debug-watchsimulator/include -Xcc -I/var/folders/g2/4t2t7ssj3n3_v2xrl935g8sh0000gn/T/flo-derived.tr2gd7/Build/Intermediates.noindex/flo.build/Debug-watchsimulator/flo\ Watch\ Watch\ App.build/DerivedSources-normal/arm64 -Xcc -I/var/folders/g2/4t2t7ssj3n3_v2xrl935g8sh0000gn/T/flo-derived.tr2gd7/Build/Intermediates.noindex/flo.build/Debug-watchsimulator/flo\ Watch\ Watch\ App.build/DerivedSources/arm64 -Xcc -I/var/folders/g2/4t2t7ssj3n3_v2xrl935g8sh0000gn/T/flo-derived.tr2gd7/Build/Intermediates.noindex/flo.build/Debug-watchsimulator/flo\ Watch\ Watch\ App.build/DerivedSources -Xcc -DDEBUG\=1 -emit-objc-header -emit-objc-header-path /var/folders/g2/4t2t7ssj3n3_v2xrl935g8sh0000gn/T/flo-derived.tr2gd7/Build/Intermediates.noindex/flo.build/Debug-watchsimulator/flo\ Watch\ Watch\ App.build/Objects-normal/arm64/flo_Watch_Watch_App-Swift.h -working-directory /tmp/flo-empty -experimental-emit-module-separately -disable-cmo

SwiftDriverJobDiscovery normal x86_64 Emitting module for flo_Watch_Watch_App (in target 'flo Watch Watch App' from project 'flo')

SwiftDriver\ Compilation\ Requirements flo\ Watch\ Watch\ App normal x86_64 com.apple.xcode.tools.swift.compiler (in target 'flo Watch Watch App' from project 'flo')
    cd /tmp/flo-empty
    builtin-Swift-Compilation-Requirements -- /Applications/Xcode.app/Contents/Developer/Toolchains/XcodeDefault.xctoolchain/usr/bin/swiftc -module-name flo_Watch_Watch_App -Onone @/var/folders/g2/4t2t7ssj3n3_v2xrl935g8sh0000gn/T/flo-derived.tr2gd7/Build/Intermediates.noindex/flo.build/Debug-watchsimulator/flo\ Watch\ Watch\ App.build/Objects-normal/x86_64/flo\ Watch\ Watch\ App.SwiftFileList -DDEBUG -default-isolation\=MainActor -enable-bare-slash-regex -enable-upcoming-feature DisableOutwardActorInference -enable-upcoming-feature InferSendableFromCaptures -enable-upcoming-feature GlobalActorIsolatedTypesUsability -enable-upcoming-feature MemberImportVisibility -enable-upcoming-feature InferIsolatedConformances -enable-upcoming-feature NonisolatedNonsendingByDefault -enable-experimental-feature DebugDescriptionMacro -sdk /Applications/Xcode.app/Contents/Developer/Platforms/WatchSimulator.platform/Developer/SDKs/WatchSimulator26.4.sdk -target x86_64-apple-watchos10.6-simulator -g -module-cache-path /var/folders/g2/4t2t7ssj3n3_v2xrl935g8sh0000gn/T/flo-derived.tr2gd7/ModuleCache.noindex -Xfrontend -serialize-debugging-options -enable-testing -index-store-path /var/folders/g2/4t2t7ssj3n3_v2xrl935g8sh0000gn/T/flo-derived.tr2gd7/Index.noindex/DataStore -Xcc -D_LIBCPP_HARDENING_MODE\=_LIBCPP_HARDENING_MODE_DEBUG -swift-version 5 -I /var/folders/g2/4t2t7ssj3n3_v2xrl935g8sh0000gn/T/flo-derived.tr2gd7/Build/Products/Debug-watchsimulator -F /var/folders/g2/4t2t7ssj3n3_v2xrl935g8sh0000gn/T/flo-derived.tr2gd7/Build/Products/Debug-watchsimulator -emit-localized-strings -emit-localized-strings-path /var/folders/g2/4t2t7ssj3n3_v2xrl935g8sh0000gn/T/flo-derived.tr2gd7/Build/Intermediates.noindex/flo.build/Debug-watchsimulator/flo\ Watch\ Watch\ App.build/Objects-normal/x86_64 -c -j12 -enable-batch-mode -incremental -Xcc -ivfsstatcache -Xcc /var/folders/g2/4t2t7ssj3n3_v2xrl935g8sh0000gn/T/flo-derived.tr2gd7/SDKStatCaches.noindex/watchsimulator26.4-23T238-8aa186fa658f8d2cb200b6f26918d89b.sdkstatcache -output-file-map /var/folders/g2/4t2t7ssj3n3_v2xrl935g8sh0000gn/T/flo-derived.tr2gd7/Build/Intermediates.noindex/flo.build/Debug-watchsimulator/flo\ Watch\ Watch\ App.build/Objects-normal/x86_64/flo\ Watch\ Watch\ App-OutputFileMap.json -use-frontend-parseable-output -save-temps -no-color-diagnostics -explicit-module-build -module-cache-path /var/folders/g2/4t2t7ssj3n3_v2xrl935g8sh0000gn/T/flo-derived.tr2gd7/Build/Intermediates.noindex/SwiftExplicitPrecompiledModules -clang-scanner-module-cache-path /var/folders/g2/4t2t7ssj3n3_v2xrl935g8sh0000gn/T/flo-derived.tr2gd7/ModuleCache.noindex -sdk-module-cache-path /var/folders/g2/4t2t7ssj3n3_v2xrl935g8sh0000gn/T/flo-derived.tr2gd7/ModuleCache.noindex -serialize-diagnostics -emit-dependencies -emit-module -emit-module-path /var/folders/g2/4t2t7ssj3n3_v2xrl935g8sh0000gn/T/flo-derived.tr2gd7/Build/Intermediates.noindex/flo.build/Debug-watchsimulator/flo\ Watch\ Watch\ App.build/Objects-normal/x86_64/flo_Watch_Watch_App.swiftmodule -validate-clang-modules-once -clang-build-session-file /var/folders/g2/4t2t7ssj3n3_v2xrl935g8sh0000gn/T/flo-derived.tr2gd7/ModuleCache.noindex/Session.modulevalidation -Xcc -I/var/folders/g2/4t2t7ssj3n3_v2xrl935g8sh0000gn/T/flo-derived.tr2gd7/Build/Intermediates.noindex/flo.build/Debug-watchsimulator/flo\ Watch\ Watch\ App.build/swift-overrides.hmap -emit-const-values -Xfrontend -const-gather-protocols-file -Xfrontend /var/folders/g2/4t2t7ssj3n3_v2xrl935g8sh0000gn/T/flo-derived.tr2gd7/Build/Intermediates.noindex/flo.build/Debug-watchsimulator/flo\ Watch\ Watch\ App.build/Objects-normal/x86_64/flo\ Watch\ Watch\ App_const_extract_protocols.json -Xcc -iquote -Xcc /var/folders/g2/4t2t7ssj3n3_v2xrl935g8sh0000gn/T/flo-derived.tr2gd7/Build/Intermediates.noindex/flo.build/Debug-watchsimulator/flo\ Watch\ Watch\ App.build/flo\ Watch\ Watch\ App-generated-files.hmap -Xcc -I/var/folders/g2/4t2t7ssj3n3_v2xrl935g8sh0000gn/T/flo-derived.tr2gd7/Build/Intermediates.noindex/flo.build/Debug-watchsimulator/flo\ Watch\ Watch\ App.build/flo\ Watch\ Watch\ App-own-target-headers.hmap -Xcc -I/var/folders/g2/4t2t7ssj3n3_v2xrl935g8sh0000gn/T/flo-derived.tr2gd7/Build/Intermediates.noindex/flo.build/Debug-watchsimulator/flo\ Watch\ Watch\ App.build/flo\ Watch\ Watch\ App-all-non-framework-target-headers.hmap -Xcc -ivfsoverlay -Xcc /var/folders/g2/4t2t7ssj3n3_v2xrl935g8sh0000gn/T/flo-derived.tr2gd7/Build/Intermediates.noindex/flo.build/Debug-watchsimulator/flo-e42aa0d01e01bbf82526ab4968c4bed2-VFS-watchsimulator/all-product-headers.yaml -Xcc -iquote -Xcc /var/folders/g2/4t2t7ssj3n3_v2xrl935g8sh0000gn/T/flo-derived.tr2gd7/Build/Intermediates.noindex/flo.build/Debug-watchsimulator/flo\ Watch\ Watch\ App.build/flo\ Watch\ Watch\ App-project-headers.hmap -Xcc -I/var/folders/g2/4t2t7ssj3n3_v2xrl935g8sh0000gn/T/flo-derived.tr2gd7/Build/Products/Debug-watchsimulator/include -Xcc -I/var/folders/g2/4t2t7ssj3n3_v2xrl935g8sh0000gn/T/flo-derived.tr2gd7/Build/Intermediates.noindex/flo.build/Debug-watchsimulator/flo\ Watch\ Watch\ App.build/DerivedSources-normal/x86_64 -Xcc -I/var/folders/g2/4t2t7ssj3n3_v2xrl935g8sh0000gn/T/flo-derived.tr2gd7/Build/Intermediates.noindex/flo.build/Debug-watchsimulator/flo\ Watch\ Watch\ App.build/DerivedSources/x86_64 -Xcc -I/var/folders/g2/4t2t7ssj3n3_v2xrl935g8sh0000gn/T/flo-derived.tr2gd7/Build/Intermediates.noindex/flo.build/Debug-watchsimulator/flo\ Watch\ Watch\ App.build/DerivedSources -Xcc -DDEBUG\=1 -emit-objc-header -emit-objc-header-path /var/folders/g2/4t2t7ssj3n3_v2xrl935g8sh0000gn/T/flo-derived.tr2gd7/Build/Intermediates.noindex/flo.build/Debug-watchsimulator/flo\ Watch\ Watch\ App.build/Objects-normal/x86_64/flo_Watch_Watch_App-Swift.h -working-directory /tmp/flo-empty -experimental-emit-module-separately -disable-cmo

SwiftCompile normal x86_64 Compiling\ WatchArtistDetailView.swift,\ WatchPlaylistsView.swift,\ WatchLibraryViewModel.swift /tmp/flo-empty/flo/Watch/WatchArtistDetailView.swift /tmp/flo-empty/flo/Watch/WatchPlaylistsView.swift /tmp/flo-empty/flo/Watch/WatchLibraryViewModel.swift (in target 'flo Watch Watch App' from project 'flo')
SwiftCompile normal x86_64 /tmp/flo-empty/flo/Watch/WatchArtistDetailView.swift (in target 'flo Watch Watch App' from project 'flo')
    cd /tmp/flo-empty
    

SwiftCompile normal x86_64 /tmp/flo-empty/flo/Watch/WatchPlaylistsView.swift (in target 'flo Watch Watch App' from project 'flo')
    cd /tmp/flo-empty
    

SwiftCompile normal x86_64 /tmp/flo-empty/flo/Watch/WatchLibraryViewModel.swift (in target 'flo Watch Watch App' from project 'flo')
    cd /tmp/flo-empty
    

SwiftMergeGeneratedHeaders /var/folders/g2/4t2t7ssj3n3_v2xrl935g8sh0000gn/T/flo-derived.tr2gd7/Build/Intermediates.noindex/flo.build/Debug-watchsimulator/flo\ Watch\ Watch\ App.build/DerivedSources/flo_Watch_Watch_App-Swift.h /var/folders/g2/4t2t7ssj3n3_v2xrl935g8sh0000gn/T/flo-derived.tr2gd7/Build/Intermediates.noindex/flo.build/Debug-watchsimulator/flo\ Watch\ Watch\ App.build/Objects-normal/arm64/flo_Watch_Watch_App-Swift.h /var/folders/g2/4t2t7ssj3n3_v2xrl935g8sh0000gn/T/flo-derived.tr2gd7/Build/Intermediates.noindex/flo.build/Debug-watchsimulator/flo\ Watch\ Watch\ App.build/Objects-normal/x86_64/flo_Watch_Watch_App-Swift.h (in target 'flo Watch Watch App' from project 'flo')
    cd /tmp/flo-empty
    builtin-swiftHeaderTool -arch arm64 /var/folders/g2/4t2t7ssj3n3_v2xrl935g8sh0000gn/T/flo-derived.tr2gd7/Build/Intermediates.noindex/flo.build/Debug-watchsimulator/flo\ Watch\ Watch\ App.build/Objects-normal/arm64/flo_Watch_Watch_App-Swift.h -arch x86_64 /var/folders/g2/4t2t7ssj3n3_v2xrl935g8sh0000gn/T/flo-derived.tr2gd7/Build/Intermediates.noindex/flo.build/Debug-watchsimulator/flo\ Watch\ Watch\ App.build/Objects-normal/x86_64/flo_Watch_Watch_App-Swift.h -o /var/folders/g2/4t2t7ssj3n3_v2xrl935g8sh0000gn/T/flo-derived.tr2gd7/Build/Intermediates.noindex/flo.build/Debug-watchsimulator/flo\ Watch\ Watch\ App.build/DerivedSources/flo_Watch_Watch_App-Swift.h

SwiftDriverJobDiscovery normal x86_64 Compiling NetworkLogger+Entities.swift, NetworkLogger+Redacting.swift (in target 'Pulse' from project 'Pulse')

Copy /var/folders/g2/4t2t7ssj3n3_v2xrl935g8sh0000gn/T/flo-derived.tr2gd7/Build/Products/Debug-watchsimulator/flo_Watch_Watch_App.swiftmodule/x86_64-apple-watchos-simulator.swiftmodule /var/folders/g2/4t2t7ssj3n3_v2xrl935g8sh0000gn/T/flo-derived.tr2gd7/Build/Intermediates.noindex/flo.build/Debug-watchsimulator/flo\ Watch\ Watch\ App.build/Objects-normal/x86_64/flo_Watch_Watch_App.swiftmodule (in target 'flo Watch Watch App' from project 'flo')
    cd /tmp/flo-empty
    builtin-copy -exclude .DS_Store -exclude CVS -exclude .svn -exclude .git -exclude .hg -resolve-src-symlinks -rename /var/folders/g2/4t2t7ssj3n3_v2xrl935g8sh0000gn/T/flo-derived.tr2gd7/Build/Intermediates.noindex/flo.build/Debug-watchsimulator/flo\ Watch\ Watch\ App.build/Objects-normal/x86_64/flo_Watch_Watch_App.swiftmodule /var/folders/g2/4t2t7ssj3n3_v2xrl935g8sh0000gn/T/flo-derived.tr2gd7/Build/Products/Debug-watchsimulator/flo_Watch_Watch_App.swiftmodule/x86_64-apple-watchos-simulator.swiftmodule

Copy /var/folders/g2/4t2t7ssj3n3_v2xrl935g8sh0000gn/T/flo-derived.tr2gd7/Build/Products/Debug-watchsimulator/flo_Watch_Watch_App.swiftmodule/x86_64-apple-watchos-simulator.swiftdoc /var/folders/g2/4t2t7ssj3n3_v2xrl935g8sh0000gn/T/flo-derived.tr2gd7/Build/Intermediates.noindex/flo.build/Debug-watchsimulator/flo\ Watch\ Watch\ App.build/Objects-normal/x86_64/flo_Watch_Watch_App.swiftdoc (in target 'flo Watch Watch App' from project 'flo')
    cd /tmp/flo-empty
    builtin-copy -exclude .DS_Store -exclude CVS -exclude .svn -exclude .git -exclude .hg -resolve-src-symlinks -rename /var/folders/g2/4t2t7ssj3n3_v2xrl935g8sh0000gn/T/flo-derived.tr2gd7/Build/Intermediates.noindex/flo.build/Debug-watchsimulator/flo\ Watch\ Watch\ App.build/Objects-normal/x86_64/flo_Watch_Watch_App.swiftdoc /var/folders/g2/4t2t7ssj3n3_v2xrl935g8sh0000gn/T/flo-derived.tr2gd7/Build/Products/Debug-watchsimulator/flo_Watch_Watch_App.swiftmodule/x86_64-apple-watchos-simulator.swiftdoc

Copy /var/folders/g2/4t2t7ssj3n3_v2xrl935g8sh0000gn/T/flo-derived.tr2gd7/Build/Products/Debug-watchsimulator/flo_Watch_Watch_App.swiftmodule/x86_64-apple-watchos-simulator.abi.json /var/folders/g2/4t2t7ssj3n3_v2xrl935g8sh0000gn/T/flo-derived.tr2gd7/Build/Intermediates.noindex/flo.build/Debug-watchsimulator/flo\ Watch\ Watch\ App.build/Objects-normal/x86_64/flo_Watch_Watch_App.abi.json (in target 'flo Watch Watch App' from project 'flo')
    cd /tmp/flo-empty
    builtin-copy -exclude .DS_Store -exclude CVS -exclude .svn -exclude .git -exclude .hg -resolve-src-symlinks -rename /var/folders/g2/4t2t7ssj3n3_v2xrl935g8sh0000gn/T/flo-derived.tr2gd7/Build/Intermediates.noindex/flo.build/Debug-watchsimulator/flo\ Watch\ Watch\ App.build/Objects-normal/x86_64/flo_Watch_Watch_App.abi.json /var/folders/g2/4t2t7ssj3n3_v2xrl935g8sh0000gn/T/flo-derived.tr2gd7/Build/Products/Debug-watchsimulator/flo_Watch_Watch_App.swiftmodule/x86_64-apple-watchos-simulator.abi.json

Copy /var/folders/g2/4t2t7ssj3n3_v2xrl935g8sh0000gn/T/flo-derived.tr2gd7/Build/Products/Debug-watchsimulator/flo_Watch_Watch_App.swiftmodule/arm64-apple-watchos-simulator.swiftmodule /var/folders/g2/4t2t7ssj3n3_v2xrl935g8sh0000gn/T/flo-derived.tr2gd7/Build/Intermediates.noindex/flo.build/Debug-watchsimulator/flo\ Watch\ Watch\ App.build/Objects-normal/arm64/flo_Watch_Watch_App.swiftmodule (in target 'flo Watch Watch App' from project 'flo')
    cd /tmp/flo-empty
    builtin-copy -exclude .DS_Store -exclude CVS -exclude .svn -exclude .git -exclude .hg -resolve-src-symlinks -rename /var/folders/g2/4t2t7ssj3n3_v2xrl935g8sh0000gn/T/flo-derived.tr2gd7/Build/Intermediates.noindex/flo.build/Debug-watchsimulator/flo\ Watch\ Watch\ App.build/Objects-normal/arm64/flo_Watch_Watch_App.swiftmodule /var/folders/g2/4t2t7ssj3n3_v2xrl935g8sh0000gn/T/flo-derived.tr2gd7/Build/Products/Debug-watchsimulator/flo_Watch_Watch_App.swiftmodule/arm64-apple-watchos-simulator.swiftmodule

Copy /var/folders/g2/4t2t7ssj3n3_v2xrl935g8sh0000gn/T/flo-derived.tr2gd7/Build/Products/Debug-watchsimulator/flo_Watch_Watch_App.swiftmodule/arm64-apple-watchos-simulator.swiftdoc /var/folders/g2/4t2t7ssj3n3_v2xrl935g8sh0000gn/T/flo-derived.tr2gd7/Build/Intermediates.noindex/flo.build/Debug-watchsimulator/flo\ Watch\ Watch\ App.build/Objects-normal/arm64/flo_Watch_Watch_App.swiftdoc (in target 'flo Watch Watch App' from project 'flo')
    cd /tmp/flo-empty
    builtin-copy -exclude .DS_Store -exclude CVS -exclude .svn -exclude .git -exclude .hg -resolve-src-symlinks -rename /var/folders/g2/4t2t7ssj3n3_v2xrl935g8sh0000gn/T/flo-derived.tr2gd7/Build/Intermediates.noindex/flo.build/Debug-watchsimulator/flo\ Watch\ Watch\ App.build/Objects-normal/arm64/flo_Watch_Watch_App.swiftdoc /var/folders/g2/4t2t7ssj3n3_v2xrl935g8sh0000gn/T/flo-derived.tr2gd7/Build/Products/Debug-watchsimulator/flo_Watch_Watch_App.swiftmodule/arm64-apple-watchos-simulator.swiftdoc

Copy /var/folders/g2/4t2t7ssj3n3_v2xrl935g8sh0000gn/T/flo-derived.tr2gd7/Build/Products/Debug-watchsimulator/flo_Watch_Watch_App.swiftmodule/arm64-apple-watchos-simulator.abi.json /var/folders/g2/4t2t7ssj3n3_v2xrl935g8sh0000gn/T/flo-derived.tr2gd7/Build/Intermediates.noindex/flo.build/Debug-watchsimulator/flo\ Watch\ Watch\ App.build/Objects-normal/arm64/flo_Watch_Watch_App.abi.json (in target 'flo Watch Watch App' from project 'flo')
    cd /tmp/flo-empty
    builtin-copy -exclude .DS_Store -exclude CVS -exclude .svn -exclude .git -exclude .hg -resolve-src-symlinks -rename /var/folders/g2/4t2t7ssj3n3_v2xrl935g8sh0000gn/T/flo-derived.tr2gd7/Build/Intermediates.noindex/flo.build/Debug-watchsimulator/flo\ Watch\ Watch\ App.build/Objects-normal/arm64/flo_Watch_Watch_App.abi.json /var/folders/g2/4t2t7ssj3n3_v2xrl935g8sh0000gn/T/flo-derived.tr2gd7/Build/Products/Debug-watchsimulator/flo_Watch_Watch_App.swiftmodule/arm64-apple-watchos-simulator.abi.json

Copy /var/folders/g2/4t2t7ssj3n3_v2xrl935g8sh0000gn/T/flo-derived.tr2gd7/Build/Products/Debug-watchsimulator/flo_Watch_Watch_App.swiftmodule/Project/x86_64-apple-watchos-simulator.swiftsourceinfo /var/folders/g2/4t2t7ssj3n3_v2xrl935g8sh0000gn/T/flo-derived.tr2gd7/Build/Intermediates.noindex/flo.build/Debug-watchsimulator/flo\ Watch\ Watch\ App.build/Objects-normal/x86_64/flo_Watch_Watch_App.swiftsourceinfo (in target 'flo Watch Watch App' from project 'flo')
    cd /tmp/flo-empty
    builtin-copy -exclude .DS_Store -exclude CVS -exclude .svn -exclude .git -exclude .hg -resolve-src-symlinks -rename /var/folders/g2/4t2t7ssj3n3_v2xrl935g8sh0000gn/T/flo-derived.tr2gd7/Build/Intermediates.noindex/flo.build/Debug-watchsimulator/flo\ Watch\ Watch\ App.build/Objects-normal/x86_64/flo_Watch_Watch_App.swiftsourceinfo /var/folders/g2/4t2t7ssj3n3_v2xrl935g8sh0000gn/T/flo-derived.tr2gd7/Build/Products/Debug-watchsimulator/flo_Watch_Watch_App.swiftmodule/Project/x86_64-apple-watchos-simulator.swiftsourceinfo

Copy /var/folders/g2/4t2t7ssj3n3_v2xrl935g8sh0000gn/T/flo-derived.tr2gd7/Build/Products/Debug-watchsimulator/flo_Watch_Watch_App.swiftmodule/Project/arm64-apple-watchos-simulator.swiftsourceinfo /var/folders/g2/4t2t7ssj3n3_v2xrl935g8sh0000gn/T/flo-derived.tr2gd7/Build/Intermediates.noindex/flo.build/Debug-watchsimulator/flo\ Watch\ Watch\ App.build/Objects-normal/arm64/flo_Watch_Watch_App.swiftsourceinfo (in target 'flo Watch Watch App' from project 'flo')
    cd /tmp/flo-empty
    builtin-copy -exclude .DS_Store -exclude CVS -exclude .svn -exclude .git -exclude .hg -resolve-src-symlinks -rename /var/folders/g2/4t2t7ssj3n3_v2xrl935g8sh0000gn/T/flo-derived.tr2gd7/Build/Intermediates.noindex/flo.build/Debug-watchsimulator/flo\ Watch\ Watch\ App.build/Objects-normal/arm64/flo_Watch_Watch_App.swiftsourceinfo /var/folders/g2/4t2t7ssj3n3_v2xrl935g8sh0000gn/T/flo-derived.tr2gd7/Build/Products/Debug-watchsimulator/flo_Watch_Watch_App.swiftmodule/Project/arm64-apple-watchos-simulator.swiftsourceinfo

SwiftCompile normal x86_64 Compiling\ WatchSongsView.swift,\ WatchCoverArtView.swift /tmp/flo-empty/flo/Watch/WatchSongsView.swift /tmp/flo-empty/flo/Watch/WatchCoverArtView.swift (in target 'flo Watch Watch App' from project 'flo')
SwiftCompile normal x86_64 /tmp/flo-empty/flo/Watch/WatchSongsView.swift (in target 'flo Watch Watch App' from project 'flo')
    cd /tmp/flo-empty
    

SwiftCompile normal x86_64 /tmp/flo-empty/flo/Watch/WatchCoverArtView.swift (in target 'flo Watch Watch App' from project 'flo')
    cd /tmp/flo-empty
    

SwiftCompile normal x86_64 Compiling\ WatchConnectivityManager.swift,\ GeneratedAssetSymbols.swift /tmp/flo-empty/flo/Shared/Services/WatchConnectivityManager.swift /var/folders/g2/4t2t7ssj3n3_v2xrl935g8sh0000gn/T/flo-derived.tr2gd7/Build/Intermediates.noindex/flo.build/Debug-watchsimulator/flo\ Watch\ Watch\ App.build/DerivedSources/GeneratedAssetSymbols.swift (in target 'flo Watch Watch App' from project 'flo')
SwiftCompile normal x86_64 /tmp/flo-empty/flo/Shared/Services/WatchConnectivityManager.swift (in target 'flo Watch Watch App' from project 'flo')
    cd /tmp/flo-empty
    

SwiftCompile normal x86_64 /var/folders/g2/4t2t7ssj3n3_v2xrl935g8sh0000gn/T/flo-derived.tr2gd7/Build/Intermediates.noindex/flo.build/Debug-watchsimulator/flo\ Watch\ Watch\ App.build/DerivedSources/GeneratedAssetSymbols.swift (in target 'flo Watch Watch App' from project 'flo')
    cd /tmp/flo-empty
    

SwiftDriverJobDiscovery normal arm64 Compiling NowPlaying.swift, Playlist.swift, Playable.swift (in target 'flo Watch Watch App' from project 'flo')

SwiftDriverJobDiscovery normal arm64 Compiling ScanStatus.swift, Subsonic.swift, Artist.swift (in target 'flo Watch Watch App' from project 'flo')

SwiftCompile normal x86_64 Compiling\ ArtistRadio.swift,\ WatchNowPlayingView.swift,\ WatchPlayerViewModel.swift /tmp/flo-empty/flo/Shared/Models/ArtistRadio.swift /tmp/flo-empty/flo/Watch/WatchNowPlayingView.swift /tmp/flo-empty/flo/Watch/WatchPlayerViewModel.swift (in target 'flo Watch Watch App' from project 'flo')

SwiftCompile normal x86_64 /tmp/flo-empty/flo/Shared/Models/ArtistRadio.swift (in target 'flo Watch Watch App' from project 'flo')
    cd /tmp/flo-empty
    

SwiftCompile normal x86_64 /tmp/flo-empty/flo/Watch/WatchNowPlayingView.swift (in target 'flo Watch Watch App' from project 'flo')
    cd /tmp/flo-empty
    

SwiftCompile normal x86_64 /tmp/flo-empty/flo/Watch/WatchPlayerViewModel.swift (in target 'flo Watch Watch App' from project 'flo')
    cd /tmp/flo-empty
    

SwiftCompile normal x86_64 Compiling\ ScanStatus.swift,\ Subsonic.swift,\ Artist.swift /tmp/flo-empty/flo/Shared/Models/ScanStatus.swift /tmp/flo-empty/flo/Shared/Models/Subsonic.swift /tmp/flo-empty/flo/Shared/Models/Artist.swift (in target 'flo Watch Watch App' from project 'flo')

SwiftCompile normal x86_64 /tmp/flo-empty/flo/Shared/Models/ScanStatus.swift (in target 'flo Watch Watch App' from project 'flo')
    cd /tmp/flo-empty
    

SwiftCompile normal x86_64 /tmp/flo-empty/flo/Shared/Models/Subsonic.swift (in target 'flo Watch Watch App' from project 'flo')
    cd /tmp/flo-empty
    

SwiftCompile normal x86_64 /tmp/flo-empty/flo/Shared/Models/Artist.swift (in target 'flo Watch Watch App' from project 'flo')
    cd /tmp/flo-empty
    

SwiftDriverJobDiscovery normal arm64 Compiling UserAuth.swift, LyricsLine.swift, Song.swift (in target 'flo Watch Watch App' from project 'flo')

SwiftCompile normal arm64 Compiling\ WatchRadiosView.swift,\ AccountLinkStatus.swift,\ Radio.swift /tmp/flo-empty/flo/Watch/WatchRadiosView.swift /tmp/flo-empty/flo/Shared/Models/AccountLinkStatus.swift /tmp/flo-empty/flo/Shared/Models/Radio.swift (in target 'flo Watch Watch App' from project 'flo')

SwiftCompile normal arm64 /tmp/flo-empty/flo/Watch/WatchRadiosView.swift (in target 'flo Watch Watch App' from project 'flo')
    cd /tmp/flo-empty
    

SwiftCompile normal arm64 /tmp/flo-empty/flo/Shared/Models/AccountLinkStatus.swift (in target 'flo Watch Watch App' from project 'flo')
    cd /tmp/flo-empty
    

SwiftCompile normal arm64 /tmp/flo-empty/flo/Shared/Models/Radio.swift (in target 'flo Watch Watch App' from project 'flo')
    cd /tmp/flo-empty
    

SwiftDriverJobDiscovery normal x86_64 Compiling LoggerStore+Version.swift, LoggerStore.swift (in target 'Pulse' from project 'Pulse')

SwiftCompile normal arm64 Compiling\ WatchSongsView.swift,\ WatchCoverArtView.swift /tmp/flo-empty/flo/Watch/WatchSongsView.swift /tmp/flo-empty/flo/Watch/WatchCoverArtView.swift (in target 'flo Watch Watch App' from project 'flo')

SwiftCompile normal arm64 /tmp/flo-empty/flo/Watch/WatchSongsView.swift (in target 'flo Watch Watch App' from project 'flo')
    cd /tmp/flo-empty
    

SwiftCompile normal arm64 /tmp/flo-empty/flo/Watch/WatchCoverArtView.swift (in target 'flo Watch Watch App' from project 'flo')
    cd /tmp/flo-empty
    

SwiftDriverJobDiscovery normal arm64 Compiling WatchArtistsView.swift, WatchHomeView.swift, WatchPlaylistDetailView.swift (in target 'flo Watch Watch App' from project 'flo')

SwiftCompile normal x86_64 Compiling\ WatchArtistsView.swift,\ WatchHomeView.swift,\ WatchPlaylistDetailView.swift /tmp/flo-empty/flo/Watch/WatchArtistsView.swift /tmp/flo-empty/flo/Watch/WatchHomeView.swift /tmp/flo-empty/flo/Watch/WatchPlaylistDetailView.swift (in target 'flo Watch Watch App' from project 'flo')

SwiftCompile normal x86_64 /tmp/flo-empty/flo/Watch/WatchArtistsView.swift (in target 'flo Watch Watch App' from project 'flo')
    cd /tmp/flo-empty
    

SwiftCompile normal x86_64 /tmp/flo-empty/flo/Watch/WatchHomeView.swift (in target 'flo Watch Watch App' from project 'flo')
    cd /tmp/flo-empty
    

SwiftCompile normal x86_64 /tmp/flo-empty/flo/Watch/WatchPlaylistDetailView.swift (in target 'flo Watch Watch App' from project 'flo')
    cd /tmp/flo-empty
    

SwiftDriverJobDiscovery normal arm64 Compiling ArtistRadio.swift, WatchNowPlayingView.swift, WatchPlayerViewModel.swift (in target 'flo Watch Watch App' from project 'flo')

SwiftCompile normal x86_64 Compiling\ WatchRadiosView.swift,\ AccountLinkStatus.swift,\ Radio.swift /tmp/flo-empty/flo/Watch/WatchRadiosView.swift /tmp/flo-empty/flo/Shared/Models/AccountLinkStatus.swift /tmp/flo-empty/flo/Shared/Models/Radio.swift (in target 'flo Watch Watch App' from project 'flo')

SwiftCompile normal x86_64 /tmp/flo-empty/flo/Watch/WatchRadiosView.swift (in target 'flo Watch Watch App' from project 'flo')
    cd /tmp/flo-empty
    

SwiftCompile normal x86_64 /tmp/flo-empty/flo/Shared/Models/AccountLinkStatus.swift (in target 'flo Watch Watch App' from project 'flo')
    cd /tmp/flo-empty
    

SwiftCompile normal x86_64 /tmp/flo-empty/flo/Shared/Models/Radio.swift (in target 'flo Watch Watch App' from project 'flo')
    cd /tmp/flo-empty
    

SwiftDriverJobDiscovery normal arm64 Compiling WatchArtistDetailView.swift, WatchPlaylistsView.swift, WatchLibraryViewModel.swift (in target 'flo Watch Watch App' from project 'flo')

SwiftCompile normal x86_64 Compiling\ UserAuth.swift,\ LyricsLine.swift,\ Song.swift /tmp/flo-empty/flo/Shared/Models/UserAuth.swift /tmp/flo-empty/flo/Shared/Models/LyricsLine.swift /tmp/flo-empty/flo/Shared/Models/Song.swift (in target 'flo Watch Watch App' from project 'flo')

SwiftCompile normal x86_64 /tmp/flo-empty/flo/Shared/Models/UserAuth.swift (in target 'flo Watch Watch App' from project 'flo')
    cd /tmp/flo-empty
    

SwiftCompile normal x86_64 /tmp/flo-empty/flo/Shared/Models/LyricsLine.swift (in target 'flo Watch Watch App' from project 'flo')
    cd /tmp/flo-empty
    

SwiftCompile normal x86_64 /tmp/flo-empty/flo/Shared/Models/Song.swift (in target 'flo Watch Watch App' from project 'flo')
    cd /tmp/flo-empty
    

SwiftDriverJobDiscovery normal arm64 Compiling ExplicitStatus.swift, ExplicitBadge.swift, LRCLIB.swift (in target 'flo Watch Watch App' from project 'flo')

SwiftCompile normal x86_64 Compiling\ WatchAlbumsView.swift,\ WatchRootView.swift,\ WatchAlbumDetailView.swift /tmp/flo-empty/flo/Watch/WatchAlbumsView.swift /tmp/flo-empty/flo/Watch/WatchRootView.swift /tmp/flo-empty/flo/Watch/WatchAlbumDetailView.swift (in target 'flo Watch Watch App' from project 'flo')

SwiftCompile normal x86_64 /tmp/flo-empty/flo/Watch/WatchAlbumsView.swift (in target 'flo Watch Watch App' from project 'flo')
    cd /tmp/flo-empty
    

SwiftCompile normal x86_64 /tmp/flo-empty/flo/Watch/WatchRootView.swift (in target 'flo Watch Watch App' from project 'flo')
    cd /tmp/flo-empty
    

SwiftCompile normal x86_64 /tmp/flo-empty/flo/Watch/WatchAlbumDetailView.swift (in target 'flo Watch Watch App' from project 'flo')
    cd /tmp/flo-empty
    

SwiftDriverJobDiscovery normal x86_64 Compiling ImageEncoders+Default.swift, ImageEncoders+ImageIO.swift, ImageEncoders.swift, ImageEncoding.swift, ImageContainer.swift (in target 'Nuke' from project 'Nuke')

SwiftCompile normal arm64 Compiling\ Album.swift,\ Stats.swift,\ FloWatchApp.swift /tmp/flo-empty/flo/Shared/Models/Album.swift /tmp/flo-empty/flo/Shared/Models/Stats.swift /tmp/flo-empty/flo/Watch/FloWatchApp.swift (in target 'flo Watch Watch App' from project 'flo')

SwiftCompile normal arm64 /tmp/flo-empty/flo/Shared/Models/Album.swift (in target 'flo Watch Watch App' from project 'flo')
    cd /tmp/flo-empty
    

SwiftCompile normal arm64 /tmp/flo-empty/flo/Shared/Models/Stats.swift (in target 'flo Watch Watch App' from project 'flo')
    cd /tmp/flo-empty
    

SwiftCompile normal arm64 /tmp/flo-empty/flo/Watch/FloWatchApp.swift (in target 'flo Watch Watch App' from project 'flo')
    cd /tmp/flo-empty
    

SwiftDriverJobDiscovery normal arm64 Compiling WatchConnectivityManager.swift, GeneratedAssetSymbols.swift (in target 'flo Watch Watch App' from project 'flo')

SwiftCompile normal x86_64 Compiling\ Album.swift,\ Stats.swift,\ FloWatchApp.swift /tmp/flo-empty/flo/Shared/Models/Album.swift /tmp/flo-empty/flo/Shared/Models/Stats.swift /tmp/flo-empty/flo/Watch/FloWatchApp.swift (in target 'flo Watch Watch App' from project 'flo')

SwiftCompile normal x86_64 /tmp/flo-empty/flo/Shared/Models/Album.swift (in target 'flo Watch Watch App' from project 'flo')
    cd /tmp/flo-empty
    

SwiftCompile normal x86_64 /tmp/flo-empty/flo/Shared/Models/Stats.swift (in target 'flo Watch Watch App' from project 'flo')
    cd /tmp/flo-empty
    

SwiftCompile normal x86_64 /tmp/flo-empty/flo/Watch/FloWatchApp.swift (in target 'flo Watch Watch App' from project 'flo')
    cd /tmp/flo-empty
    

SwiftDriverJobDiscovery normal arm64 Compiling WatchRadiosView.swift, AccountLinkStatus.swift, Radio.swift (in target 'flo Watch Watch App' from project 'flo')

SwiftCompile normal x86_64 Compiling\ NowPlaying.swift,\ Playlist.swift,\ Playable.swift /tmp/flo-empty/flo/Shared/Models/NowPlaying.swift /tmp/flo-empty/flo/Shared/Models/Playlist.swift /tmp/flo-empty/flo/Shared/Models/Playable.swift (in target 'flo Watch Watch App' from project 'flo')

SwiftCompile normal x86_64 /tmp/flo-empty/flo/Shared/Models/NowPlaying.swift (in target 'flo Watch Watch App' from project 'flo')
    cd /tmp/flo-empty
    

SwiftCompile normal x86_64 /tmp/flo-empty/flo/Shared/Models/Playlist.swift (in target 'flo Watch Watch App' from project 'flo')
    cd /tmp/flo-empty
    

SwiftCompile normal x86_64 /tmp/flo-empty/flo/Shared/Models/Playable.swift (in target 'flo Watch Watch App' from project 'flo')
    cd /tmp/flo-empty
    

SwiftDriverJobDiscovery normal arm64 Compiling WatchSongsView.swift, WatchCoverArtView.swift (in target 'flo Watch Watch App' from project 'flo')

SwiftCompile normal arm64 Compiling\ WatchAlbumsView.swift,\ WatchRootView.swift,\ WatchAlbumDetailView.swift /tmp/flo-empty/flo/Watch/WatchAlbumsView.swift /tmp/flo-empty/flo/Watch/WatchRootView.swift /tmp/flo-empty/flo/Watch/WatchAlbumDetailView.swift (in target 'flo Watch Watch App' from project 'flo')

SwiftCompile normal arm64 /tmp/flo-empty/flo/Watch/WatchAlbumsView.swift (in target 'flo Watch Watch App' from project 'flo')
    cd /tmp/flo-empty
    

SwiftCompile normal arm64 /tmp/flo-empty/flo/Watch/WatchRootView.swift (in target 'flo Watch Watch App' from project 'flo')
    cd /tmp/flo-empty
    

SwiftCompile normal arm64 /tmp/flo-empty/flo/Watch/WatchAlbumDetailView.swift (in target 'flo Watch Watch App' from project 'flo')
    cd /tmp/flo-empty
    

SwiftDriverJobDiscovery normal x86_64 Compiling ScanStatus.swift, Subsonic.swift, Artist.swift (in target 'flo Watch Watch App' from project 'flo')

SwiftCompile normal x86_64 Compiling\ ExplicitStatus.swift,\ ExplicitBadge.swift,\ LRCLIB.swift /tmp/flo-empty/flo/Shared/Models/ExplicitStatus.swift /tmp/flo-empty/flo/Shared/Utils/ExplicitBadge.swift /tmp/flo-empty/flo/Shared/Models/LRCLIB.swift (in target 'flo Watch Watch App' from project 'flo')

SwiftCompile normal x86_64 /tmp/flo-empty/flo/Shared/Models/ExplicitStatus.swift (in target 'flo Watch Watch App' from project 'flo')
    cd /tmp/flo-empty
    

SwiftCompile normal x86_64 /tmp/flo-empty/flo/Shared/Utils/ExplicitBadge.swift (in target 'flo Watch Watch App' from project 'flo')
    cd /tmp/flo-empty
    

SwiftCompile normal x86_64 /tmp/flo-empty/flo/Shared/Models/LRCLIB.swift (in target 'flo Watch Watch App' from project 'flo')
    cd /tmp/flo-empty
    

SwiftDriverJobDiscovery normal x86_64 Compiling UserAuth.swift, LyricsLine.swift, Song.swift (in target 'flo Watch Watch App' from project 'flo')

SwiftDriverJobDiscovery normal arm64 Compiling Album.swift, Stats.swift, FloWatchApp.swift (in target 'flo Watch Watch App' from project 'flo')

SwiftCompile normal x86_64 Compiling\ Keychain.swift,\ LoggerSession.swift,\ Mutex.swift /var/folders/g2/4t2t7ssj3n3_v2xrl935g8sh0000gn/T/flo-derived.tr2gd7/SourcePackages/checkouts/Pulse/Sources/Pulse/Helpers/Keychain.swift /var/folders/g2/4t2t7ssj3n3_v2xrl935g8sh0000gn/T/flo-derived.tr2gd7/SourcePackages/checkouts/Pulse/Sources/Pulse/Helpers/LoggerSession.swift /var/folders/g2/4t2t7ssj3n3_v2xrl935g8sh0000gn/T/flo-derived.tr2gd7/SourcePackages/checkouts/Pulse/Sources/Pulse/Helpers/Mutex.swift (in target 'Pulse' from project 'Pulse')

SwiftCompile normal x86_64 /var/folders/g2/4t2t7ssj3n3_v2xrl935g8sh0000gn/T/flo-derived.tr2gd7/SourcePackages/checkouts/Pulse/Sources/Pulse/Helpers/Keychain.swift (in target 'Pulse' from project 'Pulse')
    cd /tmp/flo-empty/flo.xcodeproj
    

SwiftCompile normal x86_64 /var/folders/g2/4t2t7ssj3n3_v2xrl935g8sh0000gn/T/flo-derived.tr2gd7/SourcePackages/checkouts/Pulse/Sources/Pulse/Helpers/LoggerSession.swift (in target 'Pulse' from project 'Pulse')
    cd /tmp/flo-empty/flo.xcodeproj
    

SwiftCompile normal x86_64 /var/folders/g2/4t2t7ssj3n3_v2xrl935g8sh0000gn/T/flo-derived.tr2gd7/SourcePackages/checkouts/Pulse/Sources/Pulse/Helpers/Mutex.swift (in target 'Pulse' from project 'Pulse')
    cd /tmp/flo-empty/flo.xcodeproj
    

SwiftDriverJobDiscovery normal x86_64 Compiling NowPlaying.swift, Playlist.swift, Playable.swift (in target 'flo Watch Watch App' from project 'flo')

SwiftCompile normal x86_64 Compiling\ CoreData+Extensions.swift,\ Helpers.swift,\ ImageProcessor.swift /var/folders/g2/4t2t7ssj3n3_v2xrl935g8sh0000gn/T/flo-derived.tr2gd7/SourcePackages/checkouts/Pulse/Sources/Pulse/Helpers/CoreData+Extensions.swift /var/folders/g2/4t2t7ssj3n3_v2xrl935g8sh0000gn/T/flo-derived.tr2gd7/SourcePackages/checkouts/Pulse/Sources/Pulse/Helpers/Helpers.swift /var/folders/g2/4t2t7ssj3n3_v2xrl935g8sh0000gn/T/flo-derived.tr2gd7/SourcePackages/checkouts/Pulse/Sources/Pulse/Helpers/ImageProcessor.swift (in target 'Pulse' from project 'Pulse')
SwiftCompile normal x86_64 /var/folders/g2/4t2t7ssj3n3_v2xrl935g8sh0000gn/T/flo-derived.tr2gd7/SourcePackages/checkouts/Pulse/Sources/Pulse/Helpers/CoreData+Extensions.swift (in target 'Pulse' from project 'Pulse')
    cd /tmp/flo-empty/flo.xcodeproj
    

SwiftCompile normal x86_64 /var/folders/g2/4t2t7ssj3n3_v2xrl935g8sh0000gn/T/flo-derived.tr2gd7/SourcePackages/checkouts/Pulse/Sources/Pulse/Helpers/Helpers.swift (in target 'Pulse' from project 'Pulse')
    cd /tmp/flo-empty/flo.xcodeproj
    

SwiftCompile normal x86_64 /var/folders/g2/4t2t7ssj3n3_v2xrl935g8sh0000gn/T/flo-derived.tr2gd7/SourcePackages/checkouts/Pulse/Sources/Pulse/Helpers/ImageProcessor.swift (in target 'Pulse' from project 'Pulse')
    cd /tmp/flo-empty/flo.xcodeproj
    

SwiftDriverJobDiscovery normal arm64 Compiling WatchAlbumsView.swift, WatchRootView.swift, WatchAlbumDetailView.swift (in target 'flo Watch Watch App' from project 'flo')

SwiftCompile normal x86_64 Compiling\ LoggerStore+Level.swift,\ LoggerStore+Model.swift /var/folders/g2/4t2t7ssj3n3_v2xrl935g8sh0000gn/T/flo-derived.tr2gd7/SourcePackages/checkouts/Pulse/Sources/Pulse/LoggerStore/LoggerStore+Level.swift /var/folders/g2/4t2t7ssj3n3_v2xrl935g8sh0000gn/T/flo-derived.tr2gd7/SourcePackages/checkouts/Pulse/Sources/Pulse/LoggerStore/LoggerStore+Model.swift (in target 'Pulse' from project 'Pulse')

SwiftCompile normal x86_64 /var/folders/g2/4t2t7ssj3n3_v2xrl935g8sh0000gn/T/flo-derived.tr2gd7/SourcePackages/checkouts/Pulse/Sources/Pulse/LoggerStore/LoggerStore+Level.swift (in target 'Pulse' from project 'Pulse')
    cd /tmp/flo-empty/flo.xcodeproj
    

SwiftCompile normal x86_64 /var/folders/g2/4t2t7ssj3n3_v2xrl935g8sh0000gn/T/flo-derived.tr2gd7/SourcePackages/checkouts/Pulse/Sources/Pulse/LoggerStore/LoggerStore+Model.swift (in target 'Pulse' from project 'Pulse')
    cd /tmp/flo-empty/flo.xcodeproj
    

SwiftDriverJobDiscovery normal x86_64 Compiling Keychain.swift, LoggerSession.swift, Mutex.swift (in target 'Pulse' from project 'Pulse')

SwiftDriver\ Compilation flo\ Watch\ Watch\ App normal arm64 com.apple.xcode.tools.swift.compiler (in target 'flo Watch Watch App' from project 'flo')
    cd /tmp/flo-empty
    builtin-Swift-Compilation -- /Applications/Xcode.app/Contents/Developer/Toolchains/XcodeDefault.xctoolchain/usr/bin/swiftc -module-name flo_Watch_Watch_App -Onone @/var/folders/g2/4t2t7ssj3n3_v2xrl935g8sh0000gn/T/flo-derived.tr2gd7/Build/Intermediates.noindex/flo.build/Debug-watchsimulator/flo\ Watch\ Watch\ App.build/Objects-normal/arm64/flo\ Watch\ Watch\ App.SwiftFileList -DDEBUG -default-isolation\=MainActor -enable-bare-slash-regex -enable-upcoming-feature DisableOutwardActorInference -enable-upcoming-feature InferSendableFromCaptures -enable-upcoming-feature GlobalActorIsolatedTypesUsability -enable-upcoming-feature MemberImportVisibility -enable-upcoming-feature InferIsolatedConformances -enable-upcoming-feature NonisolatedNonsendingByDefault -enable-experimental-feature DebugDescriptionMacro -sdk /Applications/Xcode.app/Contents/Developer/Platforms/WatchSimulator.platform/Developer/SDKs/WatchSimulator26.4.sdk -target arm64-apple-watchos10.6-simulator -g -module-cache-path /var/folders/g2/4t2t7ssj3n3_v2xrl935g8sh0000gn/T/flo-derived.tr2gd7/ModuleCache.noindex -Xfrontend -serialize-debugging-options -enable-testing -index-store-path /var/folders/g2/4t2t7ssj3n3_v2xrl935g8sh0000gn/T/flo-derived.tr2gd7/Index.noindex/DataStore -Xcc -D_LIBCPP_HARDENING_MODE\=_LIBCPP_HARDENING_MODE_DEBUG -swift-version 5 -I /var/folders/g2/4t2t7ssj3n3_v2xrl935g8sh0000gn/T/flo-derived.tr2gd7/Build/Products/Debug-watchsimulator -F /var/folders/g2/4t2t7ssj3n3_v2xrl935g8sh0000gn/T/flo-derived.tr2gd7/Build/Products/Debug-watchsimulator -emit-localized-strings -emit-localized-strings-path /var/folders/g2/4t2t7ssj3n3_v2xrl935g8sh0000gn/T/flo-derived.tr2gd7/Build/Intermediates.noindex/flo.build/Debug-watchsimulator/flo\ Watch\ Watch\ App.build/Objects-normal/arm64 -c -j12 -enable-batch-mode -incremental -Xcc -ivfsstatcache -Xcc /var/folders/g2/4t2t7ssj3n3_v2xrl935g8sh0000gn/T/flo-derived.tr2gd7/SDKStatCaches.noindex/watchsimulator26.4-23T238-8aa186fa658f8d2cb200b6f26918d89b.sdkstatcache -output-file-map /var/folders/g2/4t2t7ssj3n3_v2xrl935g8sh0000gn/T/flo-derived.tr2gd7/Build/Intermediates.noindex/flo.build/Debug-watchsimulator/flo\ Watch\ Watch\ App.build/Objects-normal/arm64/flo\ Watch\ Watch\ App-OutputFileMap.json -use-frontend-parseable-output -save-temps -no-color-diagnostics -explicit-module-build -module-cache-path /var/folders/g2/4t2t7ssj3n3_v2xrl935g8sh0000gn/T/flo-derived.tr2gd7/Build/Intermediates.noindex/SwiftExplicitPrecompiledModules -clang-scanner-module-cache-path /var/folders/g2/4t2t7ssj3n3_v2xrl935g8sh0000gn/T/flo-derived.tr2gd7/ModuleCache.noindex -sdk-module-cache-path /var/folders/g2/4t2t7ssj3n3_v2xrl935g8sh0000gn/T/flo-derived.tr2gd7/ModuleCache.noindex -serialize-diagnostics -emit-dependencies -emit-module -emit-module-path /var/folders/g2/4t2t7ssj3n3_v2xrl935g8sh0000gn/T/flo-derived.tr2gd7/Build/Intermediates.noindex/flo.build/Debug-watchsimulator/flo\ Watch\ Watch\ App.build/Objects-normal/arm64/flo_Watch_Watch_App.swiftmodule -validate-clang-modules-once -clang-build-session-file /var/folders/g2/4t2t7ssj3n3_v2xrl935g8sh0000gn/T/flo-derived.tr2gd7/ModuleCache.noindex/Session.modulevalidation -Xcc -I/var/folders/g2/4t2t7ssj3n3_v2xrl935g8sh0000gn/T/flo-derived.tr2gd7/Build/Intermediates.noindex/flo.build/Debug-watchsimulator/flo\ Watch\ Watch\ App.build/swift-overrides.hmap -emit-const-values -Xfrontend -const-gather-protocols-file -Xfrontend /var/folders/g2/4t2t7ssj3n3_v2xrl935g8sh0000gn/T/flo-derived.tr2gd7/Build/Intermediates.noindex/flo.build/Debug-watchsimulator/flo\ Watch\ Watch\ App.build/Objects-normal/arm64/flo\ Watch\ Watch\ App_const_extract_protocols.json -Xcc -iquote -Xcc /var/folders/g2/4t2t7ssj3n3_v2xrl935g8sh0000gn/T/flo-derived.tr2gd7/Build/Intermediates.noindex/flo.build/Debug-watchsimulator/flo\ Watch\ Watch\ App.build/flo\ Watch\ Watch\ App-generated-files.hmap -Xcc -I/var/folders/g2/4t2t7ssj3n3_v2xrl935g8sh0000gn/T/flo-derived.tr2gd7/Build/Intermediates.noindex/flo.build/Debug-watchsimulator/flo\ Watch\ Watch\ App.build/flo\ Watch\ Watch\ App-own-target-headers.hmap -Xcc -I/var/folders/g2/4t2t7ssj3n3_v2xrl935g8sh0000gn/T/flo-derived.tr2gd7/Build/Intermediates.noindex/flo.build/Debug-watchsimulator/flo\ Watch\ Watch\ App.build/flo\ Watch\ Watch\ App-all-non-framework-target-headers.hmap -Xcc -ivfsoverlay -Xcc /var/folders/g2/4t2t7ssj3n3_v2xrl935g8sh0000gn/T/flo-derived.tr2gd7/Build/Intermediates.noindex/flo.build/Debug-watchsimulator/flo-e42aa0d01e01bbf82526ab4968c4bed2-VFS-watchsimulator/all-product-headers.yaml -Xcc -iquote -Xcc /var/folders/g2/4t2t7ssj3n3_v2xrl935g8sh0000gn/T/flo-derived.tr2gd7/Build/Intermediates.noindex/flo.build/Debug-watchsimulator/flo\ Watch\ Watch\ App.build/flo\ Watch\ Watch\ App-project-headers.hmap -Xcc -I/var/folders/g2/4t2t7ssj3n3_v2xrl935g8sh0000gn/T/flo-derived.tr2gd7/Build/Products/Debug-watchsimulator/include -Xcc -I/var/folders/g2/4t2t7ssj3n3_v2xrl935g8sh0000gn/T/flo-derived.tr2gd7/Build/Intermediates.noindex/flo.build/Debug-watchsimulator/flo\ Watch\ Watch\ App.build/DerivedSources-normal/arm64 -Xcc -I/var/folders/g2/4t2t7ssj3n3_v2xrl935g8sh0000gn/T/flo-derived.tr2gd7/Build/Intermediates.noindex/flo.build/Debug-watchsimulator/flo\ Watch\ Watch\ App.build/DerivedSources/arm64 -Xcc -I/var/folders/g2/4t2t7ssj3n3_v2xrl935g8sh0000gn/T/flo-derived.tr2gd7/Build/Intermediates.noindex/flo.build/Debug-watchsimulator/flo\ Watch\ Watch\ App.build/DerivedSources -Xcc -DDEBUG\=1 -emit-objc-header -emit-objc-header-path /var/folders/g2/4t2t7ssj3n3_v2xrl935g8sh0000gn/T/flo-derived.tr2gd7/Build/Intermediates.noindex/flo.build/Debug-watchsimulator/flo\ Watch\ Watch\ App.build/Objects-normal/arm64/flo_Watch_Watch_App-Swift.h -working-directory /tmp/flo-empty -experimental-emit-module-separately -disable-cmo

SwiftCompile normal x86_64 Compiling\ PulseDocument.swift,\ Regex.swift,\ LoggerStore+Configuration.swift /var/folders/g2/4t2t7ssj3n3_v2xrl935g8sh0000gn/T/flo-derived.tr2gd7/SourcePackages/checkouts/Pulse/Sources/Pulse/Helpers/PulseDocument.swift /var/folders/g2/4t2t7ssj3n3_v2xrl935g8sh0000gn/T/flo-derived.tr2gd7/SourcePackages/checkouts/Pulse/Sources/Pulse/Helpers/Regex.swift /var/folders/g2/4t2t7ssj3n3_v2xrl935g8sh0000gn/T/flo-derived.tr2gd7/SourcePackages/checkouts/Pulse/Sources/Pulse/LoggerStore/LoggerStore+Configuration.swift (in target 'Pulse' from project 'Pulse')
SwiftCompile normal x86_64 /var/folders/g2/4t2t7ssj3n3_v2xrl935g8sh0000gn/T/flo-derived.tr2gd7/SourcePackages/checkouts/Pulse/Sources/Pulse/Helpers/PulseDocument.swift (in target 'Pulse' from project 'Pulse')
    cd /tmp/flo-empty/flo.xcodeproj
    

SwiftCompile normal x86_64 /var/folders/g2/4t2t7ssj3n3_v2xrl935g8sh0000gn/T/flo-derived.tr2gd7/SourcePackages/checkouts/Pulse/Sources/Pulse/Helpers/Regex.swift (in target 'Pulse' from project 'Pulse')
    cd /tmp/flo-empty/flo.xcodeproj
    

SwiftCompile normal x86_64 /var/folders/g2/4t2t7ssj3n3_v2xrl935g8sh0000gn/T/flo-derived.tr2gd7/SourcePackages/checkouts/Pulse/Sources/Pulse/LoggerStore/LoggerStore+Configuration.swift (in target 'Pulse' from project 'Pulse')
    cd /tmp/flo-empty/flo.xcodeproj
    

SwiftCompile normal x86_64 Compiling\ NetworkLogger.swift,\ RemoteLogger-Connection.swift /var/folders/g2/4t2t7ssj3n3_v2xrl935g8sh0000gn/T/flo-derived.tr2gd7/SourcePackages/checkouts/Pulse/Sources/Pulse/NetworkLogger/NetworkLogger.swift /var/folders/g2/4t2t7ssj3n3_v2xrl935g8sh0000gn/T/flo-derived.tr2gd7/SourcePackages/checkouts/Pulse/Sources/Pulse/RemoteLogger/RemoteLogger-Connection.swift (in target 'Pulse' from project 'Pulse')
SwiftCompile normal x86_64 /var/folders/g2/4t2t7ssj3n3_v2xrl935g8sh0000gn/T/flo-derived.tr2gd7/SourcePackages/checkouts/Pulse/Sources/Pulse/NetworkLogger/NetworkLogger.swift (in target 'Pulse' from project 'Pulse')
    cd /tmp/flo-empty/flo.xcodeproj
    

SwiftCompile normal x86_64 /var/folders/g2/4t2t7ssj3n3_v2xrl935g8sh0000gn/T/flo-derived.tr2gd7/SourcePackages/checkouts/Pulse/Sources/Pulse/RemoteLogger/RemoteLogger-Connection.swift (in target 'Pulse' from project 'Pulse')
    cd /tmp/flo-empty/flo.xcodeproj
    

SwiftDriverJobDiscovery normal x86_64 Compiling WatchRadiosView.swift, AccountLinkStatus.swift, Radio.swift (in target 'flo Watch Watch App' from project 'flo')

SwiftCompile normal x86_64 Compiling\ LoggerStore+Entities.swift,\ LoggerStore+Event.swift,\ LoggerStore+Info.swift /var/folders/g2/4t2t7ssj3n3_v2xrl935g8sh0000gn/T/flo-derived.tr2gd7/SourcePackages/checkouts/Pulse/Sources/Pulse/LoggerStore/LoggerStore+Entities.swift /var/folders/g2/4t2t7ssj3n3_v2xrl935g8sh0000gn/T/flo-derived.tr2gd7/SourcePackages/checkouts/Pulse/Sources/Pulse/LoggerStore/LoggerStore+Event.swift /var/folders/g2/4t2t7ssj3n3_v2xrl935g8sh0000gn/T/flo-derived.tr2gd7/SourcePackages/checkouts/Pulse/Sources/Pulse/LoggerStore/LoggerStore+Info.swift (in target 'Pulse' from project 'Pulse')
SwiftCompile normal x86_64 /var/folders/g2/4t2t7ssj3n3_v2xrl935g8sh0000gn/T/flo-derived.tr2gd7/SourcePackages/checkouts/Pulse/Sources/Pulse/LoggerStore/LoggerStore+Entities.swift (in target 'Pulse' from project 'Pulse')
    cd /tmp/flo-empty/flo.xcodeproj
    

SwiftCompile normal x86_64 /var/folders/g2/4t2t7ssj3n3_v2xrl935g8sh0000gn/T/flo-derived.tr2gd7/SourcePackages/checkouts/Pulse/Sources/Pulse/LoggerStore/LoggerStore+Event.swift (in target 'Pulse' from project 'Pulse')
    cd /tmp/flo-empty/flo.xcodeproj
    

SwiftCompile normal x86_64 /var/folders/g2/4t2t7ssj3n3_v2xrl935g8sh0000gn/T/flo-derived.tr2gd7/SourcePackages/checkouts/Pulse/Sources/Pulse/LoggerStore/LoggerStore+Info.swift (in target 'Pulse' from project 'Pulse')
    cd /tmp/flo-empty/flo.xcodeproj
    

SwiftDriverJobDiscovery normal x86_64 Compiling WatchArtistsView.swift, WatchHomeView.swift, WatchPlaylistDetailView.swift (in target 'flo Watch Watch App' from project 'flo')

SwiftCompile normal x86_64 Compiling\ RemoteLogger-Protocol.swift,\ RemoteLogger.swift /var/folders/g2/4t2t7ssj3n3_v2xrl935g8sh0000gn/T/flo-derived.tr2gd7/SourcePackages/checkouts/Pulse/Sources/Pulse/RemoteLogger/RemoteLogger-Protocol.swift /var/folders/g2/4t2t7ssj3n3_v2xrl935g8sh0000gn/T/flo-derived.tr2gd7/SourcePackages/checkouts/Pulse/Sources/Pulse/RemoteLogger/RemoteLogger.swift (in target 'Pulse' from project 'Pulse')
SwiftCompile normal x86_64 /var/folders/g2/4t2t7ssj3n3_v2xrl935g8sh0000gn/T/flo-derived.tr2gd7/SourcePackages/checkouts/Pulse/Sources/Pulse/RemoteLogger/RemoteLogger-Protocol.swift (in target 'Pulse' from project 'Pulse')
    cd /tmp/flo-empty/flo.xcodeproj
    

SwiftCompile normal x86_64 /var/folders/g2/4t2t7ssj3n3_v2xrl935g8sh0000gn/T/flo-derived.tr2gd7/SourcePackages/checkouts/Pulse/Sources/Pulse/RemoteLogger/RemoteLogger.swift (in target 'Pulse' from project 'Pulse')
    cd /tmp/flo-empty/flo.xcodeproj
    

SwiftDriverJobDiscovery normal x86_64 Compiling WatchArtistDetailView.swift, WatchPlaylistsView.swift, WatchLibraryViewModel.swift (in target 'flo Watch Watch App' from project 'flo')

SwiftDriverJobDiscovery normal x86_64 Compiling WatchSongsView.swift, WatchCoverArtView.swift (in target 'flo Watch Watch App' from project 'flo')

SwiftCompile normal x86_64 Compiling\ ImageRequest.swift,\ ImageResponse.swift,\ ImageTask.swift,\ Atomic.swift,\ DataPublisher.swift /var/folders/g2/4t2t7ssj3n3_v2xrl935g8sh0000gn/T/flo-derived.tr2gd7/SourcePackages/checkouts/Nuke/Sources/Nuke/ImageRequest.swift /var/folders/g2/4t2t7ssj3n3_v2xrl935g8sh0000gn/T/flo-derived.tr2gd7/SourcePackages/checkouts/Nuke/Sources/Nuke/ImageResponse.swift /var/folders/g2/4t2t7ssj3n3_v2xrl935g8sh0000gn/T/flo-derived.tr2gd7/SourcePackages/checkouts/Nuke/Sources/Nuke/ImageTask.swift /var/folders/g2/4t2t7ssj3n3_v2xrl935g8sh0000gn/T/flo-derived.tr2gd7/SourcePackages/checkouts/Nuke/Sources/Nuke/Internal/Atomic.swift /var/folders/g2/4t2t7ssj3n3_v2xrl935g8sh0000gn/T/flo-derived.tr2gd7/SourcePackages/checkouts/Nuke/Sources/Nuke/Internal/DataPublisher.swift (in target 'Nuke' from project 'Nuke')

SwiftCompile normal x86_64 /var/folders/g2/4t2t7ssj3n3_v2xrl935g8sh0000gn/T/flo-derived.tr2gd7/SourcePackages/checkouts/Nuke/Sources/Nuke/ImageRequest.swift (in target 'Nuke' from project 'Nuke')
    cd /tmp/flo-empty/flo.xcodeproj
    

SwiftCompile normal x86_64 /var/folders/g2/4t2t7ssj3n3_v2xrl935g8sh0000gn/T/flo-derived.tr2gd7/SourcePackages/checkouts/Nuke/Sources/Nuke/ImageResponse.swift (in target 'Nuke' from project 'Nuke')
    cd /tmp/flo-empty/flo.xcodeproj
    

SwiftCompile normal x86_64 /var/folders/g2/4t2t7ssj3n3_v2xrl935g8sh0000gn/T/flo-derived.tr2gd7/SourcePackages/checkouts/Nuke/Sources/Nuke/ImageTask.swift (in target 'Nuke' from project 'Nuke')
    cd /tmp/flo-empty/flo.xcodeproj
    

SwiftCompile normal x86_64 /var/folders/g2/4t2t7ssj3n3_v2xrl935g8sh0000gn/T/flo-derived.tr2gd7/SourcePackages/checkouts/Nuke/Sources/Nuke/Internal/Atomic.swift (in target 'Nuke' from project 'Nuke')
    cd /tmp/flo-empty/flo.xcodeproj
    

SwiftCompile normal x86_64 /var/folders/g2/4t2t7ssj3n3_v2xrl935g8sh0000gn/T/flo-derived.tr2gd7/SourcePackages/checkouts/Nuke/Sources/Nuke/Internal/DataPublisher.swift (in target 'Nuke' from project 'Nuke')
    cd /tmp/flo-empty/flo.xcodeproj
    

SwiftDriverJobDiscovery normal x86_64 Compiling ArtistRadio.swift, WatchNowPlayingView.swift, WatchPlayerViewModel.swift (in target 'flo Watch Watch App' from project 'flo')

SwiftCompile normal x86_64 Compiling\ ImageProcessors.swift,\ AsyncPipelineTask.swift,\ AsyncTask.swift,\ TaskFetchOriginalData.swift /var/folders/g2/4t2t7ssj3n3_v2xrl935g8sh0000gn/T/flo-derived.tr2gd7/SourcePackages/checkouts/Nuke/Sources/Nuke/Processing/ImageProcessors.swift /var/folders/g2/4t2t7ssj3n3_v2xrl935g8sh0000gn/T/flo-derived.tr2gd7/SourcePackages/checkouts/Nuke/Sources/Nuke/Tasks/AsyncPipelineTask.swift /var/folders/g2/4t2t7ssj3n3_v2xrl935g8sh0000gn/T/flo-derived.tr2gd7/SourcePackages/checkouts/Nuke/Sources/Nuke/Tasks/AsyncTask.swift /var/folders/g2/4t2t7ssj3n3_v2xrl935g8sh0000gn/T/flo-derived.tr2gd7/SourcePackages/checkouts/Nuke/Sources/Nuke/Tasks/TaskFetchOriginalData.swift (in target 'Nuke' from project 'Nuke')

SwiftCompile normal x86_64 /var/folders/g2/4t2t7ssj3n3_v2xrl935g8sh0000gn/T/flo-derived.tr2gd7/SourcePackages/checkouts/Nuke/Sources/Nuke/Processing/ImageProcessors.swift (in target 'Nuke' from project 'Nuke')
    cd /tmp/flo-empty/flo.xcodeproj
    

SwiftCompile normal x86_64 /var/folders/g2/4t2t7ssj3n3_v2xrl935g8sh0000gn/T/flo-derived.tr2gd7/SourcePackages/checkouts/Nuke/Sources/Nuke/Tasks/AsyncPipelineTask.swift (in target 'Nuke' from project 'Nuke')
    cd /tmp/flo-empty/flo.xcodeproj
    

SwiftCompile normal x86_64 /var/folders/g2/4t2t7ssj3n3_v2xrl935g8sh0000gn/T/flo-derived.tr2gd7/SourcePackages/checkouts/Nuke/Sources/Nuke/Tasks/AsyncTask.swift (in target 'Nuke' from project 'Nuke')
    cd /tmp/flo-empty/flo.xcodeproj
    

SwiftCompile normal x86_64 /var/folders/g2/4t2t7ssj3n3_v2xrl935g8sh0000gn/T/flo-derived.tr2gd7/SourcePackages/checkouts/Nuke/Sources/Nuke/Tasks/TaskFetchOriginalData.swift (in target 'Nuke' from project 'Nuke')
    cd /tmp/flo-empty/flo.xcodeproj
    

SwiftDriverJobDiscovery normal x86_64 Compiling Album.swift, Stats.swift, FloWatchApp.swift (in target 'flo Watch Watch App' from project 'flo')

SwiftCompile normal x86_64 Compiling\ DataLoading.swift,\ ImagePipeline+Cache.swift,\ ImagePipeline+Configuration.swift,\ ImagePipeline+Delegate.swift,\ ImagePipeline+Error.swift /var/folders/g2/4t2t7ssj3n3_v2xrl935g8sh0000gn/T/flo-derived.tr2gd7/SourcePackages/checkouts/Nuke/Sources/Nuke/Loading/DataLoading.swift /var/folders/g2/4t2t7ssj3n3_v2xrl935g8sh0000gn/T/flo-derived.tr2gd7/SourcePackages/checkouts/Nuke/Sources/Nuke/Pipeline/ImagePipeline+Cache.swift /var/folders/g2/4t2t7ssj3n3_v2xrl935g8sh0000gn/T/flo-derived.tr2gd7/SourcePackages/checkouts/Nuke/Sources/Nuke/Pipeline/ImagePipeline+Configuration.swift /var/folders/g2/4t2t7ssj3n3_v2xrl935g8sh0000gn/T/flo-derived.tr2gd7/SourcePackages/checkouts/Nuke/Sources/Nuke/Pipeline/ImagePipeline+Delegate.swift /var/folders/g2/4t2t7ssj3n3_v2xrl935g8sh0000gn/T/flo-derived.tr2gd7/SourcePackages/checkouts/Nuke/Sources/Nuke/Pipeline/ImagePipeline+Error.swift (in target 'Nuke' from project 'Nuke')

SwiftCompile normal x86_64 /var/folders/g2/4t2t7ssj3n3_v2xrl935g8sh0000gn/T/flo-derived.tr2gd7/SourcePackages/checkouts/Nuke/Sources/Nuke/Loading/DataLoading.swift (in target 'Nuke' from project 'Nuke')
    cd /tmp/flo-empty/flo.xcodeproj
    

SwiftCompile normal x86_64 /var/folders/g2/4t2t7ssj3n3_v2xrl935g8sh0000gn/T/flo-derived.tr2gd7/SourcePackages/checkouts/Nuke/Sources/Nuke/Pipeline/ImagePipeline+Cache.swift (in target 'Nuke' from project 'Nuke')
    cd /tmp/flo-empty/flo.xcodeproj
    

SwiftCompile normal x86_64 /var/folders/g2/4t2t7ssj3n3_v2xrl935g8sh0000gn/T/flo-derived.tr2gd7/SourcePackages/checkouts/Nuke/Sources/Nuke/Pipeline/ImagePipeline+Configuration.swift (in target 'Nuke' from project 'Nuke')
    cd /tmp/flo-empty/flo.xcodeproj
    

SwiftCompile normal x86_64 /var/folders/g2/4t2t7ssj3n3_v2xrl935g8sh0000gn/T/flo-derived.tr2gd7/SourcePackages/checkouts/Nuke/Sources/Nuke/Pipeline/ImagePipeline+Delegate.swift (in target 'Nuke' from project 'Nuke')
    cd /tmp/flo-empty/flo.xcodeproj
    

SwiftCompile normal x86_64 /var/folders/g2/4t2t7ssj3n3_v2xrl935g8sh0000gn/T/flo-derived.tr2gd7/SourcePackages/checkouts/Nuke/Sources/Nuke/Pipeline/ImagePipeline+Error.swift (in target 'Nuke' from project 'Nuke')
    cd /tmp/flo-empty/flo.xcodeproj
    

SwiftDriverJobDiscovery normal x86_64 Compiling WatchAlbumsView.swift, WatchRootView.swift, WatchAlbumDetailView.swift (in target 'flo Watch Watch App' from project 'flo')

SwiftCompile normal x86_64 Compiling\ Cache.swift,\ DataCache.swift,\ DataCaching.swift,\ ImageCache.swift,\ ImageCaching.swift /var/folders/g2/4t2t7ssj3n3_v2xrl935g8sh0000gn/T/flo-derived.tr2gd7/SourcePackages/checkouts/Nuke/Sources/Nuke/Caching/Cache.swift /var/folders/g2/4t2t7ssj3n3_v2xrl935g8sh0000gn/T/flo-derived.tr2gd7/SourcePackages/checkouts/Nuke/Sources/Nuke/Caching/DataCache.swift /var/folders/g2/4t2t7ssj3n3_v2xrl935g8sh0000gn/T/flo-derived.tr2gd7/SourcePackages/checkouts/Nuke/Sources/Nuke/Caching/DataCaching.swift /var/folders/g2/4t2t7ssj3n3_v2xrl935g8sh0000gn/T/flo-derived.tr2gd7/SourcePackages/checkouts/Nuke/Sources/Nuke/Caching/ImageCache.swift /var/folders/g2/4t2t7ssj3n3_v2xrl935g8sh0000gn/T/flo-derived.tr2gd7/SourcePackages/checkouts/Nuke/Sources/Nuke/Caching/ImageCaching.swift (in target 'Nuke' from project 'Nuke')

SwiftCompile normal x86_64 /var/folders/g2/4t2t7ssj3n3_v2xrl935g8sh0000gn/T/flo-derived.tr2gd7/SourcePackages/checkouts/Nuke/Sources/Nuke/Caching/Cache.swift (in target 'Nuke' from project 'Nuke')
    cd /tmp/flo-empty/flo.xcodeproj
    

SwiftCompile normal x86_64 /var/folders/g2/4t2t7ssj3n3_v2xrl935g8sh0000gn/T/flo-derived.tr2gd7/SourcePackages/checkouts/Nuke/Sources/Nuke/Caching/DataCache.swift (in target 'Nuke' from project 'Nuke')
    cd /tmp/flo-empty/flo.xcodeproj
    

SwiftCompile normal x86_64 /var/folders/g2/4t2t7ssj3n3_v2xrl935g8sh0000gn/T/flo-derived.tr2gd7/SourcePackages/checkouts/Nuke/Sources/Nuke/Caching/DataCaching.swift (in target 'Nuke' from project 'Nuke')
    cd /tmp/flo-empty/flo.xcodeproj
    

SwiftCompile normal x86_64 /var/folders/g2/4t2t7ssj3n3_v2xrl935g8sh0000gn/T/flo-derived.tr2gd7/SourcePackages/checkouts/Nuke/Sources/Nuke/Caching/ImageCache.swift (in target 'Nuke' from project 'Nuke')
    cd /tmp/flo-empty/flo.xcodeproj
    

SwiftCompile normal x86_64 /var/folders/g2/4t2t7ssj3n3_v2xrl935g8sh0000gn/T/flo-derived.tr2gd7/SourcePackages/checkouts/Nuke/Sources/Nuke/Caching/ImageCaching.swift (in target 'Nuke' from project 'Nuke')
    cd /tmp/flo-empty/flo.xcodeproj
    

SwiftDriverJobDiscovery normal x86_64 Compiling LoggerStore+Level.swift, LoggerStore+Model.swift (in target 'Pulse' from project 'Pulse')

SwiftCompile normal x86_64 Compiling\ ImageProcessors+CoreImage.swift,\ ImageProcessors+GaussianBlur.swift,\ ImageProcessors+Resize.swift,\ ImageProcessors+RoundedCorners.swift /var/folders/g2/4t2t7ssj3n3_v2xrl935g8sh0000gn/T/flo-derived.tr2gd7/SourcePackages/checkouts/Nuke/Sources/Nuke/Processing/ImageProcessors+CoreImage.swift /var/folders/g2/4t2t7ssj3n3_v2xrl935g8sh0000gn/T/flo-derived.tr2gd7/SourcePackages/checkouts/Nuke/Sources/Nuke/Processing/ImageProcessors+GaussianBlur.swift /var/folders/g2/4t2t7ssj3n3_v2xrl935g8sh0000gn/T/flo-derived.tr2gd7/SourcePackages/checkouts/Nuke/Sources/Nuke/Processing/ImageProcessors+Resize.swift /var/folders/g2/4t2t7ssj3n3_v2xrl935g8sh0000gn/T/flo-derived.tr2gd7/SourcePackages/checkouts/Nuke/Sources/Nuke/Processing/ImageProcessors+RoundedCorners.swift (in target 'Nuke' from project 'Nuke')

SwiftCompile normal x86_64 /var/folders/g2/4t2t7ssj3n3_v2xrl935g8sh0000gn/T/flo-derived.tr2gd7/SourcePackages/checkouts/Nuke/Sources/Nuke/Processing/ImageProcessors+CoreImage.swift (in target 'Nuke' from project 'Nuke')
    cd /tmp/flo-empty/flo.xcodeproj
    

SwiftCompile normal x86_64 /var/folders/g2/4t2t7ssj3n3_v2xrl935g8sh0000gn/T/flo-derived.tr2gd7/SourcePackages/checkouts/Nuke/Sources/Nuke/Processing/ImageProcessors+GaussianBlur.swift (in target 'Nuke' from project 'Nuke')
    cd /tmp/flo-empty/flo.xcodeproj
    

SwiftCompile normal x86_64 /var/folders/g2/4t2t7ssj3n3_v2xrl935g8sh0000gn/T/flo-derived.tr2gd7/SourcePackages/checkouts/Nuke/Sources/Nuke/Processing/ImageProcessors+Resize.swift (in target 'Nuke' from project 'Nuke')
    cd /tmp/flo-empty/flo.xcodeproj
    

SwiftCompile normal x86_64 /var/folders/g2/4t2t7ssj3n3_v2xrl935g8sh0000gn/T/flo-derived.tr2gd7/SourcePackages/checkouts/Nuke/Sources/Nuke/Processing/ImageProcessors+RoundedCorners.swift (in target 'Nuke' from project 'Nuke')
    cd /tmp/flo-empty/flo.xcodeproj
    

SwiftCompile normal x86_64 Compiling\ ImagePipeline.swift,\ ImagePrefetcher.swift,\ ImageDecompression.swift,\ ImageProcessing.swift /var/folders/g2/4t2t7ssj3n3_v2xrl935g8sh0000gn/T/flo-derived.tr2gd7/SourcePackages/checkouts/Nuke/Sources/Nuke/Pipeline/ImagePipeline.swift /var/folders/g2/4t2t7ssj3n3_v2xrl935g8sh0000gn/T/flo-derived.tr2gd7/SourcePackages/checkouts/Nuke/Sources/Nuke/Prefetching/ImagePrefetcher.swift /var/folders/g2/4t2t7ssj3n3_v2xrl935g8sh0000gn/T/flo-derived.tr2gd7/SourcePackages/checkouts/Nuke/Sources/Nuke/Processing/ImageDecompression.swift /var/folders/g2/4t2t7ssj3n3_v2xrl935g8sh0000gn/T/flo-derived.tr2gd7/SourcePackages/checkouts/Nuke/Sources/Nuke/Processing/ImageProcessing.swift (in target 'Nuke' from project 'Nuke')

SwiftCompile normal x86_64 /var/folders/g2/4t2t7ssj3n3_v2xrl935g8sh0000gn/T/flo-derived.tr2gd7/SourcePackages/checkouts/Nuke/Sources/Nuke/Pipeline/ImagePipeline.swift (in target 'Nuke' from project 'Nuke')
    cd /tmp/flo-empty/flo.xcodeproj
    

SwiftCompile normal x86_64 /var/folders/g2/4t2t7ssj3n3_v2xrl935g8sh0000gn/T/flo-derived.tr2gd7/SourcePackages/checkouts/Nuke/Sources/Nuke/Prefetching/ImagePrefetcher.swift (in target 'Nuke' from project 'Nuke')
    cd /tmp/flo-empty/flo.xcodeproj
    

SwiftCompile normal x86_64 /var/folders/g2/4t2t7ssj3n3_v2xrl935g8sh0000gn/T/flo-derived.tr2gd7/SourcePackages/checkouts/Nuke/Sources/Nuke/Processing/ImageDecompression.swift (in target 'Nuke' from project 'Nuke')
    cd /tmp/flo-empty/flo.xcodeproj
    

SwiftCompile normal x86_64 /var/folders/g2/4t2t7ssj3n3_v2xrl935g8sh0000gn/T/flo-derived.tr2gd7/SourcePackages/checkouts/Nuke/Sources/Nuke/Processing/ImageProcessing.swift (in target 'Nuke' from project 'Nuke')
    cd /tmp/flo-empty/flo.xcodeproj
    

SwiftDriverJobDiscovery normal x86_64 Compiling ExplicitStatus.swift, ExplicitBadge.swift, LRCLIB.swift (in target 'flo Watch Watch App' from project 'flo')

SwiftCompile normal x86_64 Compiling\ Extensions.swift,\ Graphics.swift,\ ImagePublisher.swift,\ ImageRequestKeys.swift,\ LinkedList.swift /var/folders/g2/4t2t7ssj3n3_v2xrl935g8sh0000gn/T/flo-derived.tr2gd7/SourcePackages/checkouts/Nuke/Sources/Nuke/Internal/Extensions.swift /var/folders/g2/4t2t7ssj3n3_v2xrl935g8sh0000gn/T/flo-derived.tr2gd7/SourcePackages/checkouts/Nuke/Sources/Nuke/Internal/Graphics.swift /var/folders/g2/4t2t7ssj3n3_v2xrl935g8sh0000gn/T/flo-derived.tr2gd7/SourcePackages/checkouts/Nuke/Sources/Nuke/Internal/ImagePublisher.swift /var/folders/g2/4t2t7ssj3n3_v2xrl935g8sh0000gn/T/flo-derived.tr2gd7/SourcePackages/checkouts/Nuke/Sources/Nuke/Internal/ImageRequestKeys.swift /var/folders/g2/4t2t7ssj3n3_v2xrl935g8sh0000gn/T/flo-derived.tr2gd7/SourcePackages/checkouts/Nuke/Sources/Nuke/Internal/LinkedList.swift (in target 'Nuke' from project 'Nuke')

SwiftCompile normal x86_64 /var/folders/g2/4t2t7ssj3n3_v2xrl935g8sh0000gn/T/flo-derived.tr2gd7/SourcePackages/checkouts/Nuke/Sources/Nuke/Internal/Extensions.swift (in target 'Nuke' from project 'Nuke')
    cd /tmp/flo-empty/flo.xcodeproj
    

SwiftCompile normal x86_64 /var/folders/g2/4t2t7ssj3n3_v2xrl935g8sh0000gn/T/flo-derived.tr2gd7/SourcePackages/checkouts/Nuke/Sources/Nuke/Internal/Graphics.swift (in target 'Nuke' from project 'Nuke')
    cd /tmp/flo-empty/flo.xcodeproj
    

SwiftCompile normal x86_64 /var/folders/g2/4t2t7ssj3n3_v2xrl935g8sh0000gn/T/flo-derived.tr2gd7/SourcePackages/checkouts/Nuke/Sources/Nuke/Internal/ImagePublisher.swift (in target 'Nuke' from project 'Nuke')
    cd /tmp/flo-empty/flo.xcodeproj
    

SwiftCompile normal x86_64 /var/folders/g2/4t2t7ssj3n3_v2xrl935g8sh0000gn/T/flo-derived.tr2gd7/SourcePackages/checkouts/Nuke/Sources/Nuke/Internal/ImageRequestKeys.swift (in target 'Nuke' from project 'Nuke')
    cd /tmp/flo-empty/flo.xcodeproj
    

SwiftCompile normal x86_64 /var/folders/g2/4t2t7ssj3n3_v2xrl935g8sh0000gn/T/flo-derived.tr2gd7/SourcePackages/checkouts/Nuke/Sources/Nuke/Internal/LinkedList.swift (in target 'Nuke' from project 'Nuke')
    cd /tmp/flo-empty/flo.xcodeproj
    

SwiftDriverJobDiscovery normal x86_64 Compiling WatchConnectivityManager.swift, GeneratedAssetSymbols.swift (in target 'flo Watch Watch App' from project 'flo')

SwiftDriverJobDiscovery normal x86_64 Compiling CoreData+Extensions.swift, Helpers.swift, ImageProcessor.swift (in target 'Pulse' from project 'Pulse')

SwiftDriver\ Compilation flo\ Watch\ Watch\ App normal x86_64 com.apple.xcode.tools.swift.compiler (in target 'flo Watch Watch App' from project 'flo')
    cd /tmp/flo-empty
    builtin-Swift-Compilation -- /Applications/Xcode.app/Contents/Developer/Toolchains/XcodeDefault.xctoolchain/usr/bin/swiftc -module-name flo_Watch_Watch_App -Onone @/var/folders/g2/4t2t7ssj3n3_v2xrl935g8sh0000gn/T/flo-derived.tr2gd7/Build/Intermediates.noindex/flo.build/Debug-watchsimulator/flo\ Watch\ Watch\ App.build/Objects-normal/x86_64/flo\ Watch\ Watch\ App.SwiftFileList -DDEBUG -default-isolation\=MainActor -enable-bare-slash-regex -enable-upcoming-feature DisableOutwardActorInference -enable-upcoming-feature InferSendableFromCaptures -enable-upcoming-feature GlobalActorIsolatedTypesUsability -enable-upcoming-feature MemberImportVisibility -enable-upcoming-feature InferIsolatedConformances -enable-upcoming-feature NonisolatedNonsendingByDefault -enable-experimental-feature DebugDescriptionMacro -sdk /Applications/Xcode.app/Contents/Developer/Platforms/WatchSimulator.platform/Developer/SDKs/WatchSimulator26.4.sdk -target x86_64-apple-watchos10.6-simulator -g -module-cache-path /var/folders/g2/4t2t7ssj3n3_v2xrl935g8sh0000gn/T/flo-derived.tr2gd7/ModuleCache.noindex -Xfrontend -serialize-debugging-options -enable-testing -index-store-path /var/folders/g2/4t2t7ssj3n3_v2xrl935g8sh0000gn/T/flo-derived.tr2gd7/Index.noindex/DataStore -Xcc -D_LIBCPP_HARDENING_MODE\=_LIBCPP_HARDENING_MODE_DEBUG -swift-version 5 -I /var/folders/g2/4t2t7ssj3n3_v2xrl935g8sh0000gn/T/flo-derived.tr2gd7/Build/Products/Debug-watchsimulator -F /var/folders/g2/4t2t7ssj3n3_v2xrl935g8sh0000gn/T/flo-derived.tr2gd7/Build/Products/Debug-watchsimulator -emit-localized-strings -emit-localized-strings-path /var/folders/g2/4t2t7ssj3n3_v2xrl935g8sh0000gn/T/flo-derived.tr2gd7/Build/Intermediates.noindex/flo.build/Debug-watchsimulator/flo\ Watch\ Watch\ App.build/Objects-normal/x86_64 -c -j12 -enable-batch-mode -incremental -Xcc -ivfsstatcache -Xcc /var/folders/g2/4t2t7ssj3n3_v2xrl935g8sh0000gn/T/flo-derived.tr2gd7/SDKStatCaches.noindex/watchsimulator26.4-23T238-8aa186fa658f8d2cb200b6f26918d89b.sdkstatcache -output-file-map /var/folders/g2/4t2t7ssj3n3_v2xrl935g8sh0000gn/T/flo-derived.tr2gd7/Build/Intermediates.noindex/flo.build/Debug-watchsimulator/flo\ Watch\ Watch\ App.build/Objects-normal/x86_64/flo\ Watch\ Watch\ App-OutputFileMap.json -use-frontend-parseable-output -save-temps -no-color-diagnostics -explicit-module-build -module-cache-path /var/folders/g2/4t2t7ssj3n3_v2xrl935g8sh0000gn/T/flo-derived.tr2gd7/Build/Intermediates.noindex/SwiftExplicitPrecompiledModules -clang-scanner-module-cache-path /var/folders/g2/4t2t7ssj3n3_v2xrl935g8sh0000gn/T/flo-derived.tr2gd7/ModuleCache.noindex -sdk-module-cache-path /var/folders/g2/4t2t7ssj3n3_v2xrl935g8sh0000gn/T/flo-derived.tr2gd7/ModuleCache.noindex -serialize-diagnostics -emit-dependencies -emit-module -emit-module-path /var/folders/g2/4t2t7ssj3n3_v2xrl935g8sh0000gn/T/flo-derived.tr2gd7/Build/Intermediates.noindex/flo.build/Debug-watchsimulator/flo\ Watch\ Watch\ App.build/Objects-normal/x86_64/flo_Watch_Watch_App.swiftmodule -validate-clang-modules-once -clang-build-session-file /var/folders/g2/4t2t7ssj3n3_v2xrl935g8sh0000gn/T/flo-derived.tr2gd7/ModuleCache.noindex/Session.modulevalidation -Xcc -I/var/folders/g2/4t2t7ssj3n3_v2xrl935g8sh0000gn/T/flo-derived.tr2gd7/Build/Intermediates.noindex/flo.build/Debug-watchsimulator/flo\ Watch\ Watch\ App.build/swift-overrides.hmap -emit-const-values -Xfrontend -const-gather-protocols-file -Xfrontend /var/folders/g2/4t2t7ssj3n3_v2xrl935g8sh0000gn/T/flo-derived.tr2gd7/Build/Intermediates.noindex/flo.build/Debug-watchsimulator/flo\ Watch\ Watch\ App.build/Objects-normal/x86_64/flo\ Watch\ Watch\ App_const_extract_protocols.json -Xcc -iquote -Xcc /var/folders/g2/4t2t7ssj3n3_v2xrl935g8sh0000gn/T/flo-derived.tr2gd7/Build/Intermediates.noindex/flo.build/Debug-watchsimulator/flo\ Watch\ Watch\ App.build/flo\ Watch\ Watch\ App-generated-files.hmap -Xcc -I/var/folders/g2/4t2t7ssj3n3_v2xrl935g8sh0000gn/T/flo-derived.tr2gd7/Build/Intermediates.noindex/flo.build/Debug-watchsimulator/flo\ Watch\ Watch\ App.build/flo\ Watch\ Watch\ App-own-target-headers.hmap -Xcc -I/var/folders/g2/4t2t7ssj3n3_v2xrl935g8sh0000gn/T/flo-derived.tr2gd7/Build/Intermediates.noindex/flo.build/Debug-watchsimulator/flo\ Watch\ Watch\ App.build/flo\ Watch\ Watch\ App-all-non-framework-target-headers.hmap -Xcc -ivfsoverlay -Xcc /var/folders/g2/4t2t7ssj3n3_v2xrl935g8sh0000gn/T/flo-derived.tr2gd7/Build/Intermediates.noindex/flo.build/Debug-watchsimulator/flo-e42aa0d01e01bbf82526ab4968c4bed2-VFS-watchsimulator/all-product-headers.yaml -Xcc -iquote -Xcc /var/folders/g2/4t2t7ssj3n3_v2xrl935g8sh0000gn/T/flo-derived.tr2gd7/Build/Intermediates.noindex/flo.build/Debug-watchsimulator/flo\ Watch\ Watch\ App.build/flo\ Watch\ Watch\ App-project-headers.hmap -Xcc -I/var/folders/g2/4t2t7ssj3n3_v2xrl935g8sh0000gn/T/flo-derived.tr2gd7/Build/Products/Debug-watchsimulator/include -Xcc -I/var/folders/g2/4t2t7ssj3n3_v2xrl935g8sh0000gn/T/flo-derived.tr2gd7/Build/Intermediates.noindex/flo.build/Debug-watchsimulator/flo\ Watch\ Watch\ App.build/DerivedSources-normal/x86_64 -Xcc -I/var/folders/g2/4t2t7ssj3n3_v2xrl935g8sh0000gn/T/flo-derived.tr2gd7/Build/Intermediates.noindex/flo.build/Debug-watchsimulator/flo\ Watch\ Watch\ App.build/DerivedSources/x86_64 -Xcc -I/var/folders/g2/4t2t7ssj3n3_v2xrl935g8sh0000gn/T/flo-derived.tr2gd7/Build/Intermediates.noindex/flo.build/Debug-watchsimulator/flo\ Watch\ Watch\ App.build/DerivedSources -Xcc -DDEBUG\=1 -emit-objc-header -emit-objc-header-path /var/folders/g2/4t2t7ssj3n3_v2xrl935g8sh0000gn/T/flo-derived.tr2gd7/Build/Intermediates.noindex/flo.build/Debug-watchsimulator/flo\ Watch\ Watch\ App.build/Objects-normal/x86_64/flo_Watch_Watch_App-Swift.h -working-directory /tmp/flo-empty -experimental-emit-module-separately -disable-cmo

SwiftCompile normal x86_64 Compiling\ ImageProcessingOptions.swift,\ ImageProcessors+Anonymous.swift,\ ImageProcessors+Circle.swift,\ ImageProcessors+Composition.swift /var/folders/g2/4t2t7ssj3n3_v2xrl935g8sh0000gn/T/flo-derived.tr2gd7/SourcePackages/checkouts/Nuke/Sources/Nuke/Processing/ImageProcessingOptions.swift /var/folders/g2/4t2t7ssj3n3_v2xrl935g8sh0000gn/T/flo-derived.tr2gd7/SourcePackages/checkouts/Nuke/Sources/Nuke/Processing/ImageProcessors+Anonymous.swift /var/folders/g2/4t2t7ssj3n3_v2xrl935g8sh0000gn/T/flo-derived.tr2gd7/SourcePackages/checkouts/Nuke/Sources/Nuke/Processing/ImageProcessors+Circle.swift /var/folders/g2/4t2t7ssj3n3_v2xrl935g8sh0000gn/T/flo-derived.tr2gd7/SourcePackages/checkouts/Nuke/Sources/Nuke/Processing/ImageProcessors+Composition.swift (in target 'Nuke' from project 'Nuke')

SwiftCompile normal x86_64 /var/folders/g2/4t2t7ssj3n3_v2xrl935g8sh0000gn/T/flo-derived.tr2gd7/SourcePackages/checkouts/Nuke/Sources/Nuke/Processing/ImageProcessingOptions.swift (in target 'Nuke' from project 'Nuke')
    cd /tmp/flo-empty/flo.xcodeproj
    

SwiftCompile normal x86_64 /var/folders/g2/4t2t7ssj3n3_v2xrl935g8sh0000gn/T/flo-derived.tr2gd7/SourcePackages/checkouts/Nuke/Sources/Nuke/Processing/ImageProcessors+Anonymous.swift (in target 'Nuke' from project 'Nuke')
    cd /tmp/flo-empty/flo.xcodeproj
    

SwiftCompile normal x86_64 /var/folders/g2/4t2t7ssj3n3_v2xrl935g8sh0000gn/T/flo-derived.tr2gd7/SourcePackages/checkouts/Nuke/Sources/Nuke/Processing/ImageProcessors+Circle.swift (in target 'Nuke' from project 'Nuke')
    cd /tmp/flo-empty/flo.xcodeproj
    

SwiftCompile normal x86_64 /var/folders/g2/4t2t7ssj3n3_v2xrl935g8sh0000gn/T/flo-derived.tr2gd7/SourcePackages/checkouts/Nuke/Sources/Nuke/Processing/ImageProcessors+Composition.swift (in target 'Nuke' from project 'Nuke')
    cd /tmp/flo-empty/flo.xcodeproj
    

SwiftCompile normal x86_64 Compiling\ TaskFetchOriginalImage.swift,\ TaskFetchWithPublisher.swift,\ TaskLoadData.swift,\ TaskLoadImage.swift /var/folders/g2/4t2t7ssj3n3_v2xrl935g8sh0000gn/T/flo-derived.tr2gd7/SourcePackages/checkouts/Nuke/Sources/Nuke/Tasks/TaskFetchOriginalImage.swift /var/folders/g2/4t2t7ssj3n3_v2xrl935g8sh0000gn/T/flo-derived.tr2gd7/SourcePackages/checkouts/Nuke/Sources/Nuke/Tasks/TaskFetchWithPublisher.swift /var/folders/g2/4t2t7ssj3n3_v2xrl935g8sh0000gn/T/flo-derived.tr2gd7/SourcePackages/checkouts/Nuke/Sources/Nuke/Tasks/TaskLoadData.swift /var/folders/g2/4t2t7ssj3n3_v2xrl935g8sh0000gn/T/flo-derived.tr2gd7/SourcePackages/checkouts/Nuke/Sources/Nuke/Tasks/TaskLoadImage.swift (in target 'Nuke' from project 'Nuke')

SwiftCompile normal x86_64 /var/folders/g2/4t2t7ssj3n3_v2xrl935g8sh0000gn/T/flo-derived.tr2gd7/SourcePackages/checkouts/Nuke/Sources/Nuke/Tasks/TaskFetchOriginalImage.swift (in target 'Nuke' from project 'Nuke')
    cd /tmp/flo-empty/flo.xcodeproj
    

SwiftCompile normal x86_64 /var/folders/g2/4t2t7ssj3n3_v2xrl935g8sh0000gn/T/flo-derived.tr2gd7/SourcePackages/checkouts/Nuke/Sources/Nuke/Tasks/TaskFetchWithPublisher.swift (in target 'Nuke' from project 'Nuke')
    cd /tmp/flo-empty/flo.xcodeproj
    

SwiftCompile normal x86_64 /var/folders/g2/4t2t7ssj3n3_v2xrl935g8sh0000gn/T/flo-derived.tr2gd7/SourcePackages/checkouts/Nuke/Sources/Nuke/Tasks/TaskLoadData.swift (in target 'Nuke' from project 'Nuke')
    cd /tmp/flo-empty/flo.xcodeproj
    

SwiftCompile normal x86_64 /var/folders/g2/4t2t7ssj3n3_v2xrl935g8sh0000gn/T/flo-derived.tr2gd7/SourcePackages/checkouts/Nuke/Sources/Nuke/Tasks/TaskLoadImage.swift (in target 'Nuke' from project 'Nuke')
    cd /tmp/flo-empty/flo.xcodeproj
    

SwiftDriverJobDiscovery normal x86_64 Compiling PulseDocument.swift, Regex.swift, LoggerStore+Configuration.swift (in target 'Pulse' from project 'Pulse')

SwiftCompile normal x86_64 Compiling\ Log.swift,\ Operation.swift,\ RateLimiter.swift,\ ResumableData.swift,\ DataLoader.swift /var/folders/g2/4t2t7ssj3n3_v2xrl935g8sh0000gn/T/flo-derived.tr2gd7/SourcePackages/checkouts/Nuke/Sources/Nuke/Internal/Log.swift /var/folders/g2/4t2t7ssj3n3_v2xrl935g8sh0000gn/T/flo-derived.tr2gd7/SourcePackages/checkouts/Nuke/Sources/Nuke/Internal/Operation.swift /var/folders/g2/4t2t7ssj3n3_v2xrl935g8sh0000gn/T/flo-derived.tr2gd7/SourcePackages/checkouts/Nuke/Sources/Nuke/Internal/RateLimiter.swift /var/folders/g2/4t2t7ssj3n3_v2xrl935g8sh0000gn/T/flo-derived.tr2gd7/SourcePackages/checkouts/Nuke/Sources/Nuke/Internal/ResumableData.swift /var/folders/g2/4t2t7ssj3n3_v2xrl935g8sh0000gn/T/flo-derived.tr2gd7/SourcePackages/checkouts/Nuke/Sources/Nuke/Loading/DataLoader.swift (in target 'Nuke' from project 'Nuke')

SwiftCompile normal x86_64 /var/folders/g2/4t2t7ssj3n3_v2xrl935g8sh0000gn/T/flo-derived.tr2gd7/SourcePackages/checkouts/Nuke/Sources/Nuke/Internal/Log.swift (in target 'Nuke' from project 'Nuke')
    cd /tmp/flo-empty/flo.xcodeproj
    

SwiftCompile normal x86_64 /var/folders/g2/4t2t7ssj3n3_v2xrl935g8sh0000gn/T/flo-derived.tr2gd7/SourcePackages/checkouts/Nuke/Sources/Nuke/Internal/Operation.swift (in target 'Nuke' from project 'Nuke')
    cd /tmp/flo-empty/flo.xcodeproj
    

SwiftCompile normal x86_64 /var/folders/g2/4t2t7ssj3n3_v2xrl935g8sh0000gn/T/flo-derived.tr2gd7/SourcePackages/checkouts/Nuke/Sources/Nuke/Internal/RateLimiter.swift (in target 'Nuke' from project 'Nuke')
    cd /tmp/flo-empty/flo.xcodeproj
    

SwiftCompile normal x86_64 /var/folders/g2/4t2t7ssj3n3_v2xrl935g8sh0000gn/T/flo-derived.tr2gd7/SourcePackages/checkouts/Nuke/Sources/Nuke/Internal/ResumableData.swift (in target 'Nuke' from project 'Nuke')
    cd /tmp/flo-empty/flo.xcodeproj
    

SwiftCompile normal x86_64 /var/folders/g2/4t2t7ssj3n3_v2xrl935g8sh0000gn/T/flo-derived.tr2gd7/SourcePackages/checkouts/Nuke/Sources/Nuke/Loading/DataLoader.swift (in target 'Nuke' from project 'Nuke')
    cd /tmp/flo-empty/flo.xcodeproj
    

SwiftDriverJobDiscovery normal x86_64 Compiling DataLoading.swift, ImagePipeline+Cache.swift, ImagePipeline+Configuration.swift, ImagePipeline+Delegate.swift, ImagePipeline+Error.swift (in target 'Nuke' from project 'Nuke')

SwiftCompile normal x86_64 Compiling\ AssetType.swift,\ ImageDecoderRegistry.swift,\ ImageDecoders+Default.swift,\ ImageDecoders+Empty.swift,\ ImageDecoding.swift /var/folders/g2/4t2t7ssj3n3_v2xrl935g8sh0000gn/T/flo-derived.tr2gd7/SourcePackages/checkouts/Nuke/Sources/Nuke/Decoding/AssetType.swift /var/folders/g2/4t2t7ssj3n3_v2xrl935g8sh0000gn/T/flo-derived.tr2gd7/SourcePackages/checkouts/Nuke/Sources/Nuke/Decoding/ImageDecoderRegistry.swift /var/folders/g2/4t2t7ssj3n3_v2xrl935g8sh0000gn/T/flo-derived.tr2gd7/SourcePackages/checkouts/Nuke/Sources/Nuke/Decoding/ImageDecoders+Default.swift /var/folders/g2/4t2t7ssj3n3_v2xrl935g8sh0000gn/T/flo-derived.tr2gd7/SourcePackages/checkouts/Nuke/Sources/Nuke/Decoding/ImageDecoders+Empty.swift /var/folders/g2/4t2t7ssj3n3_v2xrl935g8sh0000gn/T/flo-derived.tr2gd7/SourcePackages/checkouts/Nuke/Sources/Nuke/Decoding/ImageDecoding.swift (in target 'Nuke' from project 'Nuke')

SwiftCompile normal x86_64 /var/folders/g2/4t2t7ssj3n3_v2xrl935g8sh0000gn/T/flo-derived.tr2gd7/SourcePackages/checkouts/Nuke/Sources/Nuke/Decoding/AssetType.swift (in target 'Nuke' from project 'Nuke')
    cd /tmp/flo-empty/flo.xcodeproj
    

SwiftCompile normal x86_64 /var/folders/g2/4t2t7ssj3n3_v2xrl935g8sh0000gn/T/flo-derived.tr2gd7/SourcePackages/checkouts/Nuke/Sources/Nuke/Decoding/ImageDecoderRegistry.swift (in target 'Nuke' from project 'Nuke')
    cd /tmp/flo-empty/flo.xcodeproj
    

SwiftCompile normal x86_64 /var/folders/g2/4t2t7ssj3n3_v2xrl935g8sh0000gn/T/flo-derived.tr2gd7/SourcePackages/checkouts/Nuke/Sources/Nuke/Decoding/ImageDecoders+Default.swift (in target 'Nuke' from project 'Nuke')
    cd /tmp/flo-empty/flo.xcodeproj
    

SwiftCompile normal x86_64 /var/folders/g2/4t2t7ssj3n3_v2xrl935g8sh0000gn/T/flo-derived.tr2gd7/SourcePackages/checkouts/Nuke/Sources/Nuke/Decoding/ImageDecoders+Empty.swift (in target 'Nuke' from project 'Nuke')
    cd /tmp/flo-empty/flo.xcodeproj
    

SwiftCompile normal x86_64 /var/folders/g2/4t2t7ssj3n3_v2xrl935g8sh0000gn/T/flo-derived.tr2gd7/SourcePackages/checkouts/Nuke/Sources/Nuke/Decoding/ImageDecoding.swift (in target 'Nuke' from project 'Nuke')
    cd /tmp/flo-empty/flo.xcodeproj
    

SwiftDriverJobDiscovery normal x86_64 Compiling ImageProcessors+CoreImage.swift, ImageProcessors+GaussianBlur.swift, ImageProcessors+Resize.swift, ImageProcessors+RoundedCorners.swift (in target 'Nuke' from project 'Nuke')

SwiftDriverJobDiscovery normal x86_64 Compiling ImageProcessingOptions.swift, ImageProcessors+Anonymous.swift, ImageProcessors+Circle.swift, ImageProcessors+Composition.swift (in target 'Nuke' from project 'Nuke')

SwiftDriver\ Compilation KeychainAccess normal x86_64 com.apple.xcode.tools.swift.compiler (in target 'KeychainAccess' from project 'KeychainAccess')
    cd /tmp/flo-empty/flo.xcodeproj
    builtin-Swift-Compilation -- /Applications/Xcode.app/Contents/Developer/Toolchains/XcodeDefault.xctoolchain/usr/bin/swiftc -module-name KeychainAccess -Onone @/var/folders/g2/4t2t7ssj3n3_v2xrl935g8sh0000gn/T/flo-derived.tr2gd7/Build/Intermediates.noindex/KeychainAccess.build/Debug-iphonesimulator/KeychainAccess.build/Objects-normal/x86_64/KeychainAccess.SwiftFileList -DSWIFT_PACKAGE -DDEBUG -DSWIFT_MODULE_RESOURCE_BUNDLE_UNAVAILABLE -DXcode -plugin-path /Applications/Xcode.app/Contents/Developer/Toolchains/XcodeDefault.xctoolchain/usr/lib/swift/host/plugins/testing -enable-experimental-feature DebugDescriptionMacro -sdk /Applications/Xcode.app/Contents/Developer/Platforms/iPhoneSimulator.platform/Developer/SDKs/iPhoneSimulator26.4.sdk -target x86_64-apple-ios12.0-simulator -g -module-cache-path /var/folders/g2/4t2t7ssj3n3_v2xrl935g8sh0000gn/T/flo-derived.tr2gd7/ModuleCache.noindex -Xfrontend -serialize-debugging-options -enable-testing -suppress-warnings -index-store-path /var/folders/g2/4t2t7ssj3n3_v2xrl935g8sh0000gn/T/flo-derived.tr2gd7/Index.noindex/DataStore -Xcc -D_LIBCPP_HARDENING_MODE\=_LIBCPP_HARDENING_MODE_DEBUG -swift-version 5 -I /var/folders/g2/4t2t7ssj3n3_v2xrl935g8sh0000gn/T/flo-derived.tr2gd7/Build/Products/Debug-iphonesimulator -Isystem /Applications/Xcode.app/Contents/Developer/Platforms/iPhoneSimulator.platform/Developer/usr/lib -F /var/folders/g2/4t2t7ssj3n3_v2xrl935g8sh0000gn/T/flo-derived.tr2gd7/Build/Products/Debug-iphonesimulator -F /Applications/Xcode.app/Contents/Developer/Platforms/iPhoneSimulator.platform/Developer/Library/Frameworks -F /Applications/Xcode.app/Contents/Developer/Platforms/iPhoneSimulator.platform/Developer/SDKs/iPhoneSimulator26.4.sdk/Developer/Library/Frameworks -parse-as-library -c -j12 -enable-batch-mode -incremental -Xcc -ivfsstatcache -Xcc /var/folders/g2/4t2t7ssj3n3_v2xrl935g8sh0000gn/T/flo-derived.tr2gd7/SDKStatCaches.noindex/iphonesimulator26.4-23E237-686eebb5dc1d8ecb277353a59184f4aa.sdkstatcache -output-file-map /var/folders/g2/4t2t7ssj3n3_v2xrl935g8sh0000gn/T/flo-derived.tr2gd7/Build/Intermediates.noindex/KeychainAccess.build/Debug-iphonesimulator/KeychainAccess.build/Objects-normal/x86_64/KeychainAccess-OutputFileMap.json -use-frontend-parseable-output -save-temps -no-color-diagnostics -explicit-module-build -module-cache-path /var/folders/g2/4t2t7ssj3n3_v2xrl935g8sh0000gn/T/flo-derived.tr2gd7/Build/Intermediates.noindex/SwiftExplicitPrecompiledModules -clang-scanner-module-cache-path /var/folders/g2/4t2t7ssj3n3_v2xrl935g8sh0000gn/T/flo-derived.tr2gd7/ModuleCache.noindex -sdk-module-cache-path /var/folders/g2/4t2t7ssj3n3_v2xrl935g8sh0000gn/T/flo-derived.tr2gd7/ModuleCache.noindex -serialize-diagnostics -emit-dependencies -emit-module -emit-module-path /var/folders/g2/4t2t7ssj3n3_v2xrl935g8sh0000gn/T/flo-derived.tr2gd7/Build/Intermediates.noindex/KeychainAccess.build/Debug-iphonesimulator/KeychainAccess.build/Objects-normal/x86_64/KeychainAccess.swiftmodule -validate-clang-modules-once -clang-build-session-file /var/folders/g2/4t2t7ssj3n3_v2xrl935g8sh0000gn/T/flo-derived.tr2gd7/ModuleCache.noindex/Session.modulevalidation -Xcc -I/var/folders/g2/4t2t7ssj3n3_v2xrl935g8sh0000gn/T/flo-derived.tr2gd7/Build/Intermediates.noindex/KeychainAccess.build/Debug-iphonesimulator/KeychainAccess.build/swift-overrides.hmap -emit-const-values -Xfrontend -const-gather-protocols-file -Xfrontend /var/folders/g2/4t2t7ssj3n3_v2xrl935g8sh0000gn/T/flo-derived.tr2gd7/Build/Intermediates.noindex/KeychainAccess.build/Debug-iphonesimulator/KeychainAccess.build/Objects-normal/x86_64/KeychainAccess_const_extract_protocols.json -Xcc -I/var/folders/g2/4t2t7ssj3n3_v2xrl935g8sh0000gn/T/flo-derived.tr2gd7/Build/Products/Debug-iphonesimulator/include -Xcc -I/var/folders/g2/4t2t7ssj3n3_v2xrl935g8sh0000gn/T/flo-derived.tr2gd7/Build/Intermediates.noindex/KeychainAccess.build/Debug-iphonesimulator/KeychainAccess.build/DerivedSources-normal/x86_64 -Xcc -I/var/folders/g2/4t2t7ssj3n3_v2xrl935g8sh0000gn/T/flo-derived.tr2gd7/Build/Intermediates.noindex/KeychainAccess.build/Debug-iphonesimulator/KeychainAccess.build/DerivedSources/x86_64 -Xcc -I/var/folders/g2/4t2t7ssj3n3_v2xrl935g8sh0000gn/T/flo-derived.tr2gd7/Build/Intermediates.noindex/KeychainAccess.build/Debug-iphonesimulator/KeychainAccess.build/DerivedSources -Xcc -DSWIFT_PACKAGE -Xcc -DDEBUG\=1 -emit-objc-header -emit-objc-header-path /var/folders/g2/4t2t7ssj3n3_v2xrl935g8sh0000gn/T/flo-derived.tr2gd7/Build/Intermediates.noindex/KeychainAccess.build/Debug-iphonesimulator/KeychainAccess.build/Objects-normal/x86_64/KeychainAccess-Swift.h -working-directory /tmp/flo-empty/flo.xcodeproj -experimental-emit-module-separately -disable-cmo

SwiftDriver\ Compilation Alamofire normal x86_64 com.apple.xcode.tools.swift.compiler (in target 'Alamofire' from project 'Alamofire')
    cd /tmp/flo-empty/flo.xcodeproj
    builtin-Swift-Compilation -- /Applications/Xcode.app/Contents/Developer/Toolchains/XcodeDefault.xctoolchain/usr/bin/swiftc -module-name Alamofire -Onone @/var/folders/g2/4t2t7ssj3n3_v2xrl935g8sh0000gn/T/flo-derived.tr2gd7/Build/Intermediates.noindex/Alamofire.build/Debug-iphonesimulator/Alamofire.build/Objects-normal/x86_64/Alamofire.SwiftFileList -DSWIFT_PACKAGE -DDEBUG -DSWIFT_MODULE_RESOURCE_BUNDLE_AVAILABLE -DXcode -plugin-path /Applications/Xcode.app/Contents/Developer/Toolchains/XcodeDefault.xctoolchain/usr/lib/swift/host/plugins/testing -enable-experimental-feature DebugDescriptionMacro -sdk /Applications/Xcode.app/Contents/Developer/Platforms/iPhoneSimulator.platform/Developer/SDKs/iPhoneSimulator26.4.sdk -target x86_64-apple-ios12.0-simulator -g -module-cache-path /var/folders/g2/4t2t7ssj3n3_v2xrl935g8sh0000gn/T/flo-derived.tr2gd7/ModuleCache.noindex -Xfrontend -serialize-debugging-options -enable-testing -suppress-warnings -index-store-path /var/folders/g2/4t2t7ssj3n3_v2xrl935g8sh0000gn/T/flo-derived.tr2gd7/Index.noindex/DataStore -Xcc -D_LIBCPP_HARDENING_MODE\=_LIBCPP_HARDENING_MODE_DEBUG -swift-version 5 -I /var/folders/g2/4t2t7ssj3n3_v2xrl935g8sh0000gn/T/flo-derived.tr2gd7/Build/Products/Debug-iphonesimulator -Isystem /Applications/Xcode.app/Contents/Developer/Platforms/iPhoneSimulator.platform/Developer/usr/lib -F /var/folders/g2/4t2t7ssj3n3_v2xrl935g8sh0000gn/T/flo-derived.tr2gd7/Build/Products/Debug-iphonesimulator -F /Applications/Xcode.app/Contents/Developer/Platforms/iPhoneSimulator.platform/Developer/Library/Frameworks -F /Applications/Xcode.app/Contents/Developer/Platforms/iPhoneSimulator.platform/Developer/SDKs/iPhoneSimulator26.4.sdk/Developer/Library/Frameworks -c -j12 -enable-batch-mode -incremental -Xcc -ivfsstatcache -Xcc /var/folders/g2/4t2t7ssj3n3_v2xrl935g8sh0000gn/T/flo-derived.tr2gd7/SDKStatCaches.noindex/iphonesimulator26.4-23E237-686eebb5dc1d8ecb277353a59184f4aa.sdkstatcache -output-file-map /var/folders/g2/4t2t7ssj3n3_v2xrl935g8sh0000gn/T/flo-derived.tr2gd7/Build/Intermediates.noindex/Alamofire.build/Debug-iphonesimulator/Alamofire.build/Objects-normal/x86_64/Alamofire-OutputFileMap.json -use-frontend-parseable-output -save-temps -no-color-diagnostics -explicit-module-build -module-cache-path /var/folders/g2/4t2t7ssj3n3_v2xrl935g8sh0000gn/T/flo-derived.tr2gd7/Build/Intermediates.noindex/SwiftExplicitPrecompiledModules -clang-scanner-module-cache-path /var/folders/g2/4t2t7ssj3n3_v2xrl935g8sh0000gn/T/flo-derived.tr2gd7/ModuleCache.noindex -sdk-module-cache-path /var/folders/g2/4t2t7ssj3n3_v2xrl935g8sh0000gn/T/flo-derived.tr2gd7/ModuleCache.noindex -serialize-diagnostics -emit-dependencies -emit-module -emit-module-path /var/folders/g2/4t2t7ssj3n3_v2xrl935g8sh0000gn/T/flo-derived.tr2gd7/Build/Intermediates.noindex/Alamofire.build/Debug-iphonesimulator/Alamofire.build/Objects-normal/x86_64/Alamofire.swiftmodule -validate-clang-modules-once -clang-build-session-file /var/folders/g2/4t2t7ssj3n3_v2xrl935g8sh0000gn/T/flo-derived.tr2gd7/ModuleCache.noindex/Session.modulevalidation -package-name alamofire -Xcc -I/var/folders/g2/4t2t7ssj3n3_v2xrl935g8sh0000gn/T/flo-derived.tr2gd7/Build/Intermediates.noindex/Alamofire.build/Debug-iphonesimulator/Alamofire.build/swift-overrides.hmap -emit-const-values -Xfrontend -const-gather-protocols-file -Xfrontend /var/folders/g2/4t2t7ssj3n3_v2xrl935g8sh0000gn/T/flo-derived.tr2gd7/Build/Intermediates.noindex/Alamofire.build/Debug-iphonesimulator/Alamofire.build/Objects-normal/x86_64/Alamofire_const_extract_protocols.json -Xcc -I/var/folders/g2/4t2t7ssj3n3_v2xrl935g8sh0000gn/T/flo-derived.tr2gd7/Build/Products/Debug-iphonesimulator/include -Xcc -I/var/folders/g2/4t2t7ssj3n3_v2xrl935g8sh0000gn/T/flo-derived.tr2gd7/Build/Intermediates.noindex/Alamofire.build/Debug-iphonesimulator/Alamofire.build/DerivedSources-normal/x86_64 -Xcc -I/var/folders/g2/4t2t7ssj3n3_v2xrl935g8sh0000gn/T/flo-derived.tr2gd7/Build/Intermediates.noindex/Alamofire.build/Debug-iphonesimulator/Alamofire.build/DerivedSources/x86_64 -Xcc -I/var/folders/g2/4t2t7ssj3n3_v2xrl935g8sh0000gn/T/flo-derived.tr2gd7/Build/Intermediates.noindex/Alamofire.build/Debug-iphonesimulator/Alamofire.build/DerivedSources -Xcc -DSWIFT_PACKAGE -Xcc -DDEBUG\=1 -emit-objc-header -emit-objc-header-path /var/folders/g2/4t2t7ssj3n3_v2xrl935g8sh0000gn/T/flo-derived.tr2gd7/Build/Intermediates.noindex/Alamofire.build/Debug-iphonesimulator/Alamofire.build/Objects-normal/x86_64/Alamofire-Swift.h -working-directory /tmp/flo-empty/flo.xcodeproj -experimental-emit-module-separately -disable-cmo

Ld /var/folders/g2/4t2t7ssj3n3_v2xrl935g8sh0000gn/T/flo-derived.tr2gd7/Build/Products/Debug-iphonesimulator/KeychainAccess.o normal (in target 'KeychainAccess' from project 'KeychainAccess')
    cd /var/folders/g2/4t2t7ssj3n3_v2xrl935g8sh0000gn/T/flo-derived.tr2gd7/SourcePackages/checkouts/KeychainAccess
    /Applications/Xcode.app/Contents/Developer/Toolchains/XcodeDefault.xctoolchain/usr/bin/clang -Xlinker -reproducible -target x86_64-apple-ios12.0-simulator -r -isysroot /Applications/Xcode.app/Contents/Developer/Platforms/iPhoneSimulator.platform/Developer/SDKs/iPhoneSimulator26.4.sdk -O0 -w -F/var/folders/g2/4t2t7ssj3n3_v2xrl935g8sh0000gn/T/flo-derived.tr2gd7/Build/Intermediates.noindex/EagerLinkingTBDs/Debug-iphonesimulator -F/var/folders/g2/4t2t7ssj3n3_v2xrl935g8sh0000gn/T/flo-derived.tr2gd7/Build/Products/Debug-iphonesimulator -iframework /Applications/Xcode.app/Contents/Developer/Platforms/iPhoneSimulator.platform/Developer/Library/Frameworks -iframework /Applications/Xcode.app/Contents/Developer/Platforms/iPhoneSimulator.platform/Developer/SDKs/iPhoneSimulator26.4.sdk/Developer/Library/Frameworks -filelist /var/folders/g2/4t2t7ssj3n3_v2xrl935g8sh0000gn/T/flo-derived.tr2gd7/Build/Intermediates.noindex/KeychainAccess.build/Debug-iphonesimulator/KeychainAccess.build/Objects-normal/x86_64/KeychainAccess.LinkFileList -nostdlib -Xlinker -object_path_lto -Xlinker /var/folders/g2/4t2t7ssj3n3_v2xrl935g8sh0000gn/T/flo-derived.tr2gd7/Build/Intermediates.noindex/KeychainAccess.build/Debug-iphonesimulator/KeychainAccess.build/Objects-normal/x86_64/KeychainAccess_lto.o -Xlinker -no_deduplicate -Xlinker -objc_abi_version -Xlinker 2 -Xlinker -dependency_info -Xlinker /var/folders/g2/4t2t7ssj3n3_v2xrl935g8sh0000gn/T/flo-derived.tr2gd7/Build/Intermediates.noindex/KeychainAccess.build/Debug-iphonesimulator/KeychainAccess.build/Objects-normal/x86_64/KeychainAccess_dependency_info.dat -fobjc-link-runtime -L/Applications/Xcode.app/Contents/Developer/Toolchains/XcodeDefault.xctoolchain/usr/lib/swift/iphonesimulator -L/usr/lib/swift -Xlinker -add_ast_path -Xlinker /var/folders/g2/4t2t7ssj3n3_v2xrl935g8sh0000gn/T/flo-derived.tr2gd7/Build/Intermediates.noindex/KeychainAccess.build/Debug-iphonesimulator/KeychainAccess.build/Objects-normal/x86_64/KeychainAccess.swiftmodule @/var/folders/g2/4t2t7ssj3n3_v2xrl935g8sh0000gn/T/flo-derived.tr2gd7/Build/Intermediates.noindex/KeychainAccess.build/Debug-iphonesimulator/KeychainAccess.build/Objects-normal/x86_64/KeychainAccess-linker-args.resp -o /var/folders/g2/4t2t7ssj3n3_v2xrl935g8sh0000gn/T/flo-derived.tr2gd7/Build/Products/Debug-iphonesimulator/KeychainAccess.o

Ld /var/folders/g2/4t2t7ssj3n3_v2xrl935g8sh0000gn/T/flo-derived.tr2gd7/Build/Products/Debug-iphonesimulator/Alamofire.o normal (in target 'Alamofire' from project 'Alamofire')
    cd /var/folders/g2/4t2t7ssj3n3_v2xrl935g8sh0000gn/T/flo-derived.tr2gd7/SourcePackages/checkouts/Alamofire
    /Applications/Xcode.app/Contents/Developer/Toolchains/XcodeDefault.xctoolchain/usr/bin/clang -Xlinker -reproducible -target x86_64-apple-ios12.0-simulator -r -isysroot /Applications/Xcode.app/Contents/Developer/Platforms/iPhoneSimulator.platform/Developer/SDKs/iPhoneSimulator26.4.sdk -O0 -w -F/var/folders/g2/4t2t7ssj3n3_v2xrl935g8sh0000gn/T/flo-derived.tr2gd7/Build/Intermediates.noindex/EagerLinkingTBDs/Debug-iphonesimulator -F/var/folders/g2/4t2t7ssj3n3_v2xrl935g8sh0000gn/T/flo-derived.tr2gd7/Build/Products/Debug-iphonesimulator -iframework /Applications/Xcode.app/Contents/Developer/Platforms/iPhoneSimulator.platform/Developer/Library/Frameworks -iframework /Applications/Xcode.app/Contents/Developer/Platforms/iPhoneSimulator.platform/Developer/SDKs/iPhoneSimulator26.4.sdk/Developer/Library/Frameworks -filelist /var/folders/g2/4t2t7ssj3n3_v2xrl935g8sh0000gn/T/flo-derived.tr2gd7/Build/Intermediates.noindex/Alamofire.build/Debug-iphonesimulator/Alamofire.build/Objects-normal/x86_64/Alamofire.LinkFileList -nostdlib -Xlinker -object_path_lto -Xlinker /var/folders/g2/4t2t7ssj3n3_v2xrl935g8sh0000gn/T/flo-derived.tr2gd7/Build/Intermediates.noindex/Alamofire.build/Debug-iphonesimulator/Alamofire.build/Objects-normal/x86_64/Alamofire_lto.o -Xlinker -no_deduplicate -Xlinker -objc_abi_version -Xlinker 2 -Xlinker -dependency_info -Xlinker /var/folders/g2/4t2t7ssj3n3_v2xrl935g8sh0000gn/T/flo-derived.tr2gd7/Build/Intermediates.noindex/Alamofire.build/Debug-iphonesimulator/Alamofire.build/Objects-normal/x86_64/Alamofire_dependency_info.dat -fobjc-link-runtime -L/Applications/Xcode.app/Contents/Developer/Toolchains/XcodeDefault.xctoolchain/usr/lib/swift/iphonesimulator -L/usr/lib/swift -Xlinker -add_ast_path -Xlinker /var/folders/g2/4t2t7ssj3n3_v2xrl935g8sh0000gn/T/flo-derived.tr2gd7/Build/Intermediates.noindex/Alamofire.build/Debug-iphonesimulator/Alamofire.build/Objects-normal/x86_64/Alamofire.swiftmodule @/var/folders/g2/4t2t7ssj3n3_v2xrl935g8sh0000gn/T/flo-derived.tr2gd7/Build/Intermediates.noindex/Alamofire.build/Debug-iphonesimulator/Alamofire.build/Objects-normal/x86_64/Alamofire-linker-args.resp -o /var/folders/g2/4t2t7ssj3n3_v2xrl935g8sh0000gn/T/flo-derived.tr2gd7/Build/Products/Debug-iphonesimulator/Alamofire.o

SwiftDriverJobDiscovery normal x86_64 Compiling ImagePipeline.swift, ImagePrefetcher.swift, ImageDecompression.swift, ImageProcessing.swift (in target 'Nuke' from project 'Nuke')

SwiftDriverJobDiscovery normal x86_64 Compiling NetworkLogger.swift, RemoteLogger-Connection.swift (in target 'Pulse' from project 'Pulse')

Ld /var/folders/g2/4t2t7ssj3n3_v2xrl935g8sh0000gn/T/flo-derived.tr2gd7/Build/Intermediates.noindex/flo.build/Debug-watchsimulator/flo\ Watch\ Watch\ App.build/Objects-normal/x86_64/Binary/flo\ Watch\ Watch\ App.debug.dylib normal x86_64 (in target 'flo Watch Watch App' from project 'flo')
    cd /tmp/flo-empty
    /Applications/Xcode.app/Contents/Developer/Toolchains/XcodeDefault.xctoolchain/usr/bin/clang -Xlinker -reproducible -target x86_64-apple-watchos10.6-simulator -dynamiclib -isysroot /Applications/Xcode.app/Contents/Developer/Platforms/WatchSimulator.platform/Developer/SDKs/WatchSimulator26.4.sdk -O0 -L/var/folders/g2/4t2t7ssj3n3_v2xrl935g8sh0000gn/T/flo-derived.tr2gd7/Build/Intermediates.noindex/EagerLinkingTBDs/Debug-watchsimulator -L/var/folders/g2/4t2t7ssj3n3_v2xrl935g8sh0000gn/T/flo-derived.tr2gd7/Build/Products/Debug-watchsimulator -F/var/folders/g2/4t2t7ssj3n3_v2xrl935g8sh0000gn/T/flo-derived.tr2gd7/Build/Intermediates.noindex/EagerLinkingTBDs/Debug-watchsimulator -F/var/folders/g2/4t2t7ssj3n3_v2xrl935g8sh0000gn/T/flo-derived.tr2gd7/Build/Products/Debug-watchsimulator -filelist /var/folders/g2/4t2t7ssj3n3_v2xrl935g8sh0000gn/T/flo-derived.tr2gd7/Build/Intermediates.noindex/flo.build/Debug-watchsimulator/flo\ Watch\ Watch\ App.build/Objects-normal/x86_64/flo\ Watch\ Watch\ App.LinkFileList -install_name @rpath/flo\ Watch\ Watch\ App.debug.dylib -Xlinker -rpath -Xlinker /usr/lib/swift -Xlinker -rpath -Xlinker @executable_path/Frameworks -Xlinker -dead_strip -Xlinker -object_path_lto -Xlinker /var/folders/g2/4t2t7ssj3n3_v2xrl935g8sh0000gn/T/flo-derived.tr2gd7/Build/Intermediates.noindex/flo.build/Debug-watchsimulator/flo\ Watch\ Watch\ App.build/Objects-normal/x86_64/flo\ Watch\ Watch\ App_lto.o -rdynamic -Xlinker -no_deduplicate -Xlinker -objc_abi_version -Xlinker 2 -Xlinker -dependency_info -Xlinker /var/folders/g2/4t2t7ssj3n3_v2xrl935g8sh0000gn/T/flo-derived.tr2gd7/Build/Intermediates.noindex/flo.build/Debug-watchsimulator/flo\ Watch\ Watch\ App.build/Objects-normal/x86_64/flo\ Watch\ Watch\ App_dependency_info.dat -fobjc-link-runtime -L/Applications/Xcode.app/Contents/Developer/Toolchains/XcodeDefault.xctoolchain/usr/lib/swift/watchsimulator -L/usr/lib/swift -Xlinker -add_ast_path -Xlinker /var/folders/g2/4t2t7ssj3n3_v2xrl935g8sh0000gn/T/flo-derived.tr2gd7/Build/Intermediates.noindex/flo.build/Debug-watchsimulator/flo\ Watch\ Watch\ App.build/Objects-normal/x86_64/flo_Watch_Watch_App.swiftmodule @/var/folders/g2/4t2t7ssj3n3_v2xrl935g8sh0000gn/T/flo-derived.tr2gd7/Build/Intermediates.noindex/flo.build/Debug-watchsimulator/flo\ Watch\ Watch\ App.build/Objects-normal/x86_64/flo_Watch_Watch_App-linker-args.resp -Xlinker -alias -Xlinker _main -Xlinker ___debug_main_executable_dylib_entry_point -o /var/folders/g2/4t2t7ssj3n3_v2xrl935g8sh0000gn/T/flo-derived.tr2gd7/Build/Intermediates.noindex/flo.build/Debug-watchsimulator/flo\ Watch\ Watch\ App.build/Objects-normal/x86_64/Binary/flo\ Watch\ Watch\ App.debug.dylib

Ld /var/folders/g2/4t2t7ssj3n3_v2xrl935g8sh0000gn/T/flo-derived.tr2gd7/Build/Intermediates.noindex/flo.build/Debug-watchsimulator/flo\ Watch\ Watch\ App.build/Objects-normal/arm64/Binary/flo\ Watch\ Watch\ App.debug.dylib normal arm64 (in target 'flo Watch Watch App' from project 'flo')
    cd /tmp/flo-empty
    /Applications/Xcode.app/Contents/Developer/Toolchains/XcodeDefault.xctoolchain/usr/bin/clang -Xlinker -reproducible -target arm64-apple-watchos10.6-simulator -dynamiclib -isysroot /Applications/Xcode.app/Contents/Developer/Platforms/WatchSimulator.platform/Developer/SDKs/WatchSimulator26.4.sdk -O0 -L/var/folders/g2/4t2t7ssj3n3_v2xrl935g8sh0000gn/T/flo-derived.tr2gd7/Build/Intermediates.noindex/EagerLinkingTBDs/Debug-watchsimulator -L/var/folders/g2/4t2t7ssj3n3_v2xrl935g8sh0000gn/T/flo-derived.tr2gd7/Build/Products/Debug-watchsimulator -F/var/folders/g2/4t2t7ssj3n3_v2xrl935g8sh0000gn/T/flo-derived.tr2gd7/Build/Intermediates.noindex/EagerLinkingTBDs/Debug-watchsimulator -F/var/folders/g2/4t2t7ssj3n3_v2xrl935g8sh0000gn/T/flo-derived.tr2gd7/Build/Products/Debug-watchsimulator -filelist /var/folders/g2/4t2t7ssj3n3_v2xrl935g8sh0000gn/T/flo-derived.tr2gd7/Build/Intermediates.noindex/flo.build/Debug-watchsimulator/flo\ Watch\ Watch\ App.build/Objects-normal/arm64/flo\ Watch\ Watch\ App.LinkFileList -install_name @rpath/flo\ Watch\ Watch\ App.debug.dylib -Xlinker -rpath -Xlinker /usr/lib/swift -Xlinker -rpath -Xlinker @executable_path/Frameworks -Xlinker -dead_strip -Xlinker -object_path_lto -Xlinker /var/folders/g2/4t2t7ssj3n3_v2xrl935g8sh0000gn/T/flo-derived.tr2gd7/Build/Intermediates.noindex/flo.build/Debug-watchsimulator/flo\ Watch\ Watch\ App.build/Objects-normal/arm64/flo\ Watch\ Watch\ App_lto.o -rdynamic -Xlinker -no_deduplicate -Xlinker -objc_abi_version -Xlinker 2 -Xlinker -dependency_info -Xlinker /var/folders/g2/4t2t7ssj3n3_v2xrl935g8sh0000gn/T/flo-derived.tr2gd7/Build/Intermediates.noindex/flo.build/Debug-watchsimulator/flo\ Watch\ Watch\ App.build/Objects-normal/arm64/flo\ Watch\ Watch\ App_dependency_info.dat -fobjc-link-runtime -L/Applications/Xcode.app/Contents/Developer/Toolchains/XcodeDefault.xctoolchain/usr/lib/swift/watchsimulator -L/usr/lib/swift -Xlinker -add_ast_path -Xlinker /var/folders/g2/4t2t7ssj3n3_v2xrl935g8sh0000gn/T/flo-derived.tr2gd7/Build/Intermediates.noindex/flo.build/Debug-watchsimulator/flo\ Watch\ Watch\ App.build/Objects-normal/arm64/flo_Watch_Watch_App.swiftmodule @/var/folders/g2/4t2t7ssj3n3_v2xrl935g8sh0000gn/T/flo-derived.tr2gd7/Build/Intermediates.noindex/flo.build/Debug-watchsimulator/flo\ Watch\ Watch\ App.build/Objects-normal/arm64/flo_Watch_Watch_App-linker-args.resp -Xlinker -alias -Xlinker _main -Xlinker ___debug_main_executable_dylib_entry_point -o /var/folders/g2/4t2t7ssj3n3_v2xrl935g8sh0000gn/T/flo-derived.tr2gd7/Build/Intermediates.noindex/flo.build/Debug-watchsimulator/flo\ Watch\ Watch\ App.build/Objects-normal/arm64/Binary/flo\ Watch\ Watch\ App.debug.dylib

SwiftDriverJobDiscovery normal x86_64 Compiling ImageProcessors.swift, AsyncPipelineTask.swift, AsyncTask.swift, TaskFetchOriginalData.swift (in target 'Nuke' from project 'Nuke')

ExtractAppIntentsMetadata (in target 'KeychainAccess' from project 'KeychainAccess')
    cd /var/folders/g2/4t2t7ssj3n3_v2xrl935g8sh0000gn/T/flo-derived.tr2gd7/SourcePackages/checkouts/KeychainAccess
    /Applications/Xcode.app/Contents/Developer/Toolchains/XcodeDefault.xctoolchain/usr/bin/appintentsmetadataprocessor --toolchain-dir /Applications/Xcode.app/Contents/Developer/Toolchains/XcodeDefault.xctoolchain --module-name KeychainAccess --sdk-root /Applications/Xcode.app/Contents/Developer/Platforms/iPhoneSimulator.platform/Developer/SDKs/iPhoneSimulator26.4.sdk --xcode-version 17E192 --platform-family iOS --deployment-target 12.0 --bundle-identifier keychainaccess.KeychainAccess --output /var/folders/g2/4t2t7ssj3n3_v2xrl935g8sh0000gn/T/flo-derived.tr2gd7/Build/Products/Debug-iphonesimulator/KeychainAccess.appintents --target-triple x86_64-apple-ios12.0-simulator --binary-file /var/folders/g2/4t2t7ssj3n3_v2xrl935g8sh0000gn/T/flo-derived.tr2gd7/Build/Products/Debug-iphonesimulator/KeychainAccess.o --dependency-file /var/folders/g2/4t2t7ssj3n3_v2xrl935g8sh0000gn/T/flo-derived.tr2gd7/Build/Intermediates.noindex/KeychainAccess.build/Debug-iphonesimulator/KeychainAccess.build/Objects-normal/x86_64/KeychainAccess_dependency_info.dat --stringsdata-file /var/folders/g2/4t2t7ssj3n3_v2xrl935g8sh0000gn/T/flo-derived.tr2gd7/Build/Intermediates.noindex/KeychainAccess.build/Debug-iphonesimulator/KeychainAccess.build/Objects-normal/x86_64/ExtractedAppShortcutsMetadata.stringsdata --source-file-list /var/folders/g2/4t2t7ssj3n3_v2xrl935g8sh0000gn/T/flo-derived.tr2gd7/Build/Intermediates.noindex/KeychainAccess.build/Debug-iphonesimulator/KeychainAccess.build/Objects-normal/x86_64/KeychainAccess.SwiftFileList --metadata-file-list /var/folders/g2/4t2t7ssj3n3_v2xrl935g8sh0000gn/T/flo-derived.tr2gd7/Build/Intermediates.noindex/KeychainAccess.build/Debug-iphonesimulator/KeychainAccess.build/KeychainAccess.DependencyMetadataFileList --static-metadata-file-list /var/folders/g2/4t2t7ssj3n3_v2xrl935g8sh0000gn/T/flo-derived.tr2gd7/Build/Intermediates.noindex/KeychainAccess.build/Debug-iphonesimulator/KeychainAccess.build/KeychainAccess.DependencyStaticMetadataFileList --swift-const-vals-list /var/folders/g2/4t2t7ssj3n3_v2xrl935g8sh0000gn/T/flo-derived.tr2gd7/Build/Intermediates.noindex/KeychainAccess.build/Debug-iphonesimulator/KeychainAccess.build/Objects-normal/x86_64/KeychainAccess.SwiftConstValuesFileList --force --compile-time-extraction --deployment-aware-processing --validate-assistant-intents --no-app-shortcuts-localization
2026-10-06 02:34:33.664 appintentsmetadataprocessor[48569:709355] Starting appintentsmetadataprocessor export
2026-10-06 02:34:33.701 appintentsmetadataprocessor[48569:709355] Extracted no relevant App Intents symbols, skipping writing output

ExtractAppIntentsMetadata (in target 'Alamofire' from project 'Alamofire')
    cd /var/folders/g2/4t2t7ssj3n3_v2xrl935g8sh0000gn/T/flo-derived.tr2gd7/SourcePackages/checkouts/Alamofire
    /Applications/Xcode.app/Contents/Developer/Toolchains/XcodeDefault.xctoolchain/usr/bin/appintentsmetadataprocessor --toolchain-dir /Applications/Xcode.app/Contents/Developer/Toolchains/XcodeDefault.xctoolchain --module-name Alamofire --sdk-root /Applications/Xcode.app/Contents/Developer/Platforms/iPhoneSimulator.platform/Developer/SDKs/iPhoneSimulator26.4.sdk --xcode-version 17E192 --platform-family iOS --deployment-target 12.0 --bundle-identifier alamofire.Alamofire --output /var/folders/g2/4t2t7ssj3n3_v2xrl935g8sh0000gn/T/flo-derived.tr2gd7/Build/Products/Debug-iphonesimulator/Alamofire.appintents --target-triple x86_64-apple-ios12.0-simulator --binary-file /var/folders/g2/4t2t7ssj3n3_v2xrl935g8sh0000gn/T/flo-derived.tr2gd7/Build/Products/Debug-iphonesimulator/Alamofire.o --dependency-file /var/folders/g2/4t2t7ssj3n3_v2xrl935g8sh0000gn/T/flo-derived.tr2gd7/Build/Intermediates.noindex/Alamofire.build/Debug-iphonesimulator/Alamofire.build/Objects-normal/x86_64/Alamofire_dependency_info.dat --stringsdata-file /var/folders/g2/4t2t7ssj3n3_v2xrl935g8sh0000gn/T/flo-derived.tr2gd7/Build/Intermediates.noindex/Alamofire.build/Debug-iphonesimulator/Alamofire.build/Objects-normal/x86_64/ExtractedAppShortcutsMetadata.stringsdata --source-file-list /var/folders/g2/4t2t7ssj3n3_v2xrl935g8sh0000gn/T/flo-derived.tr2gd7/Build/Intermediates.noindex/Alamofire.build/Debug-iphonesimulator/Alamofire.build/Objects-normal/x86_64/Alamofire.SwiftFileList --metadata-file-list /var/folders/g2/4t2t7ssj3n3_v2xrl935g8sh0000gn/T/flo-derived.tr2gd7/Build/Intermediates.noindex/Alamofire.build/Debug-iphonesimulator/Alamofire.build/Alamofire.DependencyMetadataFileList --static-metadata-file-list /var/folders/g2/4t2t7ssj3n3_v2xrl935g8sh0000gn/T/flo-derived.tr2gd7/Build/Intermediates.noindex/Alamofire.build/Debug-iphonesimulator/Alamofire.build/Alamofire.DependencyStaticMetadataFileList --swift-const-vals-list /var/folders/g2/4t2t7ssj3n3_v2xrl935g8sh0000gn/T/flo-derived.tr2gd7/Build/Intermediates.noindex/Alamofire.build/Debug-iphonesimulator/Alamofire.build/Objects-normal/x86_64/Alamofire.SwiftConstValuesFileList --force --compile-time-extraction --deployment-aware-processing --validate-assistant-intents --no-app-shortcuts-localization
2026-10-06 02:34:33.693 appintentsmetadataprocessor[48572:709358] Starting appintentsmetadataprocessor export
2026-10-06 02:34:33.728 appintentsmetadataprocessor[48572:709358] Extracted no relevant App Intents symbols, skipping writing output

SwiftDriver PulseUI normal x86_64 com.apple.xcode.tools.swift.compiler (in target 'PulseUI' from project 'Pulse')
    cd /tmp/flo-empty/flo.xcodeproj
    builtin-SwiftDriver -- /Applications/Xcode.app/Contents/Developer/Toolchains/XcodeDefault.xctoolchain/usr/bin/swiftc -module-name PulseUI -Onone @/var/folders/g2/4t2t7ssj3n3_v2xrl935g8sh0000gn/T/flo-derived.tr2gd7/Build/Intermediates.noindex/Pulse.build/Debug-iphonesimulator/PulseUI.build/Objects-normal/x86_64/PulseUI.SwiftFileList -DSWIFT_PACKAGE -DDEBUG -DSWIFT_MODULE_RESOURCE_BUNDLE_UNAVAILABLE -DXcode -plugin-path /Applications/Xcode.app/Contents/Developer/Toolchains/XcodeDefault.xctoolchain/usr/lib/swift/host/plugins/testing -enable-experimental-feature DebugDescriptionMacro -sdk /Applications/Xcode.app/Contents/Developer/Platforms/iPhoneSimulator.platform/Developer/SDKs/iPhoneSimulator26.4.sdk -target x86_64-apple-ios15.0-simulator -g -module-cache-path /var/folders/g2/4t2t7ssj3n3_v2xrl935g8sh0000gn/T/flo-derived.tr2gd7/ModuleCache.noindex -Xfrontend -serialize-debugging-options -enable-testing -suppress-warnings -index-store-path /var/folders/g2/4t2t7ssj3n3_v2xrl935g8sh0000gn/T/flo-derived.tr2gd7/Index.noindex/DataStore -Xcc -D_LIBCPP_HARDENING_MODE\=_LIBCPP_HARDENING_MODE_DEBUG -swift-version 5 -I /var/folders/g2/4t2t7ssj3n3_v2xrl935g8sh0000gn/T/flo-derived.tr2gd7/Build/Products/Debug-iphonesimulator -Isystem /Applications/Xcode.app/Contents/Developer/Platforms/iPhoneSimulator.platform/Developer/usr/lib -F /var/folders/g2/4t2t7ssj3n3_v2xrl935g8sh0000gn/T/flo-derived.tr2gd7/Build/Products/Debug-iphonesimulator/PackageFrameworks -F /var/folders/g2/4t2t7ssj3n3_v2xrl935g8sh0000gn/T/flo-derived.tr2gd7/Build/Products/Debug-iphonesimulator -F /Applications/Xcode.app/Contents/Developer/Platforms/iPhoneSimulator.platform/Developer/Library/Frameworks -F /Applications/Xcode.app/Contents/Developer/Platforms/iPhoneSimulator.platform/Developer/SDKs/iPhoneSimulator26.4.sdk/Developer/Library/Frameworks -c -j12 -enable-batch-mode -incremental -Xcc -ivfsstatcache -Xcc /var/folders/g2/4t2t7ssj3n3_v2xrl935g8sh0000gn/T/flo-derived.tr2gd7/SDKStatCaches.noindex/iphonesimulator26.4-23E237-686eebb5dc1d8ecb277353a59184f4aa.sdkstatcache -output-file-map /var/folders/g2/4t2t7ssj3n3_v2xrl935g8sh0000gn/T/flo-derived.tr2gd7/Build/Intermediates.noindex/Pulse.build/Debug-iphonesimulator/PulseUI.build/Objects-normal/x86_64/PulseUI-OutputFileMap.json -use-frontend-parseable-output -save-temps -no-color-diagnostics -explicit-module-build -module-cache-path /var/folders/g2/4t2t7ssj3n3_v2xrl935g8sh0000gn/T/flo-derived.tr2gd7/Build/Intermediates.noindex/SwiftExplicitPrecompiledModules -clang-scanner-module-cache-path /var/folders/g2/4t2t7ssj3n3_v2xrl935g8sh0000gn/T/flo-derived.tr2gd7/ModuleCache.noindex -sdk-module-cache-path /var/folders/g2/4t2t7ssj3n3_v2xrl935g8sh0000gn/T/flo-derived.tr2gd7/ModuleCache.noindex -serialize-diagnostics -emit-dependencies -emit-module -emit-module-path /var/folders/g2/4t2t7ssj3n3_v2xrl935g8sh0000gn/T/flo-derived.tr2gd7/Build/Intermediates.noindex/Pulse.build/Debug-iphonesimulator/PulseUI.build/Objects-normal/x86_64/PulseUI.swiftmodule -validate-clang-modules-once -clang-build-session-file /var/folders/g2/4t2t7ssj3n3_v2xrl935g8sh0000gn/T/flo-derived.tr2gd7/ModuleCache.noindex/Session.modulevalidation -package-name pulse -Xcc -I/var/folders/g2/4t2t7ssj3n3_v2xrl935g8sh0000gn/T/flo-derived.tr2gd7/Build/Intermediates.noindex/Pulse.build/Debug-iphonesimulator/PulseUI.build/swift-overrides.hmap -emit-const-values -Xfrontend -const-gather-protocols-file -Xfrontend /var/folders/g2/4t2t7ssj3n3_v2xrl935g8sh0000gn/T/flo-derived.tr2gd7/Build/Intermediates.noindex/Pulse.build/Debug-iphonesimulator/PulseUI.build/Objects-normal/x86_64/PulseUI_const_extract_protocols.json -Xcc -I/var/folders/g2/4t2t7ssj3n3_v2xrl935g8sh0000gn/T/flo-derived.tr2gd7/Build/Products/Debug-iphonesimulator/include -Xcc -I/var/folders/g2/4t2t7ssj3n3_v2xrl935g8sh0000gn/T/flo-derived.tr2gd7/Build/Intermediates.noindex/Pulse.build/Debug-iphonesimulator/PulseUI.build/DerivedSources-normal/x86_64 -Xcc -I/var/folders/g2/4t2t7ssj3n3_v2xrl935g8sh0000gn/T/flo-derived.tr2gd7/Build/Intermediates.noindex/Pulse.build/Debug-iphonesimulator/PulseUI.build/DerivedSources/x86_64 -Xcc -I/var/folders/g2/4t2t7ssj3n3_v2xrl935g8sh0000gn/T/flo-derived.tr2gd7/Build/Intermediates.noindex/Pulse.build/Debug-iphonesimulator/PulseUI.build/DerivedSources -Xcc -DSWIFT_PACKAGE -Xcc -DDEBUG\=1 -emit-objc-header -emit-objc-header-path /var/folders/g2/4t2t7ssj3n3_v2xrl935g8sh0000gn/T/flo-derived.tr2gd7/Build/Intermediates.noindex/Pulse.build/Debug-iphonesimulator/PulseUI.build/Objects-normal/x86_64/PulseUI-Swift.h -working-directory /tmp/flo-empty/flo.xcodeproj -experimental-emit-module-separately -disable-cmo

SwiftDriver NukeUI normal x86_64 com.apple.xcode.tools.swift.compiler (in target 'NukeUI' from project 'Nuke')
    cd /tmp/flo-empty/flo.xcodeproj
    builtin-SwiftDriver -- /Applications/Xcode.app/Contents/Developer/Toolchains/XcodeDefault.xctoolchain/usr/bin/swiftc -module-name NukeUI -Onone @/var/folders/g2/4t2t7ssj3n3_v2xrl935g8sh0000gn/T/flo-derived.tr2gd7/Build/Intermediates.noindex/Nuke.build/Debug-iphonesimulator/NukeUI.build/Objects-normal/x86_64/NukeUI.SwiftFileList -DSWIFT_PACKAGE -DDEBUG -DSWIFT_MODULE_RESOURCE_BUNDLE_UNAVAILABLE -DXcode -plugin-path /Applications/Xcode.app/Contents/Developer/Toolchains/XcodeDefault.xctoolchain/usr/lib/swift/host/plugins/testing -enable-experimental-feature DebugDescriptionMacro -sdk /Applications/Xcode.app/Contents/Developer/Platforms/iPhoneSimulator.platform/Developer/SDKs/iPhoneSimulator26.4.sdk -target x86_64-apple-ios13.0-simulator -g -module-cache-path /var/folders/g2/4t2t7ssj3n3_v2xrl935g8sh0000gn/T/flo-derived.tr2gd7/ModuleCache.noindex -Xfrontend -serialize-debugging-options -enable-testing -suppress-warnings -index-store-path /var/folders/g2/4t2t7ssj3n3_v2xrl935g8sh0000gn/T/flo-derived.tr2gd7/Index.noindex/DataStore -Xcc -D_LIBCPP_HARDENING_MODE\=_LIBCPP_HARDENING_MODE_DEBUG -swift-version 5 -I /var/folders/g2/4t2t7ssj3n3_v2xrl935g8sh0000gn/T/flo-derived.tr2gd7/Build/Products/Debug-iphonesimulator -Isystem /Applications/Xcode.app/Contents/Developer/Platforms/iPhoneSimulator.platform/Developer/usr/lib -F /var/folders/g2/4t2t7ssj3n3_v2xrl935g8sh0000gn/T/flo-derived.tr2gd7/Build/Products/Debug-iphonesimulator/PackageFrameworks -F /var/folders/g2/4t2t7ssj3n3_v2xrl935g8sh0000gn/T/flo-derived.tr2gd7/Build/Products/Debug-iphonesimulator -F /Applications/Xcode.app/Contents/Developer/Platforms/iPhoneSimulator.platform/Developer/Library/Frameworks -F /Applications/Xcode.app/Contents/Developer/Platforms/iPhoneSimulator.platform/Developer/SDKs/iPhoneSimulator26.4.sdk/Developer/Library/Frameworks -c -j12 -enable-batch-mode -incremental -Xcc -ivfsstatcache -Xcc /var/folders/g2/4t2t7ssj3n3_v2xrl935g8sh0000gn/T/flo-derived.tr2gd7/SDKStatCaches.noindex/iphonesimulator26.4-23E237-686eebb5dc1d8ecb277353a59184f4aa.sdkstatcache -output-file-map /var/folders/g2/4t2t7ssj3n3_v2xrl935g8sh0000gn/T/flo-derived.tr2gd7/Build/Intermediates.noindex/Nuke.build/Debug-iphonesimulator/NukeUI.build/Objects-normal/x86_64/NukeUI-OutputFileMap.json -use-frontend-parseable-output -save-temps -no-color-diagnostics -explicit-module-build -module-cache-path /var/folders/g2/4t2t7ssj3n3_v2xrl935g8sh0000gn/T/flo-derived.tr2gd7/Build/Intermediates.noindex/SwiftExplicitPrecompiledModules -clang-scanner-module-cache-path /var/folders/g2/4t2t7ssj3n3_v2xrl935g8sh0000gn/T/flo-derived.tr2gd7/ModuleCache.noindex -sdk-module-cache-path /var/folders/g2/4t2t7ssj3n3_v2xrl935g8sh0000gn/T/flo-derived.tr2gd7/ModuleCache.noindex -serialize-diagnostics -emit-dependencies -emit-module -emit-module-path /var/folders/g2/4t2t7ssj3n3_v2xrl935g8sh0000gn/T/flo-derived.tr2gd7/Build/Intermediates.noindex/Nuke.build/Debug-iphonesimulator/NukeUI.build/Objects-normal/x86_64/NukeUI.swiftmodule -validate-clang-modules-once -clang-build-session-file /var/folders/g2/4t2t7ssj3n3_v2xrl935g8sh0000gn/T/flo-derived.tr2gd7/ModuleCache.noindex/Session.modulevalidation -package-name nuke -Xcc -I/var/folders/g2/4t2t7ssj3n3_v2xrl935g8sh0000gn/T/flo-derived.tr2gd7/Build/Intermediates.noindex/Nuke.build/Debug-iphonesimulator/NukeUI.build/swift-overrides.hmap -emit-const-values -Xfrontend -const-gather-protocols-file -Xfrontend /var/folders/g2/4t2t7ssj3n3_v2xrl935g8sh0000gn/T/flo-derived.tr2gd7/Build/Intermediates.noindex/Nuke.build/Debug-iphonesimulator/NukeUI.build/Objects-normal/x86_64/NukeUI_const_extract_protocols.json -Xcc -I/var/folders/g2/4t2t7ssj3n3_v2xrl935g8sh0000gn/T/flo-derived.tr2gd7/Build/Products/Debug-iphonesimulator/include -Xcc -I/var/folders/g2/4t2t7ssj3n3_v2xrl935g8sh0000gn/T/flo-derived.tr2gd7/Build/Intermediates.noindex/Nuke.build/Debug-iphonesimulator/NukeUI.build/DerivedSources-normal/x86_64 -Xcc -I/var/folders/g2/4t2t7ssj3n3_v2xrl935g8sh0000gn/T/flo-derived.tr2gd7/Build/Intermediates.noindex/Nuke.build/Debug-iphonesimulator/NukeUI.build/DerivedSources/x86_64 -Xcc -I/var/folders/g2/4t2t7ssj3n3_v2xrl935g8sh0000gn/T/flo-derived.tr2gd7/Build/Intermediates.noindex/Nuke.build/Debug-iphonesimulator/NukeUI.build/DerivedSources -Xcc -DSWIFT_PACKAGE -Xcc -DDEBUG\=1 -emit-objc-header -emit-objc-header-path /var/folders/g2/4t2t7ssj3n3_v2xrl935g8sh0000gn/T/flo-derived.tr2gd7/Build/Intermediates.noindex/Nuke.build/Debug-iphonesimulator/NukeUI.build/Objects-normal/x86_64/NukeUI-Swift.h -working-directory /tmp/flo-empty/flo.xcodeproj -experimental-emit-module-separately -disable-cmo

SwiftDriverJobDiscovery normal x86_64 Compiling TaskFetchOriginalImage.swift, TaskFetchWithPublisher.swift, TaskLoadData.swift, TaskLoadImage.swift (in target 'Nuke' from project 'Nuke')

RegisterExecutionPolicyException /var/folders/g2/4t2t7ssj3n3_v2xrl935g8sh0000gn/T/flo-derived.tr2gd7/Build/Products/Debug-iphonesimulator/KeychainAccess.o (in target 'KeychainAccess' from project 'KeychainAccess')
    cd /var/folders/g2/4t2t7ssj3n3_v2xrl935g8sh0000gn/T/flo-derived.tr2gd7/SourcePackages/checkouts/KeychainAccess
    builtin-RegisterExecutionPolicyException /var/folders/g2/4t2t7ssj3n3_v2xrl935g8sh0000gn/T/flo-derived.tr2gd7/Build/Products/Debug-iphonesimulator/KeychainAccess.o

RegisterExecutionPolicyException /var/folders/g2/4t2t7ssj3n3_v2xrl935g8sh0000gn/T/flo-derived.tr2gd7/Build/Products/Debug-iphonesimulator/Alamofire.o (in target 'Alamofire' from project 'Alamofire')
    cd /var/folders/g2/4t2t7ssj3n3_v2xrl935g8sh0000gn/T/flo-derived.tr2gd7/SourcePackages/checkouts/Alamofire
    builtin-RegisterExecutionPolicyException /var/folders/g2/4t2t7ssj3n3_v2xrl935g8sh0000gn/T/flo-derived.tr2gd7/Build/Products/Debug-iphonesimulator/Alamofire.o

SwiftDriverJobDiscovery normal x86_64 Compiling ImageRequest.swift, ImageResponse.swift, ImageTask.swift, Atomic.swift, DataPublisher.swift (in target 'Nuke' from project 'Nuke')

SwiftDriverJobDiscovery normal x86_64 Compiling Cache.swift, DataCache.swift, DataCaching.swift, ImageCache.swift, ImageCaching.swift (in target 'Nuke' from project 'Nuke')

SwiftDriverJobDiscovery normal x86_64 Compiling Extensions.swift, Graphics.swift, ImagePublisher.swift, ImageRequestKeys.swift, LinkedList.swift (in target 'Nuke' from project 'Nuke')

ConstructStubExecutorLinkFileList /var/folders/g2/4t2t7ssj3n3_v2xrl935g8sh0000gn/T/flo-derived.tr2gd7/Build/Intermediates.noindex/flo.build/Debug-watchsimulator/flo\ Watch\ Watch\ App.build/flo\ Watch\ Watch\ App-ExecutorLinkFileList-normal-x86_64.txt (in target 'flo Watch Watch App' from project 'flo')
    cd /tmp/flo-empty
    construct-stub-executor-link-file-list /var/folders/g2/4t2t7ssj3n3_v2xrl935g8sh0000gn/T/flo-derived.tr2gd7/Build/Intermediates.noindex/flo.build/Debug-watchsimulator/flo\ Watch\ Watch\ App.build/Objects-normal/x86_64/Binary/flo\ Watch\ Watch\ App.debug.dylib /Applications/Xcode.app/Contents/Developer/Platforms/WatchSimulator.platform/Developer/usr/lib/libPreviewsJITStubExecutor_no_swift_entry_point.a /Applications/Xcode.app/Contents/Developer/Platforms/WatchSimulator.platform/Developer/usr/lib/libPreviewsJITStubExecutor.a --output /var/folders/g2/4t2t7ssj3n3_v2xrl935g8sh0000gn/T/flo-derived.tr2gd7/Build/Intermediates.noindex/flo.build/Debug-watchsimulator/flo\ Watch\ Watch\ App.build/flo\ Watch\ Watch\ App-ExecutorLinkFileList-normal-x86_64.txt
note: Using stub executor library with Swift entry point. (in target 'flo Watch Watch App' from project 'flo')

Ld /var/folders/g2/4t2t7ssj3n3_v2xrl935g8sh0000gn/T/flo-derived.tr2gd7/Build/Intermediates.noindex/flo.build/Debug-watchsimulator/flo\ Watch\ Watch\ App.build/Objects-normal/x86_64/Binary/flo\ Watch\ Watch\ App normal x86_64 (in target 'flo Watch Watch App' from project 'flo')
    cd /tmp/flo-empty
    /Applications/Xcode.app/Contents/Developer/Toolchains/XcodeDefault.xctoolchain/usr/bin/clang -Xlinker -reproducible -target x86_64-apple-watchos10.6-simulator -isysroot /Applications/Xcode.app/Contents/Developer/Platforms/WatchSimulator.platform/Developer/SDKs/WatchSimulator26.4.sdk -O0 -L/var/folders/g2/4t2t7ssj3n3_v2xrl935g8sh0000gn/T/flo-derived.tr2gd7/Build/Products/Debug-watchsimulator -F/var/folders/g2/4t2t7ssj3n3_v2xrl935g8sh0000gn/T/flo-derived.tr2gd7/Build/Products/Debug-watchsimulator -Xlinker -rpath -Xlinker @executable_path -Xlinker -rpath -Xlinker @executable_path/Frameworks -rdynamic -Xlinker -no_deduplicate -Xlinker -objc_abi_version -Xlinker 2 -e ___debug_blank_executor_main -Xlinker -sectcreate -Xlinker __TEXT -Xlinker __debug_dylib -Xlinker /var/folders/g2/4t2t7ssj3n3_v2xrl935g8sh0000gn/T/flo-derived.tr2gd7/Build/Intermediates.noindex/flo.build/Debug-watchsimulator/flo\ Watch\ Watch\ App.build/flo\ Watch\ Watch\ App-DebugDylibPath-normal-x86_64.txt -Xlinker -sectcreate -Xlinker __TEXT -Xlinker __debug_instlnm -Xlinker /var/folders/g2/4t2t7ssj3n3_v2xrl935g8sh0000gn/T/flo-derived.tr2gd7/Build/Intermediates.noindex/flo.build/Debug-watchsimulator/flo\ Watch\ Watch\ App.build/flo\ Watch\ Watch\ App-DebugDylibInstallName-normal-x86_64.txt -Xlinker -filelist -Xlinker /var/folders/g2/4t2t7ssj3n3_v2xrl935g8sh0000gn/T/flo-derived.tr2gd7/Build/Intermediates.noindex/flo.build/Debug-watchsimulator/flo\ Watch\ Watch\ App.build/flo\ Watch\ Watch\ App-ExecutorLinkFileList-normal-x86_64.txt /var/folders/g2/4t2t7ssj3n3_v2xrl935g8sh0000gn/T/flo-derived.tr2gd7/Build/Intermediates.noindex/flo.build/Debug-watchsimulator/flo\ Watch\ Watch\ App.build/Objects-normal/x86_64/Binary/flo\ Watch\ Watch\ App.debug.dylib -o /var/folders/g2/4t2t7ssj3n3_v2xrl935g8sh0000gn/T/flo-derived.tr2gd7/Build/Intermediates.noindex/flo.build/Debug-watchsimulator/flo\ Watch\ Watch\ App.build/Objects-normal/x86_64/Binary/flo\ Watch\ Watch\ App

ConstructStubExecutorLinkFileList /var/folders/g2/4t2t7ssj3n3_v2xrl935g8sh0000gn/T/flo-derived.tr2gd7/Build/Intermediates.noindex/flo.build/Debug-watchsimulator/flo\ Watch\ Watch\ App.build/flo\ Watch\ Watch\ App-ExecutorLinkFileList-normal-arm64.txt (in target 'flo Watch Watch App' from project 'flo')
    cd /tmp/flo-empty
    construct-stub-executor-link-file-list /var/folders/g2/4t2t7ssj3n3_v2xrl935g8sh0000gn/T/flo-derived.tr2gd7/Build/Intermediates.noindex/flo.build/Debug-watchsimulator/flo\ Watch\ Watch\ App.build/Objects-normal/arm64/Binary/flo\ Watch\ Watch\ App.debug.dylib /Applications/Xcode.app/Contents/Developer/Platforms/WatchSimulator.platform/Developer/usr/lib/libPreviewsJITStubExecutor_no_swift_entry_point.a /Applications/Xcode.app/Contents/Developer/Platforms/WatchSimulator.platform/Developer/usr/lib/libPreviewsJITStubExecutor.a --output /var/folders/g2/4t2t7ssj3n3_v2xrl935g8sh0000gn/T/flo-derived.tr2gd7/Build/Intermediates.noindex/flo.build/Debug-watchsimulator/flo\ Watch\ Watch\ App.build/flo\ Watch\ Watch\ App-ExecutorLinkFileList-normal-arm64.txt
note: Using stub executor library with Swift entry point. (in target 'flo Watch Watch App' from project 'flo')

CreateUniversalBinary /var/folders/g2/4t2t7ssj3n3_v2xrl935g8sh0000gn/T/flo-derived.tr2gd7/Build/Products/Debug-watchsimulator/flo\ Watch\ Watch\ App.app/flo\ Watch\ Watch\ App.debug.dylib normal arm64\ x86_64 (in target 'flo Watch Watch App' from project 'flo')
    cd /tmp/flo-empty
    /Applications/Xcode.app/Contents/Developer/Toolchains/XcodeDefault.xctoolchain/usr/bin/lipo -create /var/folders/g2/4t2t7ssj3n3_v2xrl935g8sh0000gn/T/flo-derived.tr2gd7/Build/Intermediates.noindex/flo.build/Debug-watchsimulator/flo\ Watch\ Watch\ App.build/Objects-normal/arm64/Binary/flo\ Watch\ Watch\ App.debug.dylib /var/folders/g2/4t2t7ssj3n3_v2xrl935g8sh0000gn/T/flo-derived.tr2gd7/Build/Intermediates.noindex/flo.build/Debug-watchsimulator/flo\ Watch\ Watch\ App.build/Objects-normal/x86_64/Binary/flo\ Watch\ Watch\ App.debug.dylib -output /var/folders/g2/4t2t7ssj3n3_v2xrl935g8sh0000gn/T/flo-derived.tr2gd7/Build/Products/Debug-watchsimulator/flo\ Watch\ Watch\ App.app/flo\ Watch\ Watch\ App.debug.dylib

Ld /var/folders/g2/4t2t7ssj3n3_v2xrl935g8sh0000gn/T/flo-derived.tr2gd7/Build/Intermediates.noindex/flo.build/Debug-watchsimulator/flo\ Watch\ Watch\ App.build/Objects-normal/arm64/Binary/flo\ Watch\ Watch\ App normal arm64 (in target 'flo Watch Watch App' from project 'flo')
    cd /tmp/flo-empty
    /Applications/Xcode.app/Contents/Developer/Toolchains/XcodeDefault.xctoolchain/usr/bin/clang -Xlinker -reproducible -target arm64-apple-watchos10.6-simulator -isysroot /Applications/Xcode.app/Contents/Developer/Platforms/WatchSimulator.platform/Developer/SDKs/WatchSimulator26.4.sdk -O0 -L/var/folders/g2/4t2t7ssj3n3_v2xrl935g8sh0000gn/T/flo-derived.tr2gd7/Build/Products/Debug-watchsimulator -F/var/folders/g2/4t2t7ssj3n3_v2xrl935g8sh0000gn/T/flo-derived.tr2gd7/Build/Products/Debug-watchsimulator -Xlinker -rpath -Xlinker @executable_path -Xlinker -rpath -Xlinker @executable_path/Frameworks -rdynamic -Xlinker -no_deduplicate -Xlinker -objc_abi_version -Xlinker 2 -e ___debug_blank_executor_main -Xlinker -sectcreate -Xlinker __TEXT -Xlinker __debug_dylib -Xlinker /var/folders/g2/4t2t7ssj3n3_v2xrl935g8sh0000gn/T/flo-derived.tr2gd7/Build/Intermediates.noindex/flo.build/Debug-watchsimulator/flo\ Watch\ Watch\ App.build/flo\ Watch\ Watch\ App-DebugDylibPath-normal-arm64.txt -Xlinker -sectcreate -Xlinker __TEXT -Xlinker __debug_instlnm -Xlinker /var/folders/g2/4t2t7ssj3n3_v2xrl935g8sh0000gn/T/flo-derived.tr2gd7/Build/Intermediates.noindex/flo.build/Debug-watchsimulator/flo\ Watch\ Watch\ App.build/flo\ Watch\ Watch\ App-DebugDylibInstallName-normal-arm64.txt -Xlinker -filelist -Xlinker /var/folders/g2/4t2t7ssj3n3_v2xrl935g8sh0000gn/T/flo-derived.tr2gd7/Build/Intermediates.noindex/flo.build/Debug-watchsimulator/flo\ Watch\ Watch\ App.build/flo\ Watch\ Watch\ App-ExecutorLinkFileList-normal-arm64.txt /var/folders/g2/4t2t7ssj3n3_v2xrl935g8sh0000gn/T/flo-derived.tr2gd7/Build/Intermediates.noindex/flo.build/Debug-watchsimulator/flo\ Watch\ Watch\ App.build/Objects-normal/arm64/Binary/flo\ Watch\ Watch\ App.debug.dylib -o /var/folders/g2/4t2t7ssj3n3_v2xrl935g8sh0000gn/T/flo-derived.tr2gd7/Build/Intermediates.noindex/flo.build/Debug-watchsimulator/flo\ Watch\ Watch\ App.build/Objects-normal/arm64/Binary/flo\ Watch\ Watch\ App

CreateUniversalBinary /var/folders/g2/4t2t7ssj3n3_v2xrl935g8sh0000gn/T/flo-derived.tr2gd7/Build/Products/Debug-watchsimulator/flo\ Watch\ Watch\ App.app/flo\ Watch\ Watch\ App normal arm64\ x86_64 (in target 'flo Watch Watch App' from project 'flo')
    cd /tmp/flo-empty
    /Applications/Xcode.app/Contents/Developer/Toolchains/XcodeDefault.xctoolchain/usr/bin/lipo -create /var/folders/g2/4t2t7ssj3n3_v2xrl935g8sh0000gn/T/flo-derived.tr2gd7/Build/Intermediates.noindex/flo.build/Debug-watchsimulator/flo\ Watch\ Watch\ App.build/Objects-normal/arm64/Binary/flo\ Watch\ Watch\ App /var/folders/g2/4t2t7ssj3n3_v2xrl935g8sh0000gn/T/flo-derived.tr2gd7/Build/Intermediates.noindex/flo.build/Debug-watchsimulator/flo\ Watch\ Watch\ App.build/Objects-normal/x86_64/Binary/flo\ Watch\ Watch\ App -output /var/folders/g2/4t2t7ssj3n3_v2xrl935g8sh0000gn/T/flo-derived.tr2gd7/Build/Products/Debug-watchsimulator/flo\ Watch\ Watch\ App.app/flo\ Watch\ Watch\ App

CopySwiftLibs /var/folders/g2/4t2t7ssj3n3_v2xrl935g8sh0000gn/T/flo-derived.tr2gd7/Build/Products/Debug-watchsimulator/flo\ Watch\ Watch\ App.app (in target 'flo Watch Watch App' from project 'flo')
    cd /tmp/flo-empty
    builtin-swiftStdLibTool --copy --verbose --scan-executable /var/folders/g2/4t2t7ssj3n3_v2xrl935g8sh0000gn/T/flo-derived.tr2gd7/Build/Products/Debug-watchsimulator/flo\ Watch\ Watch\ App.app/flo\ Watch\ Watch\ App.debug.dylib --scan-folder /var/folders/g2/4t2t7ssj3n3_v2xrl935g8sh0000gn/T/flo-derived.tr2gd7/Build/Products/Debug-watchsimulator/flo\ Watch\ Watch\ App.app/Frameworks --scan-folder /var/folders/g2/4t2t7ssj3n3_v2xrl935g8sh0000gn/T/flo-derived.tr2gd7/Build/Products/Debug-watchsimulator/flo\ Watch\ Watch\ App.app/PlugIns --scan-folder /var/folders/g2/4t2t7ssj3n3_v2xrl935g8sh0000gn/T/flo-derived.tr2gd7/Build/Products/Debug-watchsimulator/flo\ Watch\ Watch\ App.app/SystemExtensions --scan-folder /var/folders/g2/4t2t7ssj3n3_v2xrl935g8sh0000gn/T/flo-derived.tr2gd7/Build/Products/Debug-watchsimulator/flo\ Watch\ Watch\ App.app/Extensions --platform watchsimulator --toolchain /Applications/Xcode.app/Contents/Developer/Toolchains/XcodeDefault.xctoolchain --destination /var/folders/g2/4t2t7ssj3n3_v2xrl935g8sh0000gn/T/flo-derived.tr2gd7/Build/Products/Debug-watchsimulator/flo\ Watch\ Watch\ App.app/Frameworks --strip-bitcode --strip-bitcode-tool /Applications/Xcode.app/Contents/Developer/Toolchains/XcodeDefault.xctoolchain/usr/bin/bitcode_strip --emit-dependency-info /var/folders/g2/4t2t7ssj3n3_v2xrl935g8sh0000gn/T/flo-derived.tr2gd7/Build/Intermediates.noindex/flo.build/Debug-watchsimulator/flo\ Watch\ Watch\ App.build/SwiftStdLibToolInputDependencies.dep --filter-for-swift-os --back-deploy-swift-span
Ignoring --strip-bitcode because --sign was not passed

ExtractAppIntentsMetadata (in target 'flo Watch Watch App' from project 'flo')
    cd /tmp/flo-empty
    /Applications/Xcode.app/Contents/Developer/Toolchains/XcodeDefault.xctoolchain/usr/bin/appintentsmetadataprocessor --toolchain-dir /Applications/Xcode.app/Contents/Developer/Toolchains/XcodeDefault.xctoolchain --module-name flo_Watch_Watch_App --sdk-root /Applications/Xcode.app/Contents/Developer/Platforms/WatchSimulator.platform/Developer/SDKs/WatchSimulator26.4.sdk --xcode-version 17E192 --platform-family watchOS --deployment-target 10.6 --bundle-identifier com.penerbangwalet.flo.watchkitapp --output /var/folders/g2/4t2t7ssj3n3_v2xrl935g8sh0000gn/T/flo-derived.tr2gd7/Build/Products/Debug-watchsimulator/flo\ Watch\ Watch\ App.app --target-triple arm64-apple-watchos10.6-simulator --target-triple x86_64-apple-watchos10.6-simulator --binary-file /var/folders/g2/4t2t7ssj3n3_v2xrl935g8sh0000gn/T/flo-derived.tr2gd7/Build/Products/Debug-watchsimulator/flo\ Watch\ Watch\ App.app/flo\ Watch\ Watch\ App --dependency-file /var/folders/g2/4t2t7ssj3n3_v2xrl935g8sh0000gn/T/flo-derived.tr2gd7/Build/Intermediates.noindex/flo.build/Debug-watchsimulator/flo\ Watch\ Watch\ App.build/Objects-normal/arm64/flo\ Watch\ Watch\ App_dependency_info.dat --dependency-file /var/folders/g2/4t2t7ssj3n3_v2xrl935g8sh0000gn/T/flo-derived.tr2gd7/Build/Intermediates.noindex/flo.build/Debug-watchsimulator/flo\ Watch\ Watch\ App.build/Objects-normal/x86_64/flo\ Watch\ Watch\ App_dependency_info.dat --stringsdata-file /var/folders/g2/4t2t7ssj3n3_v2xrl935g8sh0000gn/T/flo-derived.tr2gd7/Build/Intermediates.noindex/flo.build/Debug-watchsimulator/flo\ Watch\ Watch\ App.build/Objects-normal/arm64/ExtractedAppShortcutsMetadata.stringsdata --stringsdata-file /var/folders/g2/4t2t7ssj3n3_v2xrl935g8sh0000gn/T/flo-derived.tr2gd7/Build/Intermediates.noindex/flo.build/Debug-watchsimulator/flo\ Watch\ Watch\ App.build/Objects-normal/x86_64/ExtractedAppShortcutsMetadata.stringsdata --source-file-list /var/folders/g2/4t2t7ssj3n3_v2xrl935g8sh0000gn/T/flo-derived.tr2gd7/Build/Intermediates.noindex/flo.build/Debug-watchsimulator/flo\ Watch\ Watch\ App.build/Objects-normal/arm64/flo\ Watch\ Watch\ App.SwiftFileList --source-file-list /var/folders/g2/4t2t7ssj3n3_v2xrl935g8sh0000gn/T/flo-derived.tr2gd7/Build/Intermediates.noindex/flo.build/Debug-watchsimulator/flo\ Watch\ Watch\ App.build/Objects-normal/x86_64/flo\ Watch\ Watch\ App.SwiftFileList --metadata-file-list /var/folders/g2/4t2t7ssj3n3_v2xrl935g8sh0000gn/T/flo-derived.tr2gd7/Build/Intermediates.noindex/flo.build/Debug-watchsimulator/flo\ Watch\ Watch\ App.build/flo\ Watch\ Watch\ App.DependencyMetadataFileList --static-metadata-file-list /var/folders/g2/4t2t7ssj3n3_v2xrl935g8sh0000gn/T/flo-derived.tr2gd7/Build/Intermediates.noindex/flo.build/Debug-watchsimulator/flo\ Watch\ Watch\ App.build/flo\ Watch\ Watch\ App.DependencyStaticMetadataFileList --swift-const-vals-list /var/folders/g2/4t2t7ssj3n3_v2xrl935g8sh0000gn/T/flo-derived.tr2gd7/Build/Intermediates.noindex/flo.build/Debug-watchsimulator/flo\ Watch\ Watch\ App.build/Objects-normal/arm64/flo\ Watch\ Watch\ App.SwiftConstValuesFileList --swift-const-vals-list /var/folders/g2/4t2t7ssj3n3_v2xrl935g8sh0000gn/T/flo-derived.tr2gd7/Build/Intermediates.noindex/flo.build/Debug-watchsimulator/flo\ Watch\ Watch\ App.build/Objects-normal/x86_64/flo\ Watch\ Watch\ App.SwiftConstValuesFileList --compile-time-extraction --deployment-aware-processing --validate-assistant-intents --no-app-shortcuts-localization
2026-10-06 02:34:35.238 appintentsmetadataprocessor[48584:709628] Starting appintentsmetadataprocessor export
2026-10-06 02:34:35.244 appintentsmetadataprocessor[48584:709628] warning: Metadata extraction skipped. No AppIntents.framework dependency found.

RegisterExecutionPolicyException /var/folders/g2/4t2t7ssj3n3_v2xrl935g8sh0000gn/T/flo-derived.tr2gd7/Build/Products/Debug-watchsimulator/flo\ Watch\ Watch\ App.app (in target 'flo Watch Watch App' from project 'flo')
    cd /tmp/flo-empty
    builtin-RegisterExecutionPolicyException /var/folders/g2/4t2t7ssj3n3_v2xrl935g8sh0000gn/T/flo-derived.tr2gd7/Build/Products/Debug-watchsimulator/flo\ Watch\ Watch\ App.app

Validate /var/folders/g2/4t2t7ssj3n3_v2xrl935g8sh0000gn/T/flo-derived.tr2gd7/Build/Products/Debug-watchsimulator/flo\ Watch\ Watch\ App.app (in target 'flo Watch Watch App' from project 'flo')
    cd /tmp/flo-empty
    builtin-validationUtility /var/folders/g2/4t2t7ssj3n3_v2xrl935g8sh0000gn/T/flo-derived.tr2gd7/Build/Products/Debug-watchsimulator/flo\ Watch\ Watch\ App.app -shallow-bundle -infoplist-subpath Info.plist

Touch /var/folders/g2/4t2t7ssj3n3_v2xrl935g8sh0000gn/T/flo-derived.tr2gd7/Build/Products/Debug-watchsimulator/flo\ Watch\ Watch\ App.app (in target 'flo Watch Watch App' from project 'flo')
    cd /tmp/flo-empty
    /usr/bin/touch -c /var/folders/g2/4t2t7ssj3n3_v2xrl935g8sh0000gn/T/flo-derived.tr2gd7/Build/Products/Debug-watchsimulator/flo\ Watch\ Watch\ App.app

SwiftDriverJobDiscovery normal x86_64 Compiling AssetType.swift, ImageDecoderRegistry.swift, ImageDecoders+Default.swift, ImageDecoders+Empty.swift, ImageDecoding.swift (in target 'Nuke' from project 'Nuke')

SwiftDriverJobDiscovery normal x86_64 Compiling LoggerStore+Entities.swift, LoggerStore+Event.swift, LoggerStore+Info.swift (in target 'Pulse' from project 'Pulse')

SwiftDriverJobDiscovery normal x86_64 Compiling Log.swift, Operation.swift, RateLimiter.swift, ResumableData.swift, DataLoader.swift (in target 'Nuke' from project 'Nuke')

SwiftDriver\ Compilation Nuke normal x86_64 com.apple.xcode.tools.swift.compiler (in target 'Nuke' from project 'Nuke')
    cd /tmp/flo-empty/flo.xcodeproj
    builtin-Swift-Compilation -- /Applications/Xcode.app/Contents/Developer/Toolchains/XcodeDefault.xctoolchain/usr/bin/swiftc -module-name Nuke -Onone @/var/folders/g2/4t2t7ssj3n3_v2xrl935g8sh0000gn/T/flo-derived.tr2gd7/Build/Intermediates.noindex/Nuke.build/Debug-iphonesimulator/Nuke.build/Objects-normal/x86_64/Nuke.SwiftFileList -DSWIFT_PACKAGE -DDEBUG -DSWIFT_MODULE_RESOURCE_BUNDLE_UNAVAILABLE -DXcode -plugin-path /Applications/Xcode.app/Contents/Developer/Toolchains/XcodeDefault.xctoolchain/usr/lib/swift/host/plugins/testing -enable-experimental-feature DebugDescriptionMacro -sdk /Applications/Xcode.app/Contents/Developer/Platforms/iPhoneSimulator.platform/Developer/SDKs/iPhoneSimulator26.4.sdk -target x86_64-apple-ios13.0-simulator -g -module-cache-path /var/folders/g2/4t2t7ssj3n3_v2xrl935g8sh0000gn/T/flo-derived.tr2gd7/ModuleCache.noindex -Xfrontend -serialize-debugging-options -enable-testing -suppress-warnings -index-store-path /var/folders/g2/4t2t7ssj3n3_v2xrl935g8sh0000gn/T/flo-derived.tr2gd7/Index.noindex/DataStore -Xcc -D_LIBCPP_HARDENING_MODE\=_LIBCPP_HARDENING_MODE_DEBUG -swift-version 5 -I /var/folders/g2/4t2t7ssj3n3_v2xrl935g8sh0000gn/T/flo-derived.tr2gd7/Build/Products/Debug-iphonesimulator -Isystem /Applications/Xcode.app/Contents/Developer/Platforms/iPhoneSimulator.platform/Developer/usr/lib -F /var/folders/g2/4t2t7ssj3n3_v2xrl935g8sh0000gn/T/flo-derived.tr2gd7/Build/Products/Debug-iphonesimulator -F /Applications/Xcode.app/Contents/Developer/Platforms/iPhoneSimulator.platform/Developer/Library/Frameworks -F /Applications/Xcode.app/Contents/Developer/Platforms/iPhoneSimulator.platform/Developer/SDKs/iPhoneSimulator26.4.sdk/Developer/Library/Frameworks -c -j12 -enable-batch-mode -incremental -Xcc -ivfsstatcache -Xcc /var/folders/g2/4t2t7ssj3n3_v2xrl935g8sh0000gn/T/flo-derived.tr2gd7/SDKStatCaches.noindex/iphonesimulator26.4-23E237-686eebb5dc1d8ecb277353a59184f4aa.sdkstatcache -output-file-map /var/folders/g2/4t2t7ssj3n3_v2xrl935g8sh0000gn/T/flo-derived.tr2gd7/Build/Intermediates.noindex/Nuke.build/Debug-iphonesimulator/Nuke.build/Objects-normal/x86_64/Nuke-OutputFileMap.json -use-frontend-parseable-output -save-temps -no-color-diagnostics -explicit-module-build -module-cache-path /var/folders/g2/4t2t7ssj3n3_v2xrl935g8sh0000gn/T/flo-derived.tr2gd7/Build/Intermediates.noindex/SwiftExplicitPrecompiledModules -clang-scanner-module-cache-path /var/folders/g2/4t2t7ssj3n3_v2xrl935g8sh0000gn/T/flo-derived.tr2gd7/ModuleCache.noindex -sdk-module-cache-path /var/folders/g2/4t2t7ssj3n3_v2xrl935g8sh0000gn/T/flo-derived.tr2gd7/ModuleCache.noindex -serialize-diagnostics -emit-dependencies -emit-module -emit-module-path /var/folders/g2/4t2t7ssj3n3_v2xrl935g8sh0000gn/T/flo-derived.tr2gd7/Build/Intermediates.noindex/Nuke.build/Debug-iphonesimulator/Nuke.build/Objects-normal/x86_64/Nuke.swiftmodule -validate-clang-modules-once -clang-build-session-file /var/folders/g2/4t2t7ssj3n3_v2xrl935g8sh0000gn/T/flo-derived.tr2gd7/ModuleCache.noindex/Session.modulevalidation -package-name nuke -Xcc -I/var/folders/g2/4t2t7ssj3n3_v2xrl935g8sh0000gn/T/flo-derived.tr2gd7/Build/Intermediates.noindex/Nuke.build/Debug-iphonesimulator/Nuke.build/swift-overrides.hmap -emit-const-values -Xfrontend -const-gather-protocols-file -Xfrontend /var/folders/g2/4t2t7ssj3n3_v2xrl935g8sh0000gn/T/flo-derived.tr2gd7/Build/Intermediates.noindex/Nuke.build/Debug-iphonesimulator/Nuke.build/Objects-normal/x86_64/Nuke_const_extract_protocols.json -Xcc -I/var/folders/g2/4t2t7ssj3n3_v2xrl935g8sh0000gn/T/flo-derived.tr2gd7/Build/Products/Debug-iphonesimulator/include -Xcc -I/var/folders/g2/4t2t7ssj3n3_v2xrl935g8sh0000gn/T/flo-derived.tr2gd7/Build/Intermediates.noindex/Nuke.build/Debug-iphonesimulator/Nuke.build/DerivedSources-normal/x86_64 -Xcc -I/var/folders/g2/4t2t7ssj3n3_v2xrl935g8sh0000gn/T/flo-derived.tr2gd7/Build/Intermediates.noindex/Nuke.build/Debug-iphonesimulator/Nuke.build/DerivedSources/x86_64 -Xcc -I/var/folders/g2/4t2t7ssj3n3_v2xrl935g8sh0000gn/T/flo-derived.tr2gd7/Build/Intermediates.noindex/Nuke.build/Debug-iphonesimulator/Nuke.build/DerivedSources -Xcc -DSWIFT_PACKAGE -Xcc -DDEBUG\=1 -emit-objc-header -emit-objc-header-path /var/folders/g2/4t2t7ssj3n3_v2xrl935g8sh0000gn/T/flo-derived.tr2gd7/Build/Intermediates.noindex/Nuke.build/Debug-iphonesimulator/Nuke.build/Objects-normal/x86_64/Nuke-Swift.h -working-directory /tmp/flo-empty/flo.xcodeproj -experimental-emit-module-separately -disable-cmo

Ld /var/folders/g2/4t2t7ssj3n3_v2xrl935g8sh0000gn/T/flo-derived.tr2gd7/Build/Products/Debug-iphonesimulator/Nuke.o normal (in target 'Nuke' from project 'Nuke')
    cd /var/folders/g2/4t2t7ssj3n3_v2xrl935g8sh0000gn/T/flo-derived.tr2gd7/SourcePackages/checkouts/Nuke
    /Applications/Xcode.app/Contents/Developer/Toolchains/XcodeDefault.xctoolchain/usr/bin/clang -Xlinker -reproducible -target x86_64-apple-ios13.0-simulator -r -isysroot /Applications/Xcode.app/Contents/Developer/Platforms/iPhoneSimulator.platform/Developer/SDKs/iPhoneSimulator26.4.sdk -O0 -w -F/var/folders/g2/4t2t7ssj3n3_v2xrl935g8sh0000gn/T/flo-derived.tr2gd7/Build/Intermediates.noindex/EagerLinkingTBDs/Debug-iphonesimulator -F/var/folders/g2/4t2t7ssj3n3_v2xrl935g8sh0000gn/T/flo-derived.tr2gd7/Build/Products/Debug-iphonesimulator -iframework /Applications/Xcode.app/Contents/Developer/Platforms/iPhoneSimulator.platform/Developer/Library/Frameworks -iframework /Applications/Xcode.app/Contents/Developer/Platforms/iPhoneSimulator.platform/Developer/SDKs/iPhoneSimulator26.4.sdk/Developer/Library/Frameworks -filelist /var/folders/g2/4t2t7ssj3n3_v2xrl935g8sh0000gn/T/flo-derived.tr2gd7/Build/Intermediates.noindex/Nuke.build/Debug-iphonesimulator/Nuke.build/Objects-normal/x86_64/Nuke.LinkFileList -nostdlib -Xlinker -object_path_lto -Xlinker /var/folders/g2/4t2t7ssj3n3_v2xrl935g8sh0000gn/T/flo-derived.tr2gd7/Build/Intermediates.noindex/Nuke.build/Debug-iphonesimulator/Nuke.build/Objects-normal/x86_64/Nuke_lto.o -Xlinker -no_deduplicate -Xlinker -objc_abi_version -Xlinker 2 -Xlinker -dependency_info -Xlinker /var/folders/g2/4t2t7ssj3n3_v2xrl935g8sh0000gn/T/flo-derived.tr2gd7/Build/Intermediates.noindex/Nuke.build/Debug-iphonesimulator/Nuke.build/Objects-normal/x86_64/Nuke_dependency_info.dat -fobjc-link-runtime -L/Applications/Xcode.app/Contents/Developer/Toolchains/XcodeDefault.xctoolchain/usr/lib/swift/iphonesimulator -L/usr/lib/swift -Xlinker -add_ast_path -Xlinker /var/folders/g2/4t2t7ssj3n3_v2xrl935g8sh0000gn/T/flo-derived.tr2gd7/Build/Intermediates.noindex/Nuke.build/Debug-iphonesimulator/Nuke.build/Objects-normal/x86_64/Nuke.swiftmodule @/var/folders/g2/4t2t7ssj3n3_v2xrl935g8sh0000gn/T/flo-derived.tr2gd7/Build/Intermediates.noindex/Nuke.build/Debug-iphonesimulator/Nuke.build/Objects-normal/x86_64/Nuke-linker-args.resp -o /var/folders/g2/4t2t7ssj3n3_v2xrl935g8sh0000gn/T/flo-derived.tr2gd7/Build/Products/Debug-iphonesimulator/Nuke.o

ExtractAppIntentsMetadata (in target 'Nuke' from project 'Nuke')
    cd /var/folders/g2/4t2t7ssj3n3_v2xrl935g8sh0000gn/T/flo-derived.tr2gd7/SourcePackages/checkouts/Nuke
    /Applications/Xcode.app/Contents/Developer/Toolchains/XcodeDefault.xctoolchain/usr/bin/appintentsmetadataprocessor --toolchain-dir /Applications/Xcode.app/Contents/Developer/Toolchains/XcodeDefault.xctoolchain --module-name Nuke --sdk-root /Applications/Xcode.app/Contents/Developer/Platforms/iPhoneSimulator.platform/Developer/SDKs/iPhoneSimulator26.4.sdk --xcode-version 17E192 --platform-family iOS --deployment-target 13.0 --bundle-identifier nuke.Nuke --output /var/folders/g2/4t2t7ssj3n3_v2xrl935g8sh0000gn/T/flo-derived.tr2gd7/Build/Products/Debug-iphonesimulator/Nuke.appintents --target-triple x86_64-apple-ios13.0-simulator --binary-file /var/folders/g2/4t2t7ssj3n3_v2xrl935g8sh0000gn/T/flo-derived.tr2gd7/Build/Products/Debug-iphonesimulator/Nuke.o --dependency-file /var/folders/g2/4t2t7ssj3n3_v2xrl935g8sh0000gn/T/flo-derived.tr2gd7/Build/Intermediates.noindex/Nuke.build/Debug-iphonesimulator/Nuke.build/Objects-normal/x86_64/Nuke_dependency_info.dat --stringsdata-file /var/folders/g2/4t2t7ssj3n3_v2xrl935g8sh0000gn/T/flo-derived.tr2gd7/Build/Intermediates.noindex/Nuke.build/Debug-iphonesimulator/Nuke.build/Objects-normal/x86_64/ExtractedAppShortcutsMetadata.stringsdata --source-file-list /var/folders/g2/4t2t7ssj3n3_v2xrl935g8sh0000gn/T/flo-derived.tr2gd7/Build/Intermediates.noindex/Nuke.build/Debug-iphonesimulator/Nuke.build/Objects-normal/x86_64/Nuke.SwiftFileList --metadata-file-list /var/folders/g2/4t2t7ssj3n3_v2xrl935g8sh0000gn/T/flo-derived.tr2gd7/Build/Intermediates.noindex/Nuke.build/Debug-iphonesimulator/Nuke.build/Nuke.DependencyMetadataFileList --static-metadata-file-list /var/folders/g2/4t2t7ssj3n3_v2xrl935g8sh0000gn/T/flo-derived.tr2gd7/Build/Intermediates.noindex/Nuke.build/Debug-iphonesimulator/Nuke.build/Nuke.DependencyStaticMetadataFileList --swift-const-vals-list /var/folders/g2/4t2t7ssj3n3_v2xrl935g8sh0000gn/T/flo-derived.tr2gd7/Build/Intermediates.noindex/Nuke.build/Debug-iphonesimulator/Nuke.build/Objects-normal/x86_64/Nuke.SwiftConstValuesFileList --force --compile-time-extraction --deployment-aware-processing --validate-assistant-intents --no-app-shortcuts-localization
2026-10-06 02:34:35.712 appintentsmetadataprocessor[48588:709671] Starting appintentsmetadataprocessor export
2026-10-06 02:34:35.731 appintentsmetadataprocessor[48588:709671] Extracted no relevant App Intents symbols, skipping writing output

RegisterExecutionPolicyException /var/folders/g2/4t2t7ssj3n3_v2xrl935g8sh0000gn/T/flo-derived.tr2gd7/Build/Products/Debug-iphonesimulator/Nuke.o (in target 'Nuke' from project 'Nuke')
    cd /var/folders/g2/4t2t7ssj3n3_v2xrl935g8sh0000gn/T/flo-derived.tr2gd7/SourcePackages/checkouts/Nuke
    builtin-RegisterExecutionPolicyException /var/folders/g2/4t2t7ssj3n3_v2xrl935g8sh0000gn/T/flo-derived.tr2gd7/Build/Products/Debug-iphonesimulator/Nuke.o

SwiftCompile normal x86_64 Compiling\ Internal.swift /var/folders/g2/4t2t7ssj3n3_v2xrl935g8sh0000gn/T/flo-derived.tr2gd7/SourcePackages/checkouts/Nuke/Sources/NukeUI/Internal.swift (in target 'NukeUI' from project 'Nuke')

SwiftCompile normal x86_64 /var/folders/g2/4t2t7ssj3n3_v2xrl935g8sh0000gn/T/flo-derived.tr2gd7/SourcePackages/checkouts/Nuke/Sources/NukeUI/Internal.swift (in target 'NukeUI' from project 'Nuke')
    cd /tmp/flo-empty/flo.xcodeproj
    

SwiftCompile normal x86_64 Compiling\ LazyImageState.swift /var/folders/g2/4t2t7ssj3n3_v2xrl935g8sh0000gn/T/flo-derived.tr2gd7/SourcePackages/checkouts/Nuke/Sources/NukeUI/LazyImageState.swift (in target 'NukeUI' from project 'Nuke')

SwiftCompile normal x86_64 /var/folders/g2/4t2t7ssj3n3_v2xrl935g8sh0000gn/T/flo-derived.tr2gd7/SourcePackages/checkouts/Nuke/Sources/NukeUI/LazyImageState.swift (in target 'NukeUI' from project 'Nuke')
    cd /tmp/flo-empty/flo.xcodeproj
    

SwiftCompile normal x86_64 Compiling\ FetchImage.swift /var/folders/g2/4t2t7ssj3n3_v2xrl935g8sh0000gn/T/flo-derived.tr2gd7/SourcePackages/checkouts/Nuke/Sources/NukeUI/FetchImage.swift (in target 'NukeUI' from project 'Nuke')
SwiftCompile normal x86_64 /var/folders/g2/4t2t7ssj3n3_v2xrl935g8sh0000gn/T/flo-derived.tr2gd7/SourcePackages/checkouts/Nuke/Sources/NukeUI/FetchImage.swift (in target 'NukeUI' from project 'Nuke')
    cd /tmp/flo-empty/flo.xcodeproj
    

SwiftCompile normal x86_64 Compiling\ LazyImage.swift /var/folders/g2/4t2t7ssj3n3_v2xrl935g8sh0000gn/T/flo-derived.tr2gd7/SourcePackages/checkouts/Nuke/Sources/NukeUI/LazyImage.swift (in target 'NukeUI' from project 'Nuke')
SwiftCompile normal x86_64 /var/folders/g2/4t2t7ssj3n3_v2xrl935g8sh0000gn/T/flo-derived.tr2gd7/SourcePackages/checkouts/Nuke/Sources/NukeUI/LazyImage.swift (in target 'NukeUI' from project 'Nuke')
    cd /tmp/flo-empty/flo.xcodeproj
    

SwiftEmitModule normal x86_64 Emitting\ module\ for\ NukeUI (in target 'NukeUI' from project 'Nuke')

EmitSwiftModule normal x86_64 (in target 'NukeUI' from project 'Nuke')
    cd /tmp/flo-empty/flo.xcodeproj
    

SwiftCompile normal x86_64 Compiling\ LazyImageView.swift /var/folders/g2/4t2t7ssj3n3_v2xrl935g8sh0000gn/T/flo-derived.tr2gd7/SourcePackages/checkouts/Nuke/Sources/NukeUI/LazyImageView.swift (in target 'NukeUI' from project 'Nuke')

SwiftCompile normal x86_64 /var/folders/g2/4t2t7ssj3n3_v2xrl935g8sh0000gn/T/flo-derived.tr2gd7/SourcePackages/checkouts/Nuke/Sources/NukeUI/LazyImageView.swift (in target 'NukeUI' from project 'Nuke')
    cd /tmp/flo-empty/flo.xcodeproj
    

SwiftExplicitDependencyGeneratePcm x86_64 /var/folders/g2/4t2t7ssj3n3_v2xrl935g8sh0000gn/T/flo-derived.tr2gd7/ModuleCache.noindex/WebKit-Z76V9WF9TLHQ0P5BMXWCHD0O.pcm

SwiftExplicitDependencyGeneratePcm x86_64 /var/folders/g2/4t2t7ssj3n3_v2xrl935g8sh0000gn/T/flo-derived.tr2gd7/ModuleCache.noindex/WatchConnectivity-CNO0TZGK1CETYW8P7XEDUYB37.pcm

SwiftExplicitDependencyGeneratePcm x86_64 /var/folders/g2/4t2t7ssj3n3_v2xrl935g8sh0000gn/T/flo-derived.tr2gd7/ModuleCache.noindex/PDFKit-7NFHYGJRTKN3RHTT8ZJVFGZ9U.pcm

SwiftDriverJobDiscovery normal x86_64 Compiling LazyImageState.swift (in target 'NukeUI' from project 'Nuke')

SwiftCompile normal x86_64 Compiling\ TextRenderer.swift,\ TextRendererHTML.swift,\ TextRendererJSON.swift,\ TextUtilities.swift,\ UIKit+Extensions.swift,\ UXKit.swift,\ UserSettings.swift,\ MockStore.swift,\ MockTask.swift,\ Checkbox.swift,\ ContextMenus.swift /var/folders/g2/4t2t7ssj3n3_v2xrl935g8sh0000gn/T/flo-derived.tr2gd7/SourcePackages/checkouts/Pulse/Sources/PulseUI/Helpers/TextRenderer.swift /var/folders/g2/4t2t7ssj3n3_v2xrl935g8sh0000gn/T/flo-derived.tr2gd7/SourcePackages/checkouts/Pulse/Sources/PulseUI/Helpers/TextRendererHTML.swift /var/folders/g2/4t2t7ssj3n3_v2xrl935g8sh0000gn/T/flo-derived.tr2gd7/SourcePackages/checkouts/Pulse/Sources/PulseUI/Helpers/TextRendererJSON.swift /var/folders/g2/4t2t7ssj3n3_v2xrl935g8sh0000gn/T/flo-derived.tr2gd7/SourcePackages/checkouts/Pulse/Sources/PulseUI/Helpers/TextUtilities.swift /var/folders/g2/4t2t7ssj3n3_v2xrl935g8sh0000gn/T/flo-derived.tr2gd7/SourcePackages/checkouts/Pulse/Sources/PulseUI/Helpers/UIKit+Extensions.swift /var/folders/g2/4t2t7ssj3n3_v2xrl935g8sh0000gn/T/flo-derived.tr2gd7/SourcePackages/checkouts/Pulse/Sources/PulseUI/Helpers/UXKit.swift /var/folders/g2/4t2t7ssj3n3_v2xrl935g8sh0000gn/T/flo-derived.tr2gd7/SourcePackages/checkouts/Pulse/Sources/PulseUI/Helpers/UserSettings.swift /var/folders/g2/4t2t7ssj3n3_v2xrl935g8sh0000gn/T/flo-derived.tr2gd7/SourcePackages/checkouts/Pulse/Sources/PulseUI/Mocks/MockStore.swift /var/folders/g2/4t2t7ssj3n3_v2xrl935g8sh0000gn/T/flo-derived.tr2gd7/SourcePackages/checkouts/Pulse/Sources/PulseUI/Mocks/MockTask.swift /var/folders/g2/4t2t7ssj3n3_v2xrl935g8sh0000gn/T/flo-derived.tr2gd7/SourcePackages/checkouts/Pulse/Sources/PulseUI/Views/Checkbox.swift /var/folders/g2/4t2t7ssj3n3_v2xrl935g8sh0000gn/T/flo-derived.tr2gd7/SourcePackages/checkouts/Pulse/Sources/PulseUI/Views/ContextMenus.swift (in target 'PulseUI' from project 'Pulse')
SwiftCompile normal x86_64 /var/folders/g2/4t2t7ssj3n3_v2xrl935g8sh0000gn/T/flo-derived.tr2gd7/SourcePackages/checkouts/Pulse/Sources/PulseUI/Helpers/TextRenderer.swift (in target 'PulseUI' from project 'Pulse')
    cd /tmp/flo-empty/flo.xcodeproj
    

SwiftCompile normal x86_64 /var/folders/g2/4t2t7ssj3n3_v2xrl935g8sh0000gn/T/flo-derived.tr2gd7/SourcePackages/checkouts/Pulse/Sources/PulseUI/Helpers/TextRendererHTML.swift (in target 'PulseUI' from project 'Pulse')
    cd /tmp/flo-empty/flo.xcodeproj
    

SwiftCompile normal x86_64 /var/folders/g2/4t2t7ssj3n3_v2xrl935g8sh0000gn/T/flo-derived.tr2gd7/SourcePackages/checkouts/Pulse/Sources/PulseUI/Helpers/TextRendererJSON.swift (in target 'PulseUI' from project 'Pulse')
    cd /tmp/flo-empty/flo.xcodeproj
    

SwiftCompile normal x86_64 /var/folders/g2/4t2t7ssj3n3_v2xrl935g8sh0000gn/T/flo-derived.tr2gd7/SourcePackages/checkouts/Pulse/Sources/PulseUI/Helpers/TextUtilities.swift (in target 'PulseUI' from project 'Pulse')
    cd /tmp/flo-empty/flo.xcodeproj
    

SwiftCompile normal x86_64 /var/folders/g2/4t2t7ssj3n3_v2xrl935g8sh0000gn/T/flo-derived.tr2gd7/SourcePackages/checkouts/Pulse/Sources/PulseUI/Helpers/UIKit+Extensions.swift (in target 'PulseUI' from project 'Pulse')
    cd /tmp/flo-empty/flo.xcodeproj
    

SwiftCompile normal x86_64 /var/folders/g2/4t2t7ssj3n3_v2xrl935g8sh0000gn/T/flo-derived.tr2gd7/SourcePackages/checkouts/Pulse/Sources/PulseUI/Helpers/UXKit.swift (in target 'PulseUI' from project 'Pulse')
    cd /tmp/flo-empty/flo.xcodeproj
    

SwiftCompile normal x86_64 /var/folders/g2/4t2t7ssj3n3_v2xrl935g8sh0000gn/T/flo-derived.tr2gd7/SourcePackages/checkouts/Pulse/Sources/PulseUI/Helpers/UserSettings.swift (in target 'PulseUI' from project 'Pulse')
    cd /tmp/flo-empty/flo.xcodeproj
    

SwiftCompile normal x86_64 /var/folders/g2/4t2t7ssj3n3_v2xrl935g8sh0000gn/T/flo-derived.tr2gd7/SourcePackages/checkouts/Pulse/Sources/PulseUI/Mocks/MockStore.swift (in target 'PulseUI' from project 'Pulse')
    cd /tmp/flo-empty/flo.xcodeproj
    

SwiftCompile normal x86_64 /var/folders/g2/4t2t7ssj3n3_v2xrl935g8sh0000gn/T/flo-derived.tr2gd7/SourcePackages/checkouts/Pulse/Sources/PulseUI/Mocks/MockTask.swift (in target 'PulseUI' from project 'Pulse')
    cd /tmp/flo-empty/flo.xcodeproj
    

SwiftCompile normal x86_64 /var/folders/g2/4t2t7ssj3n3_v2xrl935g8sh0000gn/T/flo-derived.tr2gd7/SourcePackages/checkouts/Pulse/Sources/PulseUI/Views/Checkbox.swift (in target 'PulseUI' from project 'Pulse')
    cd /tmp/flo-empty/flo.xcodeproj
    

SwiftCompile normal x86_64 /var/folders/g2/4t2t7ssj3n3_v2xrl935g8sh0000gn/T/flo-derived.tr2gd7/SourcePackages/checkouts/Pulse/Sources/PulseUI/Views/ContextMenus.swift (in target 'PulseUI' from project 'Pulse')
    cd /tmp/flo-empty/flo.xcodeproj
    

SwiftEmitModule normal x86_64 Emitting\ module\ for\ PulseUI (in target 'PulseUI' from project 'Pulse')

EmitSwiftModule normal x86_64 (in target 'PulseUI' from project 'Pulse')
    cd /tmp/flo-empty/flo.xcodeproj
    

SwiftCompile normal x86_64 Compiling\ Formatters.swift,\ HARDocument.swift,\ LoggerStoreIndex.swift,\ ManagedObjectsCountObserver.swift,\ ManagedObjectsObserver.swift,\ Regex.swift,\ ShareItems.swift,\ ShareStoreTask.swift,\ StatusLabelViewModel.swift,\ StringSearchOptions.swift,\ TextHelper.swift /var/folders/g2/4t2t7ssj3n3_v2xrl935g8sh0000gn/T/flo-derived.tr2gd7/SourcePackages/checkouts/Pulse/Sources/PulseUI/Helpers/Formatters.swift /var/folders/g2/4t2t7ssj3n3_v2xrl935g8sh0000gn/T/flo-derived.tr2gd7/SourcePackages/checkouts/Pulse/Sources/PulseUI/Helpers/HARDocument.swift /var/folders/g2/4t2t7ssj3n3_v2xrl935g8sh0000gn/T/flo-derived.tr2gd7/SourcePackages/checkouts/Pulse/Sources/PulseUI/Helpers/LoggerStoreIndex.swift /var/folders/g2/4t2t7ssj3n3_v2xrl935g8sh0000gn/T/flo-derived.tr2gd7/SourcePackages/checkouts/Pulse/Sources/PulseUI/Helpers/ManagedObjectsCountObserver.swift /var/folders/g2/4t2t7ssj3n3_v2xrl935g8sh0000gn/T/flo-derived.tr2gd7/SourcePackages/checkouts/Pulse/Sources/PulseUI/Helpers/ManagedObjectsObserver.swift /var/folders/g2/4t2t7ssj3n3_v2xrl935g8sh0000gn/T/flo-derived.tr2gd7/SourcePackages/checkouts/Pulse/Sources/PulseUI/Helpers/Regex.swift /var/folders/g2/4t2t7ssj3n3_v2xrl935g8sh0000gn/T/flo-derived.tr2gd7/SourcePackages/checkouts/Pulse/Sources/PulseUI/Helpers/ShareItems.swift /var/folders/g2/4t2t7ssj3n3_v2xrl935g8sh0000gn/T/flo-derived.tr2gd7/SourcePackages/checkouts/Pulse/Sources/PulseUI/Helpers/ShareStoreTask.swift /var/folders/g2/4t2t7ssj3n3_v2xrl935g8sh0000gn/T/flo-derived.tr2gd7/SourcePackages/checkouts/Pulse/Sources/PulseUI/Helpers/StatusLabelViewModel.swift /var/folders/g2/4t2t7ssj3n3_v2xrl935g8sh0000gn/T/flo-derived.tr2gd7/SourcePackages/checkouts/Pulse/Sources/PulseUI/Helpers/StringSearchOptions.swift /var/folders/g2/4t2t7ssj3n3_v2xrl935g8sh0000gn/T/flo-derived.tr2gd7/SourcePackages/checkouts/Pulse/Sources/PulseUI/Helpers/TextHelper.swift (in target 'PulseUI' from project 'Pulse')

SwiftCompile normal x86_64 /var/folders/g2/4t2t7ssj3n3_v2xrl935g8sh0000gn/T/flo-derived.tr2gd7/SourcePackages/checkouts/Pulse/Sources/PulseUI/Helpers/Formatters.swift (in target 'PulseUI' from project 'Pulse')
    cd /tmp/flo-empty/flo.xcodeproj
    

SwiftCompile normal x86_64 /var/folders/g2/4t2t7ssj3n3_v2xrl935g8sh0000gn/T/flo-derived.tr2gd7/SourcePackages/checkouts/Pulse/Sources/PulseUI/Helpers/HARDocument.swift (in target 'PulseUI' from project 'Pulse')
    cd /tmp/flo-empty/flo.xcodeproj
    

SwiftCompile normal x86_64 /var/folders/g2/4t2t7ssj3n3_v2xrl935g8sh0000gn/T/flo-derived.tr2gd7/SourcePackages/checkouts/Pulse/Sources/PulseUI/Helpers/LoggerStoreIndex.swift (in target 'PulseUI' from project 'Pulse')
    cd /tmp/flo-empty/flo.xcodeproj
    

SwiftCompile normal x86_64 /var/folders/g2/4t2t7ssj3n3_v2xrl935g8sh0000gn/T/flo-derived.tr2gd7/SourcePackages/checkouts/Pulse/Sources/PulseUI/Helpers/ManagedObjectsCountObserver.swift (in target 'PulseUI' from project 'Pulse')
    cd /tmp/flo-empty/flo.xcodeproj
    

SwiftCompile normal x86_64 /var/folders/g2/4t2t7ssj3n3_v2xrl935g8sh0000gn/T/flo-derived.tr2gd7/SourcePackages/checkouts/Pulse/Sources/PulseUI/Helpers/ManagedObjectsObserver.swift (in target 'PulseUI' from project 'Pulse')
    cd /tmp/flo-empty/flo.xcodeproj
    

SwiftCompile normal x86_64 /var/folders/g2/4t2t7ssj3n3_v2xrl935g8sh0000gn/T/flo-derived.tr2gd7/SourcePackages/checkouts/Pulse/Sources/PulseUI/Helpers/Regex.swift (in target 'PulseUI' from project 'Pulse')
    cd /tmp/flo-empty/flo.xcodeproj
    

SwiftCompile normal x86_64 /var/folders/g2/4t2t7ssj3n3_v2xrl935g8sh0000gn/T/flo-derived.tr2gd7/SourcePackages/checkouts/Pulse/Sources/PulseUI/Helpers/ShareItems.swift (in target 'PulseUI' from project 'Pulse')
    cd /tmp/flo-empty/flo.xcodeproj
    

SwiftCompile normal x86_64 /var/folders/g2/4t2t7ssj3n3_v2xrl935g8sh0000gn/T/flo-derived.tr2gd7/SourcePackages/checkouts/Pulse/Sources/PulseUI/Helpers/ShareStoreTask.swift (in target 'PulseUI' from project 'Pulse')
    cd /tmp/flo-empty/flo.xcodeproj
    

SwiftCompile normal x86_64 /var/folders/g2/4t2t7ssj3n3_v2xrl935g8sh0000gn/T/flo-derived.tr2gd7/SourcePackages/checkouts/Pulse/Sources/PulseUI/Helpers/StatusLabelViewModel.swift (in target 'PulseUI' from project 'Pulse')
    cd /tmp/flo-empty/flo.xcodeproj
    

SwiftCompile normal x86_64 /var/folders/g2/4t2t7ssj3n3_v2xrl935g8sh0000gn/T/flo-derived.tr2gd7/SourcePackages/checkouts/Pulse/Sources/PulseUI/Helpers/StringSearchOptions.swift (in target 'PulseUI' from project 'Pulse')
    cd /tmp/flo-empty/flo.xcodeproj
    

SwiftCompile normal x86_64 /var/folders/g2/4t2t7ssj3n3_v2xrl935g8sh0000gn/T/flo-derived.tr2gd7/SourcePackages/checkouts/Pulse/Sources/PulseUI/Helpers/TextHelper.swift (in target 'PulseUI' from project 'Pulse')
    cd /tmp/flo-empty/flo.xcodeproj
    

SwiftCompile normal x86_64 Compiling\ PlaceholderView.swift,\ PulseUI+UIKit.swift,\ SectionHeaderView.swift,\ ShareStoreView.swift,\ ShareStoreViewModel.swift,\ ShareView.swift,\ SpinnerView.swift,\ TextView.swift,\ TimingView.swift,\ WebView.swift /var/folders/g2/4t2t7ssj3n3_v2xrl935g8sh0000gn/T/flo-derived.tr2gd7/SourcePackages/checkouts/Pulse/Sources/PulseUI/Views/PlaceholderView.swift /var/folders/g2/4t2t7ssj3n3_v2xrl935g8sh0000gn/T/flo-derived.tr2gd7/SourcePackages/checkouts/Pulse/Sources/PulseUI/Views/PulseUI+UIKit.swift /var/folders/g2/4t2t7ssj3n3_v2xrl935g8sh0000gn/T/flo-derived.tr2gd7/SourcePackages/checkouts/Pulse/Sources/PulseUI/Views/SectionHeaderView.swift /var/folders/g2/4t2t7ssj3n3_v2xrl935g8sh0000gn/T/flo-derived.tr2gd7/SourcePackages/checkouts/Pulse/Sources/PulseUI/Views/ShareStoreView.swift /var/folders/g2/4t2t7ssj3n3_v2xrl935g8sh0000gn/T/flo-derived.tr2gd7/SourcePackages/checkouts/Pulse/Sources/PulseUI/Views/ShareStoreViewModel.swift /var/folders/g2/4t2t7ssj3n3_v2xrl935g8sh0000gn/T/flo-derived.tr2gd7/SourcePackages/checkouts/Pulse/Sources/PulseUI/Views/ShareView.swift /var/folders/g2/4t2t7ssj3n3_v2xrl935g8sh0000gn/T/flo-derived.tr2gd7/SourcePackages/checkouts/Pulse/Sources/PulseUI/Views/SpinnerView.swift /var/folders/g2/4t2t7ssj3n3_v2xrl935g8sh0000gn/T/flo-derived.tr2gd7/SourcePackages/checkouts/Pulse/Sources/PulseUI/Views/TextView.swift /var/folders/g2/4t2t7ssj3n3_v2xrl935g8sh0000gn/T/flo-derived.tr2gd7/SourcePackages/checkouts/Pulse/Sources/PulseUI/Views/TimingView.swift /var/folders/g2/4t2t7ssj3n3_v2xrl935g8sh0000gn/T/flo-derived.tr2gd7/SourcePackages/checkouts/Pulse/Sources/PulseUI/Views/WebView.swift (in target 'PulseUI' from project 'Pulse')

SwiftCompile normal x86_64 /var/folders/g2/4t2t7ssj3n3_v2xrl935g8sh0000gn/T/flo-derived.tr2gd7/SourcePackages/checkouts/Pulse/Sources/PulseUI/Views/PlaceholderView.swift (in target 'PulseUI' from project 'Pulse')
    cd /tmp/flo-empty/flo.xcodeproj
    

SwiftCompile normal x86_64 /var/folders/g2/4t2t7ssj3n3_v2xrl935g8sh0000gn/T/flo-derived.tr2gd7/SourcePackages/checkouts/Pulse/Sources/PulseUI/Views/PulseUI+UIKit.swift (in target 'PulseUI' from project 'Pulse')
    cd /tmp/flo-empty/flo.xcodeproj
    

SwiftCompile normal x86_64 /var/folders/g2/4t2t7ssj3n3_v2xrl935g8sh0000gn/T/flo-derived.tr2gd7/SourcePackages/checkouts/Pulse/Sources/PulseUI/Views/SectionHeaderView.swift (in target 'PulseUI' from project 'Pulse')
    cd /tmp/flo-empty/flo.xcodeproj
    

SwiftCompile normal x86_64 /var/folders/g2/4t2t7ssj3n3_v2xrl935g8sh0000gn/T/flo-derived.tr2gd7/SourcePackages/checkouts/Pulse/Sources/PulseUI/Views/ShareStoreView.swift (in target 'PulseUI' from project 'Pulse')
    cd /tmp/flo-empty/flo.xcodeproj
    

SwiftCompile normal x86_64 /var/folders/g2/4t2t7ssj3n3_v2xrl935g8sh0000gn/T/flo-derived.tr2gd7/SourcePackages/checkouts/Pulse/Sources/PulseUI/Views/ShareStoreViewModel.swift (in target 'PulseUI' from project 'Pulse')
    cd /tmp/flo-empty/flo.xcodeproj
    

SwiftCompile normal x86_64 /var/folders/g2/4t2t7ssj3n3_v2xrl935g8sh0000gn/T/flo-derived.tr2gd7/SourcePackages/checkouts/Pulse/Sources/PulseUI/Views/ShareView.swift (in target 'PulseUI' from project 'Pulse')
    cd /tmp/flo-empty/flo.xcodeproj
    

SwiftCompile normal x86_64 /var/folders/g2/4t2t7ssj3n3_v2xrl935g8sh0000gn/T/flo-derived.tr2gd7/SourcePackages/checkouts/Pulse/Sources/PulseUI/Views/SpinnerView.swift (in target 'PulseUI' from project 'Pulse')
    cd /tmp/flo-empty/flo.xcodeproj
    

SwiftCompile normal x86_64 /var/folders/g2/4t2t7ssj3n3_v2xrl935g8sh0000gn/T/flo-derived.tr2gd7/SourcePackages/checkouts/Pulse/Sources/PulseUI/Views/TextView.swift (in target 'PulseUI' from project 'Pulse')
    cd /tmp/flo-empty/flo.xcodeproj
    

SwiftCompile normal x86_64 /var/folders/g2/4t2t7ssj3n3_v2xrl935g8sh0000gn/T/flo-derived.tr2gd7/SourcePackages/checkouts/Pulse/Sources/PulseUI/Views/TimingView.swift (in target 'PulseUI' from project 'Pulse')
    cd /tmp/flo-empty/flo.xcodeproj
    

SwiftCompile normal x86_64 /var/folders/g2/4t2t7ssj3n3_v2xrl935g8sh0000gn/T/flo-derived.tr2gd7/SourcePackages/checkouts/Pulse/Sources/PulseUI/Views/WebView.swift (in target 'PulseUI' from project 'Pulse')
    cd /tmp/flo-empty/flo.xcodeproj
    

SwiftCompile normal x86_64 Compiling\ DateRangePicker.swift,\ ImageViewer.swift,\ InfoRow.swift,\ KeyValueSectionViewModel.swift,\ LoggerStoreSizeChart.swift,\ NetworkInspectorMetricsView.swift,\ NetworkInspectorTransactionView.swift,\ NetworkInspectorTransferInfoView.swift,\ TimingViewModel+Metrics.swift,\ PDFRepresentedView.swift /var/folders/g2/4t2t7ssj3n3_v2xrl935g8sh0000gn/T/flo-derived.tr2gd7/SourcePackages/checkouts/Pulse/Sources/PulseUI/Views/DateRangePicker.swift /var/folders/g2/4t2t7ssj3n3_v2xrl935g8sh0000gn/T/flo-derived.tr2gd7/SourcePackages/checkouts/Pulse/Sources/PulseUI/Views/ImageViewer.swift /var/folders/g2/4t2t7ssj3n3_v2xrl935g8sh0000gn/T/flo-derived.tr2gd7/SourcePackages/checkouts/Pulse/Sources/PulseUI/Views/InfoRow.swift /var/folders/g2/4t2t7ssj3n3_v2xrl935g8sh0000gn/T/flo-derived.tr2gd7/SourcePackages/checkouts/Pulse/Sources/PulseUI/Views/KeyValueSectionViewModel.swift /var/folders/g2/4t2t7ssj3n3_v2xrl935g8sh0000gn/T/flo-derived.tr2gd7/SourcePackages/checkouts/Pulse/Sources/PulseUI/Views/LoggerStoreSizeChart.swift /var/folders/g2/4t2t7ssj3n3_v2xrl935g8sh0000gn/T/flo-derived.tr2gd7/SourcePackages/checkouts/Pulse/Sources/PulseUI/Views/Metrics/NetworkInspectorMetricsView.swift /var/folders/g2/4t2t7ssj3n3_v2xrl935g8sh0000gn/T/flo-derived.tr2gd7/SourcePackages/checkouts/Pulse/Sources/PulseUI/Views/Metrics/NetworkInspectorTransactionView.swift /var/folders/g2/4t2t7ssj3n3_v2xrl935g8sh0000gn/T/flo-derived.tr2gd7/SourcePackages/checkouts/Pulse/Sources/PulseUI/Views/Metrics/NetworkInspectorTransferInfoView.swift /var/folders/g2/4t2t7ssj3n3_v2xrl935g8sh0000gn/T/flo-derived.tr2gd7/SourcePackages/checkouts/Pulse/Sources/PulseUI/Views/Metrics/TimingViewModel+Metrics.swift /var/folders/g2/4t2t7ssj3n3_v2xrl935g8sh0000gn/T/flo-derived.tr2gd7/SourcePackages/checkouts/Pulse/Sources/PulseUI/Views/PDFRepresentedView.swift (in target 'PulseUI' from project 'Pulse')

SwiftCompile normal x86_64 /var/folders/g2/4t2t7ssj3n3_v2xrl935g8sh0000gn/T/flo-derived.tr2gd7/SourcePackages/checkouts/Pulse/Sources/PulseUI/Views/DateRangePicker.swift (in target 'PulseUI' from project 'Pulse')
    cd /tmp/flo-empty/flo.xcodeproj
    

SwiftCompile normal x86_64 /var/folders/g2/4t2t7ssj3n3_v2xrl935g8sh0000gn/T/flo-derived.tr2gd7/SourcePackages/checkouts/Pulse/Sources/PulseUI/Views/ImageViewer.swift (in target 'PulseUI' from project 'Pulse')
    cd /tmp/flo-empty/flo.xcodeproj
    

SwiftCompile normal x86_64 /var/folders/g2/4t2t7ssj3n3_v2xrl935g8sh0000gn/T/flo-derived.tr2gd7/SourcePackages/checkouts/Pulse/Sources/PulseUI/Views/InfoRow.swift (in target 'PulseUI' from project 'Pulse')
    cd /tmp/flo-empty/flo.xcodeproj
    

SwiftCompile normal x86_64 /var/folders/g2/4t2t7ssj3n3_v2xrl935g8sh0000gn/T/flo-derived.tr2gd7/SourcePackages/checkouts/Pulse/Sources/PulseUI/Views/KeyValueSectionViewModel.swift (in target 'PulseUI' from project 'Pulse')
    cd /tmp/flo-empty/flo.xcodeproj
    

SwiftCompile normal x86_64 /var/folders/g2/4t2t7ssj3n3_v2xrl935g8sh0000gn/T/flo-derived.tr2gd7/SourcePackages/checkouts/Pulse/Sources/PulseUI/Views/LoggerStoreSizeChart.swift (in target 'PulseUI' from project 'Pulse')
    cd /tmp/flo-empty/flo.xcodeproj
    

SwiftCompile normal x86_64 /var/folders/g2/4t2t7ssj3n3_v2xrl935g8sh0000gn/T/flo-derived.tr2gd7/SourcePackages/checkouts/Pulse/Sources/PulseUI/Views/Metrics/NetworkInspectorMetricsView.swift (in target 'PulseUI' from project 'Pulse')
    cd /tmp/flo-empty/flo.xcodeproj
    

SwiftCompile normal x86_64 /var/folders/g2/4t2t7ssj3n3_v2xrl935g8sh0000gn/T/flo-derived.tr2gd7/SourcePackages/checkouts/Pulse/Sources/PulseUI/Views/Metrics/NetworkInspectorTransactionView.swift (in target 'PulseUI' from project 'Pulse')
    cd /tmp/flo-empty/flo.xcodeproj
    

SwiftCompile normal x86_64 /var/folders/g2/4t2t7ssj3n3_v2xrl935g8sh0000gn/T/flo-derived.tr2gd7/SourcePackages/checkouts/Pulse/Sources/PulseUI/Views/Metrics/NetworkInspectorTransferInfoView.swift (in target 'PulseUI' from project 'Pulse')
    cd /tmp/flo-empty/flo.xcodeproj
    

SwiftCompile normal x86_64 /var/folders/g2/4t2t7ssj3n3_v2xrl935g8sh0000gn/T/flo-derived.tr2gd7/SourcePackages/checkouts/Pulse/Sources/PulseUI/Views/Metrics/TimingViewModel+Metrics.swift (in target 'PulseUI' from project 'Pulse')
    cd /tmp/flo-empty/flo.xcodeproj
    

SwiftCompile normal x86_64 /var/folders/g2/4t2t7ssj3n3_v2xrl935g8sh0000gn/T/flo-derived.tr2gd7/SourcePackages/checkouts/Pulse/Sources/PulseUI/Views/PDFRepresentedView.swift (in target 'PulseUI' from project 'Pulse')
    cd /tmp/flo-empty/flo.xcodeproj
    

SwiftCompile normal x86_64 Compiling\ NetworkInspectorView-shared.swift,\ NetworkInspectorView-tvos.swift,\ NetworkInspectorView-watchos.swift,\ NetworkInspectorView.swift,\ ConsoleMessageDetailsView.swift,\ ConsoleMessageMetadataView.swift,\ RemoteLoggerEnterPasswordView.swift,\ RemoteLoggerErrorView.swift,\ RemoteLoggerSelectedDeviceView.swift,\ RemoteLoggerSettingsView.swift,\ RemoteLoggerSettingsViewModel.swift /var/folders/g2/4t2t7ssj3n3_v2xrl935g8sh0000gn/T/flo-derived.tr2gd7/SourcePackages/checkouts/Pulse/Sources/PulseUI/Features/Inspector/NetworkInspectorView-shared.swift /var/folders/g2/4t2t7ssj3n3_v2xrl935g8sh0000gn/T/flo-derived.tr2gd7/SourcePackages/checkouts/Pulse/Sources/PulseUI/Features/Inspector/NetworkInspectorView-tvos.swift /var/folders/g2/4t2t7ssj3n3_v2xrl935g8sh0000gn/T/flo-derived.tr2gd7/SourcePackages/checkouts/Pulse/Sources/PulseUI/Features/Inspector/NetworkInspectorView-watchos.swift /var/folders/g2/4t2t7ssj3n3_v2xrl935g8sh0000gn/T/flo-derived.tr2gd7/SourcePackages/checkouts/Pulse/Sources/PulseUI/Features/Inspector/NetworkInspectorView.swift /var/folders/g2/4t2t7ssj3n3_v2xrl935g8sh0000gn/T/flo-derived.tr2gd7/SourcePackages/checkouts/Pulse/Sources/PulseUI/Features/MessageDetails/ConsoleMessageDetailsView.swift /var/folders/g2/4t2t7ssj3n3_v2xrl935g8sh0000gn/T/flo-derived.tr2gd7/SourcePackages/checkouts/Pulse/Sources/PulseUI/Features/MessageDetails/ConsoleMessageMetadataView.swift /var/folders/g2/4t2t7ssj3n3_v2xrl935g8sh0000gn/T/flo-derived.tr2gd7/SourcePackages/checkouts/Pulse/Sources/PulseUI/Features/Remote/RemoteLoggerEnterPasswordView.swift /var/folders/g2/4t2t7ssj3n3_v2xrl935g8sh0000gn/T/flo-derived.tr2gd7/SourcePackages/checkouts/Pulse/Sources/PulseUI/Features/Remote/RemoteLoggerErrorView.swift /var/folders/g2/4t2t7ssj3n3_v2xrl935g8sh0000gn/T/flo-derived.tr2gd7/SourcePackages/checkouts/Pulse/Sources/PulseUI/Features/Remote/RemoteLoggerSelectedDeviceView.swift /var/folders/g2/4t2t7ssj3n3_v2xrl935g8sh0000gn/T/flo-derived.tr2gd7/SourcePackages/checkouts/Pulse/Sources/PulseUI/Features/Remote/RemoteLoggerSettingsView.swift /var/folders/g2/4t2t7ssj3n3_v2xrl935g8sh0000gn/T/flo-derived.tr2gd7/SourcePackages/checkouts/Pulse/Sources/PulseUI/Features/Remote/RemoteLoggerSettingsViewModel.swift (in target 'PulseUI' from project 'Pulse')

SwiftCompile normal x86_64 /var/folders/g2/4t2t7ssj3n3_v2xrl935g8sh0000gn/T/flo-derived.tr2gd7/SourcePackages/checkouts/Pulse/Sources/PulseUI/Features/Inspector/NetworkInspectorView-shared.swift (in target 'PulseUI' from project 'Pulse')
    cd /tmp/flo-empty/flo.xcodeproj
    

SwiftCompile normal x86_64 /var/folders/g2/4t2t7ssj3n3_v2xrl935g8sh0000gn/T/flo-derived.tr2gd7/SourcePackages/checkouts/Pulse/Sources/PulseUI/Features/Inspector/NetworkInspectorView-tvos.swift (in target 'PulseUI' from project 'Pulse')
    cd /tmp/flo-empty/flo.xcodeproj
    

SwiftCompile normal x86_64 /var/folders/g2/4t2t7ssj3n3_v2xrl935g8sh0000gn/T/flo-derived.tr2gd7/SourcePackages/checkouts/Pulse/Sources/PulseUI/Features/Inspector/NetworkInspectorView-watchos.swift (in target 'PulseUI' from project 'Pulse')
    cd /tmp/flo-empty/flo.xcodeproj
    

SwiftCompile normal x86_64 /var/folders/g2/4t2t7ssj3n3_v2xrl935g8sh0000gn/T/flo-derived.tr2gd7/SourcePackages/checkouts/Pulse/Sources/PulseUI/Features/Inspector/NetworkInspectorView.swift (in target 'PulseUI' from project 'Pulse')
    cd /tmp/flo-empty/flo.xcodeproj
    

SwiftCompile normal x86_64 /var/folders/g2/4t2t7ssj3n3_v2xrl935g8sh0000gn/T/flo-derived.tr2gd7/SourcePackages/checkouts/Pulse/Sources/PulseUI/Features/MessageDetails/ConsoleMessageDetailsView.swift (in target 'PulseUI' from project 'Pulse')
    cd /tmp/flo-empty/flo.xcodeproj
    

SwiftCompile normal x86_64 /var/folders/g2/4t2t7ssj3n3_v2xrl935g8sh0000gn/T/flo-derived.tr2gd7/SourcePackages/checkouts/Pulse/Sources/PulseUI/Features/MessageDetails/ConsoleMessageMetadataView.swift (in target 'PulseUI' from project 'Pulse')
    cd /tmp/flo-empty/flo.xcodeproj
    

SwiftCompile normal x86_64 /var/folders/g2/4t2t7ssj3n3_v2xrl935g8sh0000gn/T/flo-derived.tr2gd7/SourcePackages/checkouts/Pulse/Sources/PulseUI/Features/Remote/RemoteLoggerEnterPasswordView.swift (in target 'PulseUI' from project 'Pulse')
    cd /tmp/flo-empty/flo.xcodeproj
    

SwiftCompile normal x86_64 /var/folders/g2/4t2t7ssj3n3_v2xrl935g8sh0000gn/T/flo-derived.tr2gd7/SourcePackages/checkouts/Pulse/Sources/PulseUI/Features/Remote/RemoteLoggerErrorView.swift (in target 'PulseUI' from project 'Pulse')
    cd /tmp/flo-empty/flo.xcodeproj
    

SwiftCompile normal x86_64 /var/folders/g2/4t2t7ssj3n3_v2xrl935g8sh0000gn/T/flo-derived.tr2gd7/SourcePackages/checkouts/Pulse/Sources/PulseUI/Features/Remote/RemoteLoggerSelectedDeviceView.swift (in target 'PulseUI' from project 'Pulse')
    cd /tmp/flo-empty/flo.xcodeproj
    

SwiftCompile normal x86_64 /var/folders/g2/4t2t7ssj3n3_v2xrl935g8sh0000gn/T/flo-derived.tr2gd7/SourcePackages/checkouts/Pulse/Sources/PulseUI/Features/Remote/RemoteLoggerSettingsView.swift (in target 'PulseUI' from project 'Pulse')
    cd /tmp/flo-empty/flo.xcodeproj
    

SwiftCompile normal x86_64 /var/folders/g2/4t2t7ssj3n3_v2xrl935g8sh0000gn/T/flo-derived.tr2gd7/SourcePackages/checkouts/Pulse/Sources/PulseUI/Features/Remote/RemoteLoggerSettingsViewModel.swift (in target 'PulseUI' from project 'Pulse')
    cd /tmp/flo-empty/flo.xcodeproj
    

SwiftCompile normal x86_64 Compiling\ ConsoleFiltersView.swift,\ ConsoleFilters.swift,\ ConsoleSearchCriteria+Predicates.swift,\ ConsoleDomainsSelectionView.swift,\ ConsoleLabelsSelectionView.swift,\ ConsoleSearchListSelectionView.swift,\ ConsoleSearchSectionHeader.swift,\ ConsoleSection.swift,\ ConsoleSessionsPickerView.swift,\ NetworkCURLCell.swift,\ NetworkCookiesCell.swift /var/folders/g2/4t2t7ssj3n3_v2xrl935g8sh0000gn/T/flo-derived.tr2gd7/SourcePackages/checkouts/Pulse/Sources/PulseUI/Features/Filters/ConsoleFiltersView.swift /var/folders/g2/4t2t7ssj3n3_v2xrl935g8sh0000gn/T/flo-derived.tr2gd7/SourcePackages/checkouts/Pulse/Sources/PulseUI/Features/Filters/Filters/ConsoleFilters.swift /var/folders/g2/4t2t7ssj3n3_v2xrl935g8sh0000gn/T/flo-derived.tr2gd7/SourcePackages/checkouts/Pulse/Sources/PulseUI/Features/Filters/Filters/ConsoleSearchCriteria+Predicates.swift /var/folders/g2/4t2t7ssj3n3_v2xrl935g8sh0000gn/T/flo-derived.tr2gd7/SourcePackages/checkouts/Pulse/Sources/PulseUI/Features/Filters/Views/ConsoleDomainsSelectionView.swift /var/folders/g2/4t2t7ssj3n3_v2xrl935g8sh0000gn/T/flo-derived.tr2gd7/SourcePackages/checkouts/Pulse/Sources/PulseUI/Features/Filters/Views/ConsoleLabelsSelectionView.swift /var/folders/g2/4t2t7ssj3n3_v2xrl935g8sh0000gn/T/flo-derived.tr2gd7/SourcePackages/checkouts/Pulse/Sources/PulseUI/Features/Filters/Views/ConsoleSearchListSelectionView.swift /var/folders/g2/4t2t7ssj3n3_v2xrl935g8sh0000gn/T/flo-derived.tr2gd7/SourcePackages/checkouts/Pulse/Sources/PulseUI/Features/Filters/Views/ConsoleSearchSectionHeader.swift /var/folders/g2/4t2t7ssj3n3_v2xrl935g8sh0000gn/T/flo-derived.tr2gd7/SourcePackages/checkouts/Pulse/Sources/PulseUI/Features/Filters/Views/ConsoleSection.swift /var/folders/g2/4t2t7ssj3n3_v2xrl935g8sh0000gn/T/flo-derived.tr2gd7/SourcePackages/checkouts/Pulse/Sources/PulseUI/Features/Filters/Views/ConsoleSessionsPickerView.swift /var/folders/g2/4t2t7ssj3n3_v2xrl935g8sh0000gn/T/flo-derived.tr2gd7/SourcePackages/checkouts/Pulse/Sources/PulseUI/Features/Inspector/Cells/NetworkCURLCell.swift /var/folders/g2/4t2t7ssj3n3_v2xrl935g8sh0000gn/T/flo-derived.tr2gd7/SourcePackages/checkouts/Pulse/Sources/PulseUI/Features/Inspector/Cells/NetworkCookiesCell.swift (in target 'PulseUI' from project 'Pulse')

SwiftCompile normal x86_64 /var/folders/g2/4t2t7ssj3n3_v2xrl935g8sh0000gn/T/flo-derived.tr2gd7/SourcePackages/checkouts/Pulse/Sources/PulseUI/Features/Filters/ConsoleFiltersView.swift (in target 'PulseUI' from project 'Pulse')
    cd /tmp/flo-empty/flo.xcodeproj
    

SwiftCompile normal x86_64 /var/folders/g2/4t2t7ssj3n3_v2xrl935g8sh0000gn/T/flo-derived.tr2gd7/SourcePackages/checkouts/Pulse/Sources/PulseUI/Features/Filters/Filters/ConsoleFilters.swift (in target 'PulseUI' from project 'Pulse')
    cd /tmp/flo-empty/flo.xcodeproj
    

SwiftCompile normal x86_64 /var/folders/g2/4t2t7ssj3n3_v2xrl935g8sh0000gn/T/flo-derived.tr2gd7/SourcePackages/checkouts/Pulse/Sources/PulseUI/Features/Filters/Filters/ConsoleSearchCriteria+Predicates.swift (in target 'PulseUI' from project 'Pulse')
    cd /tmp/flo-empty/flo.xcodeproj
    

SwiftCompile normal x86_64 /var/folders/g2/4t2t7ssj3n3_v2xrl935g8sh0000gn/T/flo-derived.tr2gd7/SourcePackages/checkouts/Pulse/Sources/PulseUI/Features/Filters/Views/ConsoleDomainsSelectionView.swift (in target 'PulseUI' from project 'Pulse')
    cd /tmp/flo-empty/flo.xcodeproj
    

SwiftCompile normal x86_64 /var/folders/g2/4t2t7ssj3n3_v2xrl935g8sh0000gn/T/flo-derived.tr2gd7/SourcePackages/checkouts/Pulse/Sources/PulseUI/Features/Filters/Views/ConsoleLabelsSelectionView.swift (in target 'PulseUI' from project 'Pulse')
    cd /tmp/flo-empty/flo.xcodeproj
    

SwiftCompile normal x86_64 /var/folders/g2/4t2t7ssj3n3_v2xrl935g8sh0000gn/T/flo-derived.tr2gd7/SourcePackages/checkouts/Pulse/Sources/PulseUI/Features/Filters/Views/ConsoleSearchListSelectionView.swift (in target 'PulseUI' from project 'Pulse')
    cd /tmp/flo-empty/flo.xcodeproj
    

SwiftCompile normal x86_64 /var/folders/g2/4t2t7ssj3n3_v2xrl935g8sh0000gn/T/flo-derived.tr2gd7/SourcePackages/checkouts/Pulse/Sources/PulseUI/Features/Filters/Views/ConsoleSearchSectionHeader.swift (in target 'PulseUI' from project 'Pulse')
    cd /tmp/flo-empty/flo.xcodeproj
    

SwiftCompile normal x86_64 /var/folders/g2/4t2t7ssj3n3_v2xrl935g8sh0000gn/T/flo-derived.tr2gd7/SourcePackages/checkouts/Pulse/Sources/PulseUI/Features/Filters/Views/ConsoleSection.swift (in target 'PulseUI' from project 'Pulse')
    cd /tmp/flo-empty/flo.xcodeproj
    

SwiftCompile normal x86_64 /var/folders/g2/4t2t7ssj3n3_v2xrl935g8sh0000gn/T/flo-derived.tr2gd7/SourcePackages/checkouts/Pulse/Sources/PulseUI/Features/Filters/Views/ConsoleSessionsPickerView.swift (in target 'PulseUI' from project 'Pulse')
    cd /tmp/flo-empty/flo.xcodeproj
    

SwiftCompile normal x86_64 /var/folders/g2/4t2t7ssj3n3_v2xrl935g8sh0000gn/T/flo-derived.tr2gd7/SourcePackages/checkouts/Pulse/Sources/PulseUI/Features/Inspector/Cells/NetworkCURLCell.swift (in target 'PulseUI' from project 'Pulse')
    cd /tmp/flo-empty/flo.xcodeproj
    

SwiftCompile normal x86_64 /var/folders/g2/4t2t7ssj3n3_v2xrl935g8sh0000gn/T/flo-derived.tr2gd7/SourcePackages/checkouts/Pulse/Sources/PulseUI/Features/Inspector/Cells/NetworkCookiesCell.swift (in target 'PulseUI' from project 'Pulse')
    cd /tmp/flo-empty/flo.xcodeproj
    

SwiftDriverJobDiscovery normal x86_64 Emitting module for NukeUI (in target 'NukeUI' from project 'Nuke')

SwiftDriver\ Compilation\ Requirements NukeUI normal x86_64 com.apple.xcode.tools.swift.compiler (in target 'NukeUI' from project 'Nuke')
    cd /tmp/flo-empty/flo.xcodeproj
    builtin-Swift-Compilation-Requirements -- /Applications/Xcode.app/Contents/Developer/Toolchains/XcodeDefault.xctoolchain/usr/bin/swiftc -module-name NukeUI -Onone @/var/folders/g2/4t2t7ssj3n3_v2xrl935g8sh0000gn/T/flo-derived.tr2gd7/Build/Intermediates.noindex/Nuke.build/Debug-iphonesimulator/NukeUI.build/Objects-normal/x86_64/NukeUI.SwiftFileList -DSWIFT_PACKAGE -DDEBUG -DSWIFT_MODULE_RESOURCE_BUNDLE_UNAVAILABLE -DXcode -plugin-path /Applications/Xcode.app/Contents/Developer/Toolchains/XcodeDefault.xctoolchain/usr/lib/swift/host/plugins/testing -enable-experimental-feature DebugDescriptionMacro -sdk /Applications/Xcode.app/Contents/Developer/Platforms/iPhoneSimulator.platform/Developer/SDKs/iPhoneSimulator26.4.sdk -target x86_64-apple-ios13.0-simulator -g -module-cache-path /var/folders/g2/4t2t7ssj3n3_v2xrl935g8sh0000gn/T/flo-derived.tr2gd7/ModuleCache.noindex -Xfrontend -serialize-debugging-options -enable-testing -suppress-warnings -index-store-path /var/folders/g2/4t2t7ssj3n3_v2xrl935g8sh0000gn/T/flo-derived.tr2gd7/Index.noindex/DataStore -Xcc -D_LIBCPP_HARDENING_MODE\=_LIBCPP_HARDENING_MODE_DEBUG -swift-version 5 -I /var/folders/g2/4t2t7ssj3n3_v2xrl935g8sh0000gn/T/flo-derived.tr2gd7/Build/Products/Debug-iphonesimulator -Isystem /Applications/Xcode.app/Contents/Developer/Platforms/iPhoneSimulator.platform/Developer/usr/lib -F /var/folders/g2/4t2t7ssj3n3_v2xrl935g8sh0000gn/T/flo-derived.tr2gd7/Build/Products/Debug-iphonesimulator/PackageFrameworks -F /var/folders/g2/4t2t7ssj3n3_v2xrl935g8sh0000gn/T/flo-derived.tr2gd7/Build/Products/Debug-iphonesimulator -F /Applications/Xcode.app/Contents/Developer/Platforms/iPhoneSimulator.platform/Developer/Library/Frameworks -F /Applications/Xcode.app/Contents/Developer/Platforms/iPhoneSimulator.platform/Developer/SDKs/iPhoneSimulator26.4.sdk/Developer/Library/Frameworks -c -j12 -enable-batch-mode -incremental -Xcc -ivfsstatcache -Xcc /var/folders/g2/4t2t7ssj3n3_v2xrl935g8sh0000gn/T/flo-derived.tr2gd7/SDKStatCaches.noindex/iphonesimulator26.4-23E237-686eebb5dc1d8ecb277353a59184f4aa.sdkstatcache -output-file-map /var/folders/g2/4t2t7ssj3n3_v2xrl935g8sh0000gn/T/flo-derived.tr2gd7/Build/Intermediates.noindex/Nuke.build/Debug-iphonesimulator/NukeUI.build/Objects-normal/x86_64/NukeUI-OutputFileMap.json -use-frontend-parseable-output -save-temps -no-color-diagnostics -explicit-module-build -module-cache-path /var/folders/g2/4t2t7ssj3n3_v2xrl935g8sh0000gn/T/flo-derived.tr2gd7/Build/Intermediates.noindex/SwiftExplicitPrecompiledModules -clang-scanner-module-cache-path /var/folders/g2/4t2t7ssj3n3_v2xrl935g8sh0000gn/T/flo-derived.tr2gd7/ModuleCache.noindex -sdk-module-cache-path /var/folders/g2/4t2t7ssj3n3_v2xrl935g8sh0000gn/T/flo-derived.tr2gd7/ModuleCache.noindex -serialize-diagnostics -emit-dependencies -emit-module -emit-module-path /var/folders/g2/4t2t7ssj3n3_v2xrl935g8sh0000gn/T/flo-derived.tr2gd7/Build/Intermediates.noindex/Nuke.build/Debug-iphonesimulator/NukeUI.build/Objects-normal/x86_64/NukeUI.swiftmodule -validate-clang-modules-once -clang-build-session-file /var/folders/g2/4t2t7ssj3n3_v2xrl935g8sh0000gn/T/flo-derived.tr2gd7/ModuleCache.noindex/Session.modulevalidation -package-name nuke -Xcc -I/var/folders/g2/4t2t7ssj3n3_v2xrl935g8sh0000gn/T/flo-derived.tr2gd7/Build/Intermediates.noindex/Nuke.build/Debug-iphonesimulator/NukeUI.build/swift-overrides.hmap -emit-const-values -Xfrontend -const-gather-protocols-file -Xfrontend /var/folders/g2/4t2t7ssj3n3_v2xrl935g8sh0000gn/T/flo-derived.tr2gd7/Build/Intermediates.noindex/Nuke.build/Debug-iphonesimulator/NukeUI.build/Objects-normal/x86_64/NukeUI_const_extract_protocols.json -Xcc -I/var/folders/g2/4t2t7ssj3n3_v2xrl935g8sh0000gn/T/flo-derived.tr2gd7/Build/Products/Debug-iphonesimulator/include -Xcc -I/var/folders/g2/4t2t7ssj3n3_v2xrl935g8sh0000gn/T/flo-derived.tr2gd7/Build/Intermediates.noindex/Nuke.build/Debug-iphonesimulator/NukeUI.build/DerivedSources-normal/x86_64 -Xcc -I/var/folders/g2/4t2t7ssj3n3_v2xrl935g8sh0000gn/T/flo-derived.tr2gd7/Build/Intermediates.noindex/Nuke.build/Debug-iphonesimulator/NukeUI.build/DerivedSources/x86_64 -Xcc -I/var/folders/g2/4t2t7ssj3n3_v2xrl935g8sh0000gn/T/flo-derived.tr2gd7/Build/Intermediates.noindex/Nuke.build/Debug-iphonesimulator/NukeUI.build/DerivedSources -Xcc -DSWIFT_PACKAGE -Xcc -DDEBUG\=1 -emit-objc-header -emit-objc-header-path /var/folders/g2/4t2t7ssj3n3_v2xrl935g8sh0000gn/T/flo-derived.tr2gd7/Build/Intermediates.noindex/Nuke.build/Debug-iphonesimulator/NukeUI.build/Objects-normal/x86_64/NukeUI-Swift.h -working-directory /tmp/flo-empty/flo.xcodeproj -experimental-emit-module-separately -disable-cmo

SwiftDriverJobDiscovery normal x86_64 Compiling Internal.swift (in target 'NukeUI' from project 'Nuke')

SwiftCompile normal x86_64 Compiling\ FileViewer.swift,\ FileViewerViewModel.swift,\ RichTextView-watchos.swift,\ RichTextView.swift,\ RichTextViewModel.swift,\ RichTextViewSearchToobar-ios.swift,\ WrappedTextView.swift,\ ConsoleSearchLogLevelsCell.swift,\ ConsoleSearchTimePeriodCell.swift,\ ConsoleSearchToggleCell.swift,\ ConsoleFilterViewModel.swift /var/folders/g2/4t2t7ssj3n3_v2xrl935g8sh0000gn/T/flo-derived.tr2gd7/SourcePackages/checkouts/Pulse/Sources/PulseUI/Features/FileViewer/FileViewer.swift /var/folders/g2/4t2t7ssj3n3_v2xrl935g8sh0000gn/T/flo-derived.tr2gd7/SourcePackages/checkouts/Pulse/Sources/PulseUI/Features/FileViewer/FileViewerViewModel.swift /var/folders/g2/4t2t7ssj3n3_v2xrl935g8sh0000gn/T/flo-derived.tr2gd7/SourcePackages/checkouts/Pulse/Sources/PulseUI/Features/FileViewer/RichTextView/RichTextView-watchos.swift /var/folders/g2/4t2t7ssj3n3_v2xrl935g8sh0000gn/T/flo-derived.tr2gd7/SourcePackages/checkouts/Pulse/Sources/PulseUI/Features/FileViewer/RichTextView/RichTextView.swift /var/folders/g2/4t2t7ssj3n3_v2xrl935g8sh0000gn/T/flo-derived.tr2gd7/SourcePackages/checkouts/Pulse/Sources/PulseUI/Features/FileViewer/RichTextView/RichTextViewModel.swift /var/folders/g2/4t2t7ssj3n3_v2xrl935g8sh0000gn/T/flo-derived.tr2gd7/SourcePackages/checkouts/Pulse/Sources/PulseUI/Features/FileViewer/RichTextView/RichTextViewSearchToobar-ios.swift /var/folders/g2/4t2t7ssj3n3_v2xrl935g8sh0000gn/T/flo-derived.tr2gd7/SourcePackages/checkouts/Pulse/Sources/PulseUI/Features/FileViewer/RichTextView/WrappedTextView.swift /var/folders/g2/4t2t7ssj3n3_v2xrl935g8sh0000gn/T/flo-derived.tr2gd7/SourcePackages/checkouts/Pulse/Sources/PulseUI/Features/Filters/Cells/ConsoleSearchLogLevelsCell.swift /var/folders/g2/4t2t7ssj3n3_v2xrl935g8sh0000gn/T/flo-derived.tr2gd7/SourcePackages/checkouts/Pulse/Sources/PulseUI/Features/Filters/Cells/ConsoleSearchTimePeriodCell.swift /var/folders/g2/4t2t7ssj3n3_v2xrl935g8sh0000gn/T/flo-derived.tr2gd7/SourcePackages/checkouts/Pulse/Sources/PulseUI/Features/Filters/Cells/ConsoleSearchToggleCell.swift /var/folders/g2/4t2t7ssj3n3_v2xrl935g8sh0000gn/T/flo-derived.tr2gd7/SourcePackages/checkouts/Pulse/Sources/PulseUI/Features/Filters/ConsoleFilterViewModel.swift (in target 'PulseUI' from project 'Pulse')

SwiftCompile normal x86_64 /var/folders/g2/4t2t7ssj3n3_v2xrl935g8sh0000gn/T/flo-derived.tr2gd7/SourcePackages/checkouts/Pulse/Sources/PulseUI/Features/FileViewer/FileViewer.swift (in target 'PulseUI' from project 'Pulse')
    cd /tmp/flo-empty/flo.xcodeproj
    

SwiftCompile normal x86_64 /var/folders/g2/4t2t7ssj3n3_v2xrl935g8sh0000gn/T/flo-derived.tr2gd7/SourcePackages/checkouts/Pulse/Sources/PulseUI/Features/FileViewer/FileViewerViewModel.swift (in target 'PulseUI' from project 'Pulse')
    cd /tmp/flo-empty/flo.xcodeproj
    

SwiftCompile normal x86_64 /var/folders/g2/4t2t7ssj3n3_v2xrl935g8sh0000gn/T/flo-derived.tr2gd7/SourcePackages/checkouts/Pulse/Sources/PulseUI/Features/FileViewer/RichTextView/RichTextView-watchos.swift (in target 'PulseUI' from project 'Pulse')
    cd /tmp/flo-empty/flo.xcodeproj
    

SwiftCompile normal x86_64 /var/folders/g2/4t2t7ssj3n3_v2xrl935g8sh0000gn/T/flo-derived.tr2gd7/SourcePackages/checkouts/Pulse/Sources/PulseUI/Features/FileViewer/RichTextView/RichTextView.swift (in target 'PulseUI' from project 'Pulse')
    cd /tmp/flo-empty/flo.xcodeproj
    

SwiftCompile normal x86_64 /var/folders/g2/4t2t7ssj3n3_v2xrl935g8sh0000gn/T/flo-derived.tr2gd7/SourcePackages/checkouts/Pulse/Sources/PulseUI/Features/FileViewer/RichTextView/RichTextViewModel.swift (in target 'PulseUI' from project 'Pulse')
    cd /tmp/flo-empty/flo.xcodeproj
    

SwiftCompile normal x86_64 /var/folders/g2/4t2t7ssj3n3_v2xrl935g8sh0000gn/T/flo-derived.tr2gd7/SourcePackages/checkouts/Pulse/Sources/PulseUI/Features/FileViewer/RichTextView/RichTextViewSearchToobar-ios.swift (in target 'PulseUI' from project 'Pulse')
    cd /tmp/flo-empty/flo.xcodeproj
    

SwiftCompile normal x86_64 /var/folders/g2/4t2t7ssj3n3_v2xrl935g8sh0000gn/T/flo-derived.tr2gd7/SourcePackages/checkouts/Pulse/Sources/PulseUI/Features/FileViewer/RichTextView/WrappedTextView.swift (in target 'PulseUI' from project 'Pulse')
    cd /tmp/flo-empty/flo.xcodeproj
    

SwiftCompile normal x86_64 /var/folders/g2/4t2t7ssj3n3_v2xrl935g8sh0000gn/T/flo-derived.tr2gd7/SourcePackages/checkouts/Pulse/Sources/PulseUI/Features/Filters/Cells/ConsoleSearchLogLevelsCell.swift (in target 'PulseUI' from project 'Pulse')
    cd /tmp/flo-empty/flo.xcodeproj
    

SwiftCompile normal x86_64 /var/folders/g2/4t2t7ssj3n3_v2xrl935g8sh0000gn/T/flo-derived.tr2gd7/SourcePackages/checkouts/Pulse/Sources/PulseUI/Features/Filters/Cells/ConsoleSearchTimePeriodCell.swift (in target 'PulseUI' from project 'Pulse')
    cd /tmp/flo-empty/flo.xcodeproj
    

SwiftCompile normal x86_64 /var/folders/g2/4t2t7ssj3n3_v2xrl935g8sh0000gn/T/flo-derived.tr2gd7/SourcePackages/checkouts/Pulse/Sources/PulseUI/Features/Filters/Cells/ConsoleSearchToggleCell.swift (in target 'PulseUI' from project 'Pulse')
    cd /tmp/flo-empty/flo.xcodeproj
    

SwiftCompile normal x86_64 /var/folders/g2/4t2t7ssj3n3_v2xrl935g8sh0000gn/T/flo-derived.tr2gd7/SourcePackages/checkouts/Pulse/Sources/PulseUI/Features/Filters/ConsoleFilterViewModel.swift (in target 'PulseUI' from project 'Pulse')
    cd /tmp/flo-empty/flo.xcodeproj
    

SwiftMergeGeneratedHeaders /var/folders/g2/4t2t7ssj3n3_v2xrl935g8sh0000gn/T/flo-derived.tr2gd7/Build/Intermediates.noindex/GeneratedModuleMaps-iphonesimulator/NukeUI-Swift.h /var/folders/g2/4t2t7ssj3n3_v2xrl935g8sh0000gn/T/flo-derived.tr2gd7/Build/Intermediates.noindex/Nuke.build/Debug-iphonesimulator/NukeUI.build/Objects-normal/x86_64/NukeUI-Swift.h (in target 'NukeUI' from project 'Nuke')
    cd /var/folders/g2/4t2t7ssj3n3_v2xrl935g8sh0000gn/T/flo-derived.tr2gd7/SourcePackages/checkouts/Nuke
    builtin-swiftHeaderTool -arch x86_64 /var/folders/g2/4t2t7ssj3n3_v2xrl935g8sh0000gn/T/flo-derived.tr2gd7/Build/Intermediates.noindex/Nuke.build/Debug-iphonesimulator/NukeUI.build/Objects-normal/x86_64/NukeUI-Swift.h -o /var/folders/g2/4t2t7ssj3n3_v2xrl935g8sh0000gn/T/flo-derived.tr2gd7/Build/Intermediates.noindex/GeneratedModuleMaps-iphonesimulator/NukeUI-Swift.h

SwiftDriverJobDiscovery normal x86_64 Compiling RemoteLogger-Protocol.swift, RemoteLogger.swift (in target 'Pulse' from project 'Pulse')

Copy /var/folders/g2/4t2t7ssj3n3_v2xrl935g8sh0000gn/T/flo-derived.tr2gd7/Build/Products/Debug-iphonesimulator/NukeUI.swiftmodule/x86_64-apple-ios-simulator.swiftmodule /var/folders/g2/4t2t7ssj3n3_v2xrl935g8sh0000gn/T/flo-derived.tr2gd7/Build/Intermediates.noindex/Nuke.build/Debug-iphonesimulator/NukeUI.build/Objects-normal/x86_64/NukeUI.swiftmodule (in target 'NukeUI' from project 'Nuke')
    cd /var/folders/g2/4t2t7ssj3n3_v2xrl935g8sh0000gn/T/flo-derived.tr2gd7/SourcePackages/checkouts/Nuke
    builtin-copy -exclude .DS_Store -exclude CVS -exclude .svn -exclude .git -exclude .hg -resolve-src-symlinks -rename /var/folders/g2/4t2t7ssj3n3_v2xrl935g8sh0000gn/T/flo-derived.tr2gd7/Build/Intermediates.noindex/Nuke.build/Debug-iphonesimulator/NukeUI.build/Objects-normal/x86_64/NukeUI.swiftmodule /var/folders/g2/4t2t7ssj3n3_v2xrl935g8sh0000gn/T/flo-derived.tr2gd7/Build/Products/Debug-iphonesimulator/NukeUI.swiftmodule/x86_64-apple-ios-simulator.swiftmodule

Copy /var/folders/g2/4t2t7ssj3n3_v2xrl935g8sh0000gn/T/flo-derived.tr2gd7/Build/Products/Debug-iphonesimulator/NukeUI.swiftmodule/x86_64-apple-ios-simulator.swiftdoc /var/folders/g2/4t2t7ssj3n3_v2xrl935g8sh0000gn/T/flo-derived.tr2gd7/Build/Intermediates.noindex/Nuke.build/Debug-iphonesimulator/NukeUI.build/Objects-normal/x86_64/NukeUI.swiftdoc (in target 'NukeUI' from project 'Nuke')
    cd /var/folders/g2/4t2t7ssj3n3_v2xrl935g8sh0000gn/T/flo-derived.tr2gd7/SourcePackages/checkouts/Nuke
    builtin-copy -exclude .DS_Store -exclude CVS -exclude .svn -exclude .git -exclude .hg -resolve-src-symlinks -rename /var/folders/g2/4t2t7ssj3n3_v2xrl935g8sh0000gn/T/flo-derived.tr2gd7/Build/Intermediates.noindex/Nuke.build/Debug-iphonesimulator/NukeUI.build/Objects-normal/x86_64/NukeUI.swiftdoc /var/folders/g2/4t2t7ssj3n3_v2xrl935g8sh0000gn/T/flo-derived.tr2gd7/Build/Products/Debug-iphonesimulator/NukeUI.swiftmodule/x86_64-apple-ios-simulator.swiftdoc

Copy /var/folders/g2/4t2t7ssj3n3_v2xrl935g8sh0000gn/T/flo-derived.tr2gd7/Build/Products/Debug-iphonesimulator/NukeUI.swiftmodule/x86_64-apple-ios-simulator.abi.json /var/folders/g2/4t2t7ssj3n3_v2xrl935g8sh0000gn/T/flo-derived.tr2gd7/Build/Intermediates.noindex/Nuke.build/Debug-iphonesimulator/NukeUI.build/Objects-normal/x86_64/NukeUI.abi.json (in target 'NukeUI' from project 'Nuke')
    cd /var/folders/g2/4t2t7ssj3n3_v2xrl935g8sh0000gn/T/flo-derived.tr2gd7/SourcePackages/checkouts/Nuke
    builtin-copy -exclude .DS_Store -exclude CVS -exclude .svn -exclude .git -exclude .hg -resolve-src-symlinks -rename /var/folders/g2/4t2t7ssj3n3_v2xrl935g8sh0000gn/T/flo-derived.tr2gd7/Build/Intermediates.noindex/Nuke.build/Debug-iphonesimulator/NukeUI.build/Objects-normal/x86_64/NukeUI.abi.json /var/folders/g2/4t2t7ssj3n3_v2xrl935g8sh0000gn/T/flo-derived.tr2gd7/Build/Products/Debug-iphonesimulator/NukeUI.swiftmodule/x86_64-apple-ios-simulator.abi.json

Copy /var/folders/g2/4t2t7ssj3n3_v2xrl935g8sh0000gn/T/flo-derived.tr2gd7/Build/Products/Debug-iphonesimulator/NukeUI.swiftmodule/Project/x86_64-apple-ios-simulator.swiftsourceinfo /var/folders/g2/4t2t7ssj3n3_v2xrl935g8sh0000gn/T/flo-derived.tr2gd7/Build/Intermediates.noindex/Nuke.build/Debug-iphonesimulator/NukeUI.build/Objects-normal/x86_64/NukeUI.swiftsourceinfo (in target 'NukeUI' from project 'Nuke')
    cd /var/folders/g2/4t2t7ssj3n3_v2xrl935g8sh0000gn/T/flo-derived.tr2gd7/SourcePackages/checkouts/Nuke
    builtin-copy -exclude .DS_Store -exclude CVS -exclude .svn -exclude .git -exclude .hg -resolve-src-symlinks -rename /var/folders/g2/4t2t7ssj3n3_v2xrl935g8sh0000gn/T/flo-derived.tr2gd7/Build/Intermediates.noindex/Nuke.build/Debug-iphonesimulator/NukeUI.build/Objects-normal/x86_64/NukeUI.swiftsourceinfo /var/folders/g2/4t2t7ssj3n3_v2xrl935g8sh0000gn/T/flo-derived.tr2gd7/Build/Products/Debug-iphonesimulator/NukeUI.swiftmodule/Project/x86_64-apple-ios-simulator.swiftsourceinfo

SwiftCompile normal x86_64 Compiling\ ConsoleSearchListContentView.swift,\ ConsoleSearchViewModel.swift,\ ConsoleSearchOccurrence.swift,\ ConsoleSearchOperation.swift,\ ConsoleSearchRecentSearchesStore.swift,\ ConsoleSearchScope.swift,\ ConsoleSearchTerm.swift,\ ConsoleSearchContextMenu.swift,\ ConsoleSearchResultsSectionView.swift,\ ConsoleSearchSuggestionView.swift,\ ConsoleSearchSuggestionsView.swift /var/folders/g2/4t2t7ssj3n3_v2xrl935g8sh0000gn/T/flo-derived.tr2gd7/SourcePackages/checkouts/Pulse/Sources/PulseUI/Features/Search/ConsoleSearchListContentView.swift /var/folders/g2/4t2t7ssj3n3_v2xrl935g8sh0000gn/T/flo-derived.tr2gd7/SourcePackages/checkouts/Pulse/Sources/PulseUI/Features/Search/ConsoleSearchViewModel.swift /var/folders/g2/4t2t7ssj3n3_v2xrl935g8sh0000gn/T/flo-derived.tr2gd7/SourcePackages/checkouts/Pulse/Sources/PulseUI/Features/Search/Services/ConsoleSearchOccurrence.swift /var/folders/g2/4t2t7ssj3n3_v2xrl935g8sh0000gn/T/flo-derived.tr2gd7/SourcePackages/checkouts/Pulse/Sources/PulseUI/Features/Search/Services/ConsoleSearchOperation.swift /var/folders/g2/4t2t7ssj3n3_v2xrl935g8sh0000gn/T/flo-derived.tr2gd7/SourcePackages/checkouts/Pulse/Sources/PulseUI/Features/Search/Services/ConsoleSearchRecentSearchesStore.swift /var/folders/g2/4t2t7ssj3n3_v2xrl935g8sh0000gn/T/flo-derived.tr2gd7/SourcePackages/checkouts/Pulse/Sources/PulseUI/Features/Search/Services/ConsoleSearchScope.swift /var/folders/g2/4t2t7ssj3n3_v2xrl935g8sh0000gn/T/flo-derived.tr2gd7/SourcePackages/checkouts/Pulse/Sources/PulseUI/Features/Search/Services/ConsoleSearchTerm.swift /var/folders/g2/4t2t7ssj3n3_v2xrl935g8sh0000gn/T/flo-derived.tr2gd7/SourcePackages/checkouts/Pulse/Sources/PulseUI/Features/Search/Views/ConsoleSearchContextMenu.swift /var/folders/g2/4t2t7ssj3n3_v2xrl935g8sh0000gn/T/flo-derived.tr2gd7/SourcePackages/checkouts/Pulse/Sources/PulseUI/Features/Search/Views/ConsoleSearchResultsSectionView.swift /var/folders/g2/4t2t7ssj3n3_v2xrl935g8sh0000gn/T/flo-derived.tr2gd7/SourcePackages/checkouts/Pulse/Sources/PulseUI/Features/Search/Views/ConsoleSearchSuggestionView.swift /var/folders/g2/4t2t7ssj3n3_v2xrl935g8sh0000gn/T/flo-derived.tr2gd7/SourcePackages/checkouts/Pulse/Sources/PulseUI/Features/Search/Views/ConsoleSearchSuggestionsView.swift (in target 'PulseUI' from project 'Pulse')

SwiftCompile normal x86_64 /var/folders/g2/4t2t7ssj3n3_v2xrl935g8sh0000gn/T/flo-derived.tr2gd7/SourcePackages/checkouts/Pulse/Sources/PulseUI/Features/Search/ConsoleSearchListContentView.swift (in target 'PulseUI' from project 'Pulse')
    cd /tmp/flo-empty/flo.xcodeproj
    

SwiftCompile normal x86_64 /var/folders/g2/4t2t7ssj3n3_v2xrl935g8sh0000gn/T/flo-derived.tr2gd7/SourcePackages/checkouts/Pulse/Sources/PulseUI/Features/Search/ConsoleSearchViewModel.swift (in target 'PulseUI' from project 'Pulse')
    cd /tmp/flo-empty/flo.xcodeproj
    

SwiftCompile normal x86_64 /var/folders/g2/4t2t7ssj3n3_v2xrl935g8sh0000gn/T/flo-derived.tr2gd7/SourcePackages/checkouts/Pulse/Sources/PulseUI/Features/Search/Services/ConsoleSearchOccurrence.swift (in target 'PulseUI' from project 'Pulse')
    cd /tmp/flo-empty/flo.xcodeproj
    

SwiftCompile normal x86_64 /var/folders/g2/4t2t7ssj3n3_v2xrl935g8sh0000gn/T/flo-derived.tr2gd7/SourcePackages/checkouts/Pulse/Sources/PulseUI/Features/Search/Services/ConsoleSearchOperation.swift (in target 'PulseUI' from project 'Pulse')
    cd /tmp/flo-empty/flo.xcodeproj
    

SwiftCompile normal x86_64 /var/folders/g2/4t2t7ssj3n3_v2xrl935g8sh0000gn/T/flo-derived.tr2gd7/SourcePackages/checkouts/Pulse/Sources/PulseUI/Features/Search/Services/ConsoleSearchRecentSearchesStore.swift (in target 'PulseUI' from project 'Pulse')
    cd /tmp/flo-empty/flo.xcodeproj
    

SwiftCompile normal x86_64 /var/folders/g2/4t2t7ssj3n3_v2xrl935g8sh0000gn/T/flo-derived.tr2gd7/SourcePackages/checkouts/Pulse/Sources/PulseUI/Features/Search/Services/ConsoleSearchScope.swift (in target 'PulseUI' from project 'Pulse')
    cd /tmp/flo-empty/flo.xcodeproj
    

SwiftCompile normal x86_64 /var/folders/g2/4t2t7ssj3n3_v2xrl935g8sh0000gn/T/flo-derived.tr2gd7/SourcePackages/checkouts/Pulse/Sources/PulseUI/Features/Search/Services/ConsoleSearchTerm.swift (in target 'PulseUI' from project 'Pulse')
    cd /tmp/flo-empty/flo.xcodeproj
    

SwiftCompile normal x86_64 /var/folders/g2/4t2t7ssj3n3_v2xrl935g8sh0000gn/T/flo-derived.tr2gd7/SourcePackages/checkouts/Pulse/Sources/PulseUI/Features/Search/Views/ConsoleSearchContextMenu.swift (in target 'PulseUI' from project 'Pulse')
    cd /tmp/flo-empty/flo.xcodeproj
    

SwiftCompile normal x86_64 /var/folders/g2/4t2t7ssj3n3_v2xrl935g8sh0000gn/T/flo-derived.tr2gd7/SourcePackages/checkouts/Pulse/Sources/PulseUI/Features/Search/Views/ConsoleSearchResultsSectionView.swift (in target 'PulseUI' from project 'Pulse')
    cd /tmp/flo-empty/flo.xcodeproj
    

SwiftCompile normal x86_64 /var/folders/g2/4t2t7ssj3n3_v2xrl935g8sh0000gn/T/flo-derived.tr2gd7/SourcePackages/checkouts/Pulse/Sources/PulseUI/Features/Search/Views/ConsoleSearchSuggestionView.swift (in target 'PulseUI' from project 'Pulse')
    cd /tmp/flo-empty/flo.xcodeproj
    

SwiftCompile normal x86_64 /var/folders/g2/4t2t7ssj3n3_v2xrl935g8sh0000gn/T/flo-derived.tr2gd7/SourcePackages/checkouts/Pulse/Sources/PulseUI/Features/Search/Views/ConsoleSearchSuggestionsView.swift (in target 'PulseUI' from project 'Pulse')
    cd /tmp/flo-empty/flo.xcodeproj
    

SwiftCompile normal x86_64 Compiling\ Foundation+Extensions.swift,\ NSAttributedString+Extensions.swift,\ Pulse+Extensions.swift,\ SwiftUI+Extensions.swift,\ ConsoleDataSource.swift,\ ConsoleEnvironment.swift,\ ConsoleView-ios.swift,\ ConsoleView-tvos.swift,\ ConsoleView-watchos.swift,\ ConsoleView.swift,\ ConsoleListContentView.swift /var/folders/g2/4t2t7ssj3n3_v2xrl935g8sh0000gn/T/flo-derived.tr2gd7/SourcePackages/checkouts/Pulse/Sources/PulseUI/Extensions/Foundation+Extensions.swift /var/folders/g2/4t2t7ssj3n3_v2xrl935g8sh0000gn/T/flo-derived.tr2gd7/SourcePackages/checkouts/Pulse/Sources/PulseUI/Extensions/NSAttributedString+Extensions.swift /var/folders/g2/4t2t7ssj3n3_v2xrl935g8sh0000gn/T/flo-derived.tr2gd7/SourcePackages/checkouts/Pulse/Sources/PulseUI/Extensions/Pulse+Extensions.swift /var/folders/g2/4t2t7ssj3n3_v2xrl935g8sh0000gn/T/flo-derived.tr2gd7/SourcePackages/checkouts/Pulse/Sources/PulseUI/Extensions/SwiftUI+Extensions.swift /var/folders/g2/4t2t7ssj3n3_v2xrl935g8sh0000gn/T/flo-derived.tr2gd7/SourcePackages/checkouts/Pulse/Sources/PulseUI/Features/Console/ConsoleDataSource.swift /var/folders/g2/4t2t7ssj3n3_v2xrl935g8sh0000gn/T/flo-derived.tr2gd7/SourcePackages/checkouts/Pulse/Sources/PulseUI/Features/Console/ConsoleEnvironment.swift /var/folders/g2/4t2t7ssj3n3_v2xrl935g8sh0000gn/T/flo-derived.tr2gd7/SourcePackages/checkouts/Pulse/Sources/PulseUI/Features/Console/ConsoleView-ios.swift /var/folders/g2/4t2t7ssj3n3_v2xrl935g8sh0000gn/T/flo-derived.tr2gd7/SourcePackages/checkouts/Pulse/Sources/PulseUI/Features/Console/ConsoleView-tvos.swift /var/folders/g2/4t2t7ssj3n3_v2xrl935g8sh0000gn/T/flo-derived.tr2gd7/SourcePackages/checkouts/Pulse/Sources/PulseUI/Features/Console/ConsoleView-watchos.swift /var/folders/g2/4t2t7ssj3n3_v2xrl935g8sh0000gn/T/flo-derived.tr2gd7/SourcePackages/checkouts/Pulse/Sources/PulseUI/Features/Console/ConsoleView.swift /var/folders/g2/4t2t7ssj3n3_v2xrl935g8sh0000gn/T/flo-derived.tr2gd7/SourcePackages/checkouts/Pulse/Sources/PulseUI/Features/Console/List/ConsoleListContentView.swift (in target 'PulseUI' from project 'Pulse')

SwiftCompile normal x86_64 /var/folders/g2/4t2t7ssj3n3_v2xrl935g8sh0000gn/T/flo-derived.tr2gd7/SourcePackages/checkouts/Pulse/Sources/PulseUI/Extensions/Foundation+Extensions.swift (in target 'PulseUI' from project 'Pulse')
    cd /tmp/flo-empty/flo.xcodeproj
    

SwiftCompile normal x86_64 /var/folders/g2/4t2t7ssj3n3_v2xrl935g8sh0000gn/T/flo-derived.tr2gd7/SourcePackages/checkouts/Pulse/Sources/PulseUI/Extensions/NSAttributedString+Extensions.swift (in target 'PulseUI' from project 'Pulse')
    cd /tmp/flo-empty/flo.xcodeproj
    

SwiftCompile normal x86_64 /var/folders/g2/4t2t7ssj3n3_v2xrl935g8sh0000gn/T/flo-derived.tr2gd7/SourcePackages/checkouts/Pulse/Sources/PulseUI/Extensions/Pulse+Extensions.swift (in target 'PulseUI' from project 'Pulse')
    cd /tmp/flo-empty/flo.xcodeproj
    

SwiftCompile normal x86_64 /var/folders/g2/4t2t7ssj3n3_v2xrl935g8sh0000gn/T/flo-derived.tr2gd7/SourcePackages/checkouts/Pulse/Sources/PulseUI/Extensions/SwiftUI+Extensions.swift (in target 'PulseUI' from project 'Pulse')
    cd /tmp/flo-empty/flo.xcodeproj
    

SwiftCompile normal x86_64 /var/folders/g2/4t2t7ssj3n3_v2xrl935g8sh0000gn/T/flo-derived.tr2gd7/SourcePackages/checkouts/Pulse/Sources/PulseUI/Features/Console/ConsoleDataSource.swift (in target 'PulseUI' from project 'Pulse')
    cd /tmp/flo-empty/flo.xcodeproj
    

SwiftCompile normal x86_64 /var/folders/g2/4t2t7ssj3n3_v2xrl935g8sh0000gn/T/flo-derived.tr2gd7/SourcePackages/checkouts/Pulse/Sources/PulseUI/Features/Console/ConsoleEnvironment.swift (in target 'PulseUI' from project 'Pulse')
    cd /tmp/flo-empty/flo.xcodeproj
    

SwiftCompile normal x86_64 /var/folders/g2/4t2t7ssj3n3_v2xrl935g8sh0000gn/T/flo-derived.tr2gd7/SourcePackages/checkouts/Pulse/Sources/PulseUI/Features/Console/ConsoleView-ios.swift (in target 'PulseUI' from project 'Pulse')
    cd /tmp/flo-empty/flo.xcodeproj
    

SwiftCompile normal x86_64 /var/folders/g2/4t2t7ssj3n3_v2xrl935g8sh0000gn/T/flo-derived.tr2gd7/SourcePackages/checkouts/Pulse/Sources/PulseUI/Features/Console/ConsoleView-tvos.swift (in target 'PulseUI' from project 'Pulse')
    cd /tmp/flo-empty/flo.xcodeproj
    

SwiftCompile normal x86_64 /var/folders/g2/4t2t7ssj3n3_v2xrl935g8sh0000gn/T/flo-derived.tr2gd7/SourcePackages/checkouts/Pulse/Sources/PulseUI/Features/Console/ConsoleView-watchos.swift (in target 'PulseUI' from project 'Pulse')
    cd /tmp/flo-empty/flo.xcodeproj
    

SwiftCompile normal x86_64 /var/folders/g2/4t2t7ssj3n3_v2xrl935g8sh0000gn/T/flo-derived.tr2gd7/SourcePackages/checkouts/Pulse/Sources/PulseUI/Features/Console/ConsoleView.swift (in target 'PulseUI' from project 'Pulse')
    cd /tmp/flo-empty/flo.xcodeproj
    

SwiftCompile normal x86_64 /var/folders/g2/4t2t7ssj3n3_v2xrl935g8sh0000gn/T/flo-derived.tr2gd7/SourcePackages/checkouts/Pulse/Sources/PulseUI/Features/Console/List/ConsoleListContentView.swift (in target 'PulseUI' from project 'Pulse')
    cd /tmp/flo-empty/flo.xcodeproj
    

SwiftDriverJobDiscovery normal x86_64 Compiling FetchImage.swift (in target 'NukeUI' from project 'Nuke')

SwiftCompile normal x86_64 Compiling\ NetworkHeadersCell.swift,\ NetworkMenuCell.swift,\ NetworkMetricsCell.swift,\ NetworkRequestBodyCell.swift,\ NetworkRequestInfoCell.swift,\ NetworkRequestStatusCell.swift,\ NetworkRequestStatusSectionView.swift,\ NetworkResponseBodyCell.swift,\ NetworkDetailsView.swift,\ NetworkInspectorRequestBodyView.swift,\ NetworkInspectorResponseBodyView.swift /var/folders/g2/4t2t7ssj3n3_v2xrl935g8sh0000gn/T/flo-derived.tr2gd7/SourcePackages/checkouts/Pulse/Sources/PulseUI/Features/Inspector/Cells/NetworkHeadersCell.swift /var/folders/g2/4t2t7ssj3n3_v2xrl935g8sh0000gn/T/flo-derived.tr2gd7/SourcePackages/checkouts/Pulse/Sources/PulseUI/Features/Inspector/Cells/NetworkMenuCell.swift /var/folders/g2/4t2t7ssj3n3_v2xrl935g8sh0000gn/T/flo-derived.tr2gd7/SourcePackages/checkouts/Pulse/Sources/PulseUI/Features/Inspector/Cells/NetworkMetricsCell.swift /var/folders/g2/4t2t7ssj3n3_v2xrl935g8sh0000gn/T/flo-derived.tr2gd7/SourcePackages/checkouts/Pulse/Sources/PulseUI/Features/Inspector/Cells/NetworkRequestBodyCell.swift /var/folders/g2/4t2t7ssj3n3_v2xrl935g8sh0000gn/T/flo-derived.tr2gd7/SourcePackages/checkouts/Pulse/Sources/PulseUI/Features/Inspector/Cells/NetworkRequestInfoCell.swift /var/folders/g2/4t2t7ssj3n3_v2xrl935g8sh0000gn/T/flo-derived.tr2gd7/SourcePackages/checkouts/Pulse/Sources/PulseUI/Features/Inspector/Cells/NetworkRequestStatusCell.swift /var/folders/g2/4t2t7ssj3n3_v2xrl935g8sh0000gn/T/flo-derived.tr2gd7/SourcePackages/checkouts/Pulse/Sources/PulseUI/Features/Inspector/Cells/NetworkRequestStatusSectionView.swift /var/folders/g2/4t2t7ssj3n3_v2xrl935g8sh0000gn/T/flo-derived.tr2gd7/SourcePackages/checkouts/Pulse/Sources/PulseUI/Features/Inspector/Cells/NetworkResponseBodyCell.swift /var/folders/g2/4t2t7ssj3n3_v2xrl935g8sh0000gn/T/flo-derived.tr2gd7/SourcePackages/checkouts/Pulse/Sources/PulseUI/Features/Inspector/NetworkDetailsView.swift /var/folders/g2/4t2t7ssj3n3_v2xrl935g8sh0000gn/T/flo-derived.tr2gd7/SourcePackages/checkouts/Pulse/Sources/PulseUI/Features/Inspector/NetworkInspectorRequestBodyView.swift /var/folders/g2/4t2t7ssj3n3_v2xrl935g8sh0000gn/T/flo-derived.tr2gd7/SourcePackages/checkouts/Pulse/Sources/PulseUI/Features/Inspector/NetworkInspectorResponseBodyView.swift (in target 'PulseUI' from project 'Pulse')

SwiftCompile normal x86_64 /var/folders/g2/4t2t7ssj3n3_v2xrl935g8sh0000gn/T/flo-derived.tr2gd7/SourcePackages/checkouts/Pulse/Sources/PulseUI/Features/Inspector/Cells/NetworkHeadersCell.swift (in target 'PulseUI' from project 'Pulse')
    cd /tmp/flo-empty/flo.xcodeproj
    

SwiftCompile normal x86_64 /var/folders/g2/4t2t7ssj3n3_v2xrl935g8sh0000gn/T/flo-derived.tr2gd7/SourcePackages/checkouts/Pulse/Sources/PulseUI/Features/Inspector/Cells/NetworkMenuCell.swift (in target 'PulseUI' from project 'Pulse')
    cd /tmp/flo-empty/flo.xcodeproj
    

SwiftCompile normal x86_64 /var/folders/g2/4t2t7ssj3n3_v2xrl935g8sh0000gn/T/flo-derived.tr2gd7/SourcePackages/checkouts/Pulse/Sources/PulseUI/Features/Inspector/Cells/NetworkMetricsCell.swift (in target 'PulseUI' from project 'Pulse')
    cd /tmp/flo-empty/flo.xcodeproj
    

SwiftCompile normal x86_64 /var/folders/g2/4t2t7ssj3n3_v2xrl935g8sh0000gn/T/flo-derived.tr2gd7/SourcePackages/checkouts/Pulse/Sources/PulseUI/Features/Inspector/Cells/NetworkRequestBodyCell.swift (in target 'PulseUI' from project 'Pulse')
    cd /tmp/flo-empty/flo.xcodeproj
    

SwiftCompile normal x86_64 /var/folders/g2/4t2t7ssj3n3_v2xrl935g8sh0000gn/T/flo-derived.tr2gd7/SourcePackages/checkouts/Pulse/Sources/PulseUI/Features/Inspector/Cells/NetworkRequestInfoCell.swift (in target 'PulseUI' from project 'Pulse')
    cd /tmp/flo-empty/flo.xcodeproj
    

SwiftCompile normal x86_64 /var/folders/g2/4t2t7ssj3n3_v2xrl935g8sh0000gn/T/flo-derived.tr2gd7/SourcePackages/checkouts/Pulse/Sources/PulseUI/Features/Inspector/Cells/NetworkRequestStatusCell.swift (in target 'PulseUI' from project 'Pulse')
    cd /tmp/flo-empty/flo.xcodeproj
    

SwiftCompile normal x86_64 /var/folders/g2/4t2t7ssj3n3_v2xrl935g8sh0000gn/T/flo-derived.tr2gd7/SourcePackages/checkouts/Pulse/Sources/PulseUI/Features/Inspector/Cells/NetworkRequestStatusSectionView.swift (in target 'PulseUI' from project 'Pulse')
    cd /tmp/flo-empty/flo.xcodeproj
    

SwiftCompile normal x86_64 /var/folders/g2/4t2t7ssj3n3_v2xrl935g8sh0000gn/T/flo-derived.tr2gd7/SourcePackages/checkouts/Pulse/Sources/PulseUI/Features/Inspector/Cells/NetworkResponseBodyCell.swift (in target 'PulseUI' from project 'Pulse')
    cd /tmp/flo-empty/flo.xcodeproj
    

SwiftCompile normal x86_64 /var/folders/g2/4t2t7ssj3n3_v2xrl935g8sh0000gn/T/flo-derived.tr2gd7/SourcePackages/checkouts/Pulse/Sources/PulseUI/Features/Inspector/NetworkDetailsView.swift (in target 'PulseUI' from project 'Pulse')
    cd /tmp/flo-empty/flo.xcodeproj
    

SwiftCompile normal x86_64 /var/folders/g2/4t2t7ssj3n3_v2xrl935g8sh0000gn/T/flo-derived.tr2gd7/SourcePackages/checkouts/Pulse/Sources/PulseUI/Features/Inspector/NetworkInspectorRequestBodyView.swift (in target 'PulseUI' from project 'Pulse')
    cd /tmp/flo-empty/flo.xcodeproj
    

SwiftCompile normal x86_64 /var/folders/g2/4t2t7ssj3n3_v2xrl935g8sh0000gn/T/flo-derived.tr2gd7/SourcePackages/checkouts/Pulse/Sources/PulseUI/Features/Inspector/NetworkInspectorResponseBodyView.swift (in target 'PulseUI' from project 'Pulse')
    cd /tmp/flo-empty/flo.xcodeproj
    

SwiftDriverJobDiscovery normal x86_64 Compiling LazyImageView.swift (in target 'NukeUI' from project 'Nuke')

SwiftCompile normal x86_64 Compiling\ ConsoleListOptions.swift,\ ConsoleListView.swift,\ ConsoleListViewModel.swift,\ ConsoleContextMenu.swift,\ ConsoleEntityCell.swift,\ ConsoleHelperViews.swift,\ ConsoleListDisplaySettings.swift,\ ConsoleMessageCell.swift,\ ConsoleRouterView.swift,\ ConsoleTaskCell.swift,\ ConsoleToolbarView.swift /var/folders/g2/4t2t7ssj3n3_v2xrl935g8sh0000gn/T/flo-derived.tr2gd7/SourcePackages/checkouts/Pulse/Sources/PulseUI/Features/Console/List/ConsoleListOptions.swift /var/folders/g2/4t2t7ssj3n3_v2xrl935g8sh0000gn/T/flo-derived.tr2gd7/SourcePackages/checkouts/Pulse/Sources/PulseUI/Features/Console/List/ConsoleListView.swift /var/folders/g2/4t2t7ssj3n3_v2xrl935g8sh0000gn/T/flo-derived.tr2gd7/SourcePackages/checkouts/Pulse/Sources/PulseUI/Features/Console/List/ConsoleListViewModel.swift /var/folders/g2/4t2t7ssj3n3_v2xrl935g8sh0000gn/T/flo-derived.tr2gd7/SourcePackages/checkouts/Pulse/Sources/PulseUI/Features/Console/Views/ConsoleContextMenu.swift /var/folders/g2/4t2t7ssj3n3_v2xrl935g8sh0000gn/T/flo-derived.tr2gd7/SourcePackages/checkouts/Pulse/Sources/PulseUI/Features/Console/Views/ConsoleEntityCell.swift /var/folders/g2/4t2t7ssj3n3_v2xrl935g8sh0000gn/T/flo-derived.tr2gd7/SourcePackages/checkouts/Pulse/Sources/PulseUI/Features/Console/Views/ConsoleHelperViews.swift /var/folders/g2/4t2t7ssj3n3_v2xrl935g8sh0000gn/T/flo-derived.tr2gd7/SourcePackages/checkouts/Pulse/Sources/PulseUI/Features/Console/Views/ConsoleListDisplaySettings.swift /var/folders/g2/4t2t7ssj3n3_v2xrl935g8sh0000gn/T/flo-derived.tr2gd7/SourcePackages/checkouts/Pulse/Sources/PulseUI/Features/Console/Views/ConsoleMessageCell.swift /var/folders/g2/4t2t7ssj3n3_v2xrl935g8sh0000gn/T/flo-derived.tr2gd7/SourcePackages/checkouts/Pulse/Sources/PulseUI/Features/Console/Views/ConsoleRouterView.swift /var/folders/g2/4t2t7ssj3n3_v2xrl935g8sh0000gn/T/flo-derived.tr2gd7/SourcePackages/checkouts/Pulse/Sources/PulseUI/Features/Console/Views/ConsoleTaskCell.swift /var/folders/g2/4t2t7ssj3n3_v2xrl935g8sh0000gn/T/flo-derived.tr2gd7/SourcePackages/checkouts/Pulse/Sources/PulseUI/Features/Console/Views/ConsoleToolbarView.swift (in target 'PulseUI' from project 'Pulse')

SwiftCompile normal x86_64 /var/folders/g2/4t2t7ssj3n3_v2xrl935g8sh0000gn/T/flo-derived.tr2gd7/SourcePackages/checkouts/Pulse/Sources/PulseUI/Features/Console/List/ConsoleListOptions.swift (in target 'PulseUI' from project 'Pulse')
    cd /tmp/flo-empty/flo.xcodeproj
    

SwiftCompile normal x86_64 /var/folders/g2/4t2t7ssj3n3_v2xrl935g8sh0000gn/T/flo-derived.tr2gd7/SourcePackages/checkouts/Pulse/Sources/PulseUI/Features/Console/List/ConsoleListView.swift (in target 'PulseUI' from project 'Pulse')
    cd /tmp/flo-empty/flo.xcodeproj
    

SwiftCompile normal x86_64 /var/folders/g2/4t2t7ssj3n3_v2xrl935g8sh0000gn/T/flo-derived.tr2gd7/SourcePackages/checkouts/Pulse/Sources/PulseUI/Features/Console/List/ConsoleListViewModel.swift (in target 'PulseUI' from project 'Pulse')
    cd /tmp/flo-empty/flo.xcodeproj
    

SwiftCompile normal x86_64 /var/folders/g2/4t2t7ssj3n3_v2xrl935g8sh0000gn/T/flo-derived.tr2gd7/SourcePackages/checkouts/Pulse/Sources/PulseUI/Features/Console/Views/ConsoleContextMenu.swift (in target 'PulseUI' from project 'Pulse')
    cd /tmp/flo-empty/flo.xcodeproj
    

SwiftCompile normal x86_64 /var/folders/g2/4t2t7ssj3n3_v2xrl935g8sh0000gn/T/flo-derived.tr2gd7/SourcePackages/checkouts/Pulse/Sources/PulseUI/Features/Console/Views/ConsoleEntityCell.swift (in target 'PulseUI' from project 'Pulse')
    cd /tmp/flo-empty/flo.xcodeproj
    

SwiftCompile normal x86_64 /var/folders/g2/4t2t7ssj3n3_v2xrl935g8sh0000gn/T/flo-derived.tr2gd7/SourcePackages/checkouts/Pulse/Sources/PulseUI/Features/Console/Views/ConsoleHelperViews.swift (in target 'PulseUI' from project 'Pulse')
    cd /tmp/flo-empty/flo.xcodeproj
    

SwiftCompile normal x86_64 /var/folders/g2/4t2t7ssj3n3_v2xrl935g8sh0000gn/T/flo-derived.tr2gd7/SourcePackages/checkouts/Pulse/Sources/PulseUI/Features/Console/Views/ConsoleListDisplaySettings.swift (in target 'PulseUI' from project 'Pulse')
    cd /tmp/flo-empty/flo.xcodeproj
    

SwiftCompile normal x86_64 /var/folders/g2/4t2t7ssj3n3_v2xrl935g8sh0000gn/T/flo-derived.tr2gd7/SourcePackages/checkouts/Pulse/Sources/PulseUI/Features/Console/Views/ConsoleMessageCell.swift (in target 'PulseUI' from project 'Pulse')
    cd /tmp/flo-empty/flo.xcodeproj
    

SwiftCompile normal x86_64 /var/folders/g2/4t2t7ssj3n3_v2xrl935g8sh0000gn/T/flo-derived.tr2gd7/SourcePackages/checkouts/Pulse/Sources/PulseUI/Features/Console/Views/ConsoleRouterView.swift (in target 'PulseUI' from project 'Pulse')
    cd /tmp/flo-empty/flo.xcodeproj
    

SwiftCompile normal x86_64 /var/folders/g2/4t2t7ssj3n3_v2xrl935g8sh0000gn/T/flo-derived.tr2gd7/SourcePackages/checkouts/Pulse/Sources/PulseUI/Features/Console/Views/ConsoleTaskCell.swift (in target 'PulseUI' from project 'Pulse')
    cd /tmp/flo-empty/flo.xcodeproj
    

SwiftCompile normal x86_64 /var/folders/g2/4t2t7ssj3n3_v2xrl935g8sh0000gn/T/flo-derived.tr2gd7/SourcePackages/checkouts/Pulse/Sources/PulseUI/Features/Console/Views/ConsoleToolbarView.swift (in target 'PulseUI' from project 'Pulse')
    cd /tmp/flo-empty/flo.xcodeproj
    

SwiftDriverJobDiscovery normal x86_64 Compiling LazyImage.swift (in target 'NukeUI' from project 'Nuke')

SwiftCompile normal x86_64 Compiling\ ConsoleSearchToolbar.swift,\ SessionListView.swift,\ SessionPickerView.swift,\ SessionsView.swift,\ SettingsView-ios.swift,\ SettingsView-macos.swift,\ SettingsView-tvos.swift,\ SettingsView-watchos.swift,\ StoreDetailsView.swift,\ DecodingErrorsPreviews.swift,\ FileViewModelContext.swift /var/folders/g2/4t2t7ssj3n3_v2xrl935g8sh0000gn/T/flo-derived.tr2gd7/SourcePackages/checkouts/Pulse/Sources/PulseUI/Features/Search/Views/ConsoleSearchToolbar.swift /var/folders/g2/4t2t7ssj3n3_v2xrl935g8sh0000gn/T/flo-derived.tr2gd7/SourcePackages/checkouts/Pulse/Sources/PulseUI/Features/Sessions/SessionListView.swift /var/folders/g2/4t2t7ssj3n3_v2xrl935g8sh0000gn/T/flo-derived.tr2gd7/SourcePackages/checkouts/Pulse/Sources/PulseUI/Features/Sessions/SessionPickerView.swift /var/folders/g2/4t2t7ssj3n3_v2xrl935g8sh0000gn/T/flo-derived.tr2gd7/SourcePackages/checkouts/Pulse/Sources/PulseUI/Features/Sessions/SessionsView.swift /var/folders/g2/4t2t7ssj3n3_v2xrl935g8sh0000gn/T/flo-derived.tr2gd7/SourcePackages/checkouts/Pulse/Sources/PulseUI/Features/Settings/SettingsView-ios.swift /var/folders/g2/4t2t7ssj3n3_v2xrl935g8sh0000gn/T/flo-derived.tr2gd7/SourcePackages/checkouts/Pulse/Sources/PulseUI/Features/Settings/SettingsView-macos.swift /var/folders/g2/4t2t7ssj3n3_v2xrl935g8sh0000gn/T/flo-derived.tr2gd7/SourcePackages/checkouts/Pulse/Sources/PulseUI/Features/Settings/SettingsView-tvos.swift /var/folders/g2/4t2t7ssj3n3_v2xrl935g8sh0000gn/T/flo-derived.tr2gd7/SourcePackages/checkouts/Pulse/Sources/PulseUI/Features/Settings/SettingsView-watchos.swift /var/folders/g2/4t2t7ssj3n3_v2xrl935g8sh0000gn/T/flo-derived.tr2gd7/SourcePackages/checkouts/Pulse/Sources/PulseUI/Features/Settings/StoreDetailsView.swift /var/folders/g2/4t2t7ssj3n3_v2xrl935g8sh0000gn/T/flo-derived.tr2gd7/SourcePackages/checkouts/Pulse/Sources/PulseUI/Helpers/DecodingErrorsPreviews.swift /var/folders/g2/4t2t7ssj3n3_v2xrl935g8sh0000gn/T/flo-derived.tr2gd7/SourcePackages/checkouts/Pulse/Sources/PulseUI/Helpers/FileViewModelContext.swift (in target 'PulseUI' from project 'Pulse')
SwiftCompile normal x86_64 /var/folders/g2/4t2t7ssj3n3_v2xrl935g8sh0000gn/T/flo-derived.tr2gd7/SourcePackages/checkouts/Pulse/Sources/PulseUI/Features/Search/Views/ConsoleSearchToolbar.swift (in target 'PulseUI' from project 'Pulse')
    cd /tmp/flo-empty/flo.xcodeproj
    

SwiftCompile normal x86_64 /var/folders/g2/4t2t7ssj3n3_v2xrl935g8sh0000gn/T/flo-derived.tr2gd7/SourcePackages/checkouts/Pulse/Sources/PulseUI/Features/Sessions/SessionListView.swift (in target 'PulseUI' from project 'Pulse')
    cd /tmp/flo-empty/flo.xcodeproj
    

SwiftCompile normal x86_64 /var/folders/g2/4t2t7ssj3n3_v2xrl935g8sh0000gn/T/flo-derived.tr2gd7/SourcePackages/checkouts/Pulse/Sources/PulseUI/Features/Sessions/SessionPickerView.swift (in target 'PulseUI' from project 'Pulse')
    cd /tmp/flo-empty/flo.xcodeproj
    

SwiftCompile normal x86_64 /var/folders/g2/4t2t7ssj3n3_v2xrl935g8sh0000gn/T/flo-derived.tr2gd7/SourcePackages/checkouts/Pulse/Sources/PulseUI/Features/Sessions/SessionsView.swift (in target 'PulseUI' from project 'Pulse')
    cd /tmp/flo-empty/flo.xcodeproj
    

SwiftCompile normal x86_64 /var/folders/g2/4t2t7ssj3n3_v2xrl935g8sh0000gn/T/flo-derived.tr2gd7/SourcePackages/checkouts/Pulse/Sources/PulseUI/Features/Settings/SettingsView-ios.swift (in target 'PulseUI' from project 'Pulse')
    cd /tmp/flo-empty/flo.xcodeproj
    

SwiftCompile normal x86_64 /var/folders/g2/4t2t7ssj3n3_v2xrl935g8sh0000gn/T/flo-derived.tr2gd7/SourcePackages/checkouts/Pulse/Sources/PulseUI/Features/Settings/SettingsView-macos.swift (in target 'PulseUI' from project 'Pulse')
    cd /tmp/flo-empty/flo.xcodeproj
    

SwiftCompile normal x86_64 /var/folders/g2/4t2t7ssj3n3_v2xrl935g8sh0000gn/T/flo-derived.tr2gd7/SourcePackages/checkouts/Pulse/Sources/PulseUI/Features/Settings/SettingsView-tvos.swift (in target 'PulseUI' from project 'Pulse')
    cd /tmp/flo-empty/flo.xcodeproj
    

SwiftCompile normal x86_64 /var/folders/g2/4t2t7ssj3n3_v2xrl935g8sh0000gn/T/flo-derived.tr2gd7/SourcePackages/checkouts/Pulse/Sources/PulseUI/Features/Settings/SettingsView-watchos.swift (in target 'PulseUI' from project 'Pulse')
    cd /tmp/flo-empty/flo.xcodeproj
    

SwiftCompile normal x86_64 /var/folders/g2/4t2t7ssj3n3_v2xrl935g8sh0000gn/T/flo-derived.tr2gd7/SourcePackages/checkouts/Pulse/Sources/PulseUI/Features/Settings/StoreDetailsView.swift (in target 'PulseUI' from project 'Pulse')
    cd /tmp/flo-empty/flo.xcodeproj
    

SwiftCompile normal x86_64 /var/folders/g2/4t2t7ssj3n3_v2xrl935g8sh0000gn/T/flo-derived.tr2gd7/SourcePackages/checkouts/Pulse/Sources/PulseUI/Helpers/DecodingErrorsPreviews.swift (in target 'PulseUI' from project 'Pulse')
    cd /tmp/flo-empty/flo.xcodeproj
    

SwiftCompile normal x86_64 /var/folders/g2/4t2t7ssj3n3_v2xrl935g8sh0000gn/T/flo-derived.tr2gd7/SourcePackages/checkouts/Pulse/Sources/PulseUI/Helpers/FileViewModelContext.swift (in target 'PulseUI' from project 'Pulse')
    cd /tmp/flo-empty/flo.xcodeproj
    

SwiftDriverJobDiscovery normal x86_64 Compiling NetworkHeadersCell.swift, NetworkMenuCell.swift, NetworkMetricsCell.swift, NetworkRequestBodyCell.swift, NetworkRequestInfoCell.swift, NetworkRequestStatusCell.swift, NetworkRequestStatusSectionView.swift, NetworkResponseBodyCell.swift, NetworkDetailsView.swift, NetworkInspectorRequestBodyView.swift, NetworkInspectorResponseBodyView.swift (in target 'PulseUI' from project 'Pulse')

SwiftDriverJobDiscovery normal x86_64 Emitting module for PulseUI (in target 'PulseUI' from project 'Pulse')

SwiftDriver\ Compilation Pulse normal x86_64 com.apple.xcode.tools.swift.compiler (in target 'Pulse' from project 'Pulse')
    cd /tmp/flo-empty/flo.xcodeproj
    builtin-Swift-Compilation -- /Applications/Xcode.app/Contents/Developer/Toolchains/XcodeDefault.xctoolchain/usr/bin/swiftc -module-name Pulse -Onone @/var/folders/g2/4t2t7ssj3n3_v2xrl935g8sh0000gn/T/flo-derived.tr2gd7/Build/Intermediates.noindex/Pulse.build/Debug-iphonesimulator/Pulse.build/Objects-normal/x86_64/Pulse.SwiftFileList -DSWIFT_PACKAGE -DDEBUG -DSWIFT_MODULE_RESOURCE_BUNDLE_UNAVAILABLE -DXcode -plugin-path /Applications/Xcode.app/Contents/Developer/Toolchains/XcodeDefault.xctoolchain/usr/lib/swift/host/plugins/testing -enable-experimental-feature DebugDescriptionMacro -sdk /Applications/Xcode.app/Contents/Developer/Platforms/iPhoneSimulator.platform/Developer/SDKs/iPhoneSimulator26.4.sdk -target x86_64-apple-ios15.0-simulator -g -module-cache-path /var/folders/g2/4t2t7ssj3n3_v2xrl935g8sh0000gn/T/flo-derived.tr2gd7/ModuleCache.noindex -Xfrontend -serialize-debugging-options -enable-testing -suppress-warnings -index-store-path /var/folders/g2/4t2t7ssj3n3_v2xrl935g8sh0000gn/T/flo-derived.tr2gd7/Index.noindex/DataStore -Xcc -D_LIBCPP_HARDENING_MODE\=_LIBCPP_HARDENING_MODE_DEBUG -swift-version 5 -I /var/folders/g2/4t2t7ssj3n3_v2xrl935g8sh0000gn/T/flo-derived.tr2gd7/Build/Products/Debug-iphonesimulator -Isystem /Applications/Xcode.app/Contents/Developer/Platforms/iPhoneSimulator.platform/Developer/usr/lib -F /var/folders/g2/4t2t7ssj3n3_v2xrl935g8sh0000gn/T/flo-derived.tr2gd7/Build/Products/Debug-iphonesimulator -F /Applications/Xcode.app/Contents/Developer/Platforms/iPhoneSimulator.platform/Developer/Library/Frameworks -F /Applications/Xcode.app/Contents/Developer/Platforms/iPhoneSimulator.platform/Developer/SDKs/iPhoneSimulator26.4.sdk/Developer/Library/Frameworks -c -j12 -enable-batch-mode -incremental -Xcc -ivfsstatcache -Xcc /var/folders/g2/4t2t7ssj3n3_v2xrl935g8sh0000gn/T/flo-derived.tr2gd7/SDKStatCaches.noindex/iphonesimulator26.4-23E237-686eebb5dc1d8ecb277353a59184f4aa.sdkstatcache -output-file-map /var/folders/g2/4t2t7ssj3n3_v2xrl935g8sh0000gn/T/flo-derived.tr2gd7/Build/Intermediates.noindex/Pulse.build/Debug-iphonesimulator/Pulse.build/Objects-normal/x86_64/Pulse-OutputFileMap.json -use-frontend-parseable-output -save-temps -no-color-diagnostics -explicit-module-build -module-cache-path /var/folders/g2/4t2t7ssj3n3_v2xrl935g8sh0000gn/T/flo-derived.tr2gd7/Build/Intermediates.noindex/SwiftExplicitPrecompiledModules -clang-scanner-module-cache-path /var/folders/g2/4t2t7ssj3n3_v2xrl935g8sh0000gn/T/flo-derived.tr2gd7/ModuleCache.noindex -sdk-module-cache-path /var/folders/g2/4t2t7ssj3n3_v2xrl935g8sh0000gn/T/flo-derived.tr2gd7/ModuleCache.noindex -serialize-diagnostics -emit-dependencies -emit-module -emit-module-path /var/folders/g2/4t2t7ssj3n3_v2xrl935g8sh0000gn/T/flo-derived.tr2gd7/Build/Intermediates.noindex/Pulse.build/Debug-iphonesimulator/Pulse.build/Objects-normal/x86_64/Pulse.swiftmodule -validate-clang-modules-once -clang-build-session-file /var/folders/g2/4t2t7ssj3n3_v2xrl935g8sh0000gn/T/flo-derived.tr2gd7/ModuleCache.noindex/Session.modulevalidation -package-name pulse -Xcc -I/var/folders/g2/4t2t7ssj3n3_v2xrl935g8sh0000gn/T/flo-derived.tr2gd7/Build/Intermediates.noindex/Pulse.build/Debug-iphonesimulator/Pulse.build/swift-overrides.hmap -emit-const-values -Xfrontend -const-gather-protocols-file -Xfrontend /var/folders/g2/4t2t7ssj3n3_v2xrl935g8sh0000gn/T/flo-derived.tr2gd7/Build/Intermediates.noindex/Pulse.build/Debug-iphonesimulator/Pulse.build/Objects-normal/x86_64/Pulse_const_extract_protocols.json -Xcc -I/var/folders/g2/4t2t7ssj3n3_v2xrl935g8sh0000gn/T/flo-derived.tr2gd7/Build/Products/Debug-iphonesimulator/include -Xcc -I/var/folders/g2/4t2t7ssj3n3_v2xrl935g8sh0000gn/T/flo-derived.tr2gd7/Build/Intermediates.noindex/Pulse.build/Debug-iphonesimulator/Pulse.build/DerivedSources-normal/x86_64 -Xcc -I/var/folders/g2/4t2t7ssj3n3_v2xrl935g8sh0000gn/T/flo-derived.tr2gd7/Build/Intermediates.noindex/Pulse.build/Debug-iphonesimulator/Pulse.build/DerivedSources/x86_64 -Xcc -I/var/folders/g2/4t2t7ssj3n3_v2xrl935g8sh0000gn/T/flo-derived.tr2gd7/Build/Intermediates.noindex/Pulse.build/Debug-iphonesimulator/Pulse.build/DerivedSources -Xcc -DSWIFT_PACKAGE -Xcc -DDEBUG\=1 -emit-objc-header -emit-objc-header-path /var/folders/g2/4t2t7ssj3n3_v2xrl935g8sh0000gn/T/flo-derived.tr2gd7/Build/Intermediates.noindex/Pulse.build/Debug-iphonesimulator/Pulse.build/Objects-normal/x86_64/Pulse-Swift.h -working-directory /tmp/flo-empty/flo.xcodeproj -experimental-emit-module-separately -disable-cmo

SwiftDriver\ Compilation\ Requirements PulseUI normal x86_64 com.apple.xcode.tools.swift.compiler (in target 'PulseUI' from project 'Pulse')
    cd /tmp/flo-empty/flo.xcodeproj
    builtin-Swift-Compilation-Requirements -- /Applications/Xcode.app/Contents/Developer/Toolchains/XcodeDefault.xctoolchain/usr/bin/swiftc -module-name PulseUI -Onone @/var/folders/g2/4t2t7ssj3n3_v2xrl935g8sh0000gn/T/flo-derived.tr2gd7/Build/Intermediates.noindex/Pulse.build/Debug-iphonesimulator/PulseUI.build/Objects-normal/x86_64/PulseUI.SwiftFileList -DSWIFT_PACKAGE -DDEBUG -DSWIFT_MODULE_RESOURCE_BUNDLE_UNAVAILABLE -DXcode -plugin-path /Applications/Xcode.app/Contents/Developer/Toolchains/XcodeDefault.xctoolchain/usr/lib/swift/host/plugins/testing -enable-experimental-feature DebugDescriptionMacro -sdk /Applications/Xcode.app/Contents/Developer/Platforms/iPhoneSimulator.platform/Developer/SDKs/iPhoneSimulator26.4.sdk -target x86_64-apple-ios15.0-simulator -g -module-cache-path /var/folders/g2/4t2t7ssj3n3_v2xrl935g8sh0000gn/T/flo-derived.tr2gd7/ModuleCache.noindex -Xfrontend -serialize-debugging-options -enable-testing -suppress-warnings -index-store-path /var/folders/g2/4t2t7ssj3n3_v2xrl935g8sh0000gn/T/flo-derived.tr2gd7/Index.noindex/DataStore -Xcc -D_LIBCPP_HARDENING_MODE\=_LIBCPP_HARDENING_MODE_DEBUG -swift-version 5 -I /var/folders/g2/4t2t7ssj3n3_v2xrl935g8sh0000gn/T/flo-derived.tr2gd7/Build/Products/Debug-iphonesimulator -Isystem /Applications/Xcode.app/Contents/Developer/Platforms/iPhoneSimulator.platform/Developer/usr/lib -F /var/folders/g2/4t2t7ssj3n3_v2xrl935g8sh0000gn/T/flo-derived.tr2gd7/Build/Products/Debug-iphonesimulator/PackageFrameworks -F /var/folders/g2/4t2t7ssj3n3_v2xrl935g8sh0000gn/T/flo-derived.tr2gd7/Build/Products/Debug-iphonesimulator -F /Applications/Xcode.app/Contents/Developer/Platforms/iPhoneSimulator.platform/Developer/Library/Frameworks -F /Applications/Xcode.app/Contents/Developer/Platforms/iPhoneSimulator.platform/Developer/SDKs/iPhoneSimulator26.4.sdk/Developer/Library/Frameworks -c -j12 -enable-batch-mode -incremental -Xcc -ivfsstatcache -Xcc /var/folders/g2/4t2t7ssj3n3_v2xrl935g8sh0000gn/T/flo-derived.tr2gd7/SDKStatCaches.noindex/iphonesimulator26.4-23E237-686eebb5dc1d8ecb277353a59184f4aa.sdkstatcache -output-file-map /var/folders/g2/4t2t7ssj3n3_v2xrl935g8sh0000gn/T/flo-derived.tr2gd7/Build/Intermediates.noindex/Pulse.build/Debug-iphonesimulator/PulseUI.build/Objects-normal/x86_64/PulseUI-OutputFileMap.json -use-frontend-parseable-output -save-temps -no-color-diagnostics -explicit-module-build -module-cache-path /var/folders/g2/4t2t7ssj3n3_v2xrl935g8sh0000gn/T/flo-derived.tr2gd7/Build/Intermediates.noindex/SwiftExplicitPrecompiledModules -clang-scanner-module-cache-path /var/folders/g2/4t2t7ssj3n3_v2xrl935g8sh0000gn/T/flo-derived.tr2gd7/ModuleCache.noindex -sdk-module-cache-path /var/folders/g2/4t2t7ssj3n3_v2xrl935g8sh0000gn/T/flo-derived.tr2gd7/ModuleCache.noindex -serialize-diagnostics -emit-dependencies -emit-module -emit-module-path /var/folders/g2/4t2t7ssj3n3_v2xrl935g8sh0000gn/T/flo-derived.tr2gd7/Build/Intermediates.noindex/Pulse.build/Debug-iphonesimulator/PulseUI.build/Objects-normal/x86_64/PulseUI.swiftmodule -validate-clang-modules-once -clang-build-session-file /var/folders/g2/4t2t7ssj3n3_v2xrl935g8sh0000gn/T/flo-derived.tr2gd7/ModuleCache.noindex/Session.modulevalidation -package-name pulse -Xcc -I/var/folders/g2/4t2t7ssj3n3_v2xrl935g8sh0000gn/T/flo-derived.tr2gd7/Build/Intermediates.noindex/Pulse.build/Debug-iphonesimulator/PulseUI.build/swift-overrides.hmap -emit-const-values -Xfrontend -const-gather-protocols-file -Xfrontend /var/folders/g2/4t2t7ssj3n3_v2xrl935g8sh0000gn/T/flo-derived.tr2gd7/Build/Intermediates.noindex/Pulse.build/Debug-iphonesimulator/PulseUI.build/Objects-normal/x86_64/PulseUI_const_extract_protocols.json -Xcc -I/var/folders/g2/4t2t7ssj3n3_v2xrl935g8sh0000gn/T/flo-derived.tr2gd7/Build/Products/Debug-iphonesimulator/include -Xcc -I/var/folders/g2/4t2t7ssj3n3_v2xrl935g8sh0000gn/T/flo-derived.tr2gd7/Build/Intermediates.noindex/Pulse.build/Debug-iphonesimulator/PulseUI.build/DerivedSources-normal/x86_64 -Xcc -I/var/folders/g2/4t2t7ssj3n3_v2xrl935g8sh0000gn/T/flo-derived.tr2gd7/Build/Intermediates.noindex/Pulse.build/Debug-iphonesimulator/PulseUI.build/DerivedSources/x86_64 -Xcc -I/var/folders/g2/4t2t7ssj3n3_v2xrl935g8sh0000gn/T/flo-derived.tr2gd7/Build/Intermediates.noindex/Pulse.build/Debug-iphonesimulator/PulseUI.build/DerivedSources -Xcc -DSWIFT_PACKAGE -Xcc -DDEBUG\=1 -emit-objc-header -emit-objc-header-path /var/folders/g2/4t2t7ssj3n3_v2xrl935g8sh0000gn/T/flo-derived.tr2gd7/Build/Intermediates.noindex/Pulse.build/Debug-iphonesimulator/PulseUI.build/Objects-normal/x86_64/PulseUI-Swift.h -working-directory /tmp/flo-empty/flo.xcodeproj -experimental-emit-module-separately -disable-cmo

Ld /var/folders/g2/4t2t7ssj3n3_v2xrl935g8sh0000gn/T/flo-derived.tr2gd7/Build/Products/Debug-iphonesimulator/Pulse.o normal (in target 'Pulse' from project 'Pulse')
    cd /var/folders/g2/4t2t7ssj3n3_v2xrl935g8sh0000gn/T/flo-derived.tr2gd7/SourcePackages/checkouts/Pulse
    /Applications/Xcode.app/Contents/Developer/Toolchains/XcodeDefault.xctoolchain/usr/bin/clang -Xlinker -reproducible -target x86_64-apple-ios15.0-simulator -r -isysroot /Applications/Xcode.app/Contents/Developer/Platforms/iPhoneSimulator.platform/Developer/SDKs/iPhoneSimulator26.4.sdk -O0 -w -F/var/folders/g2/4t2t7ssj3n3_v2xrl935g8sh0000gn/T/flo-derived.tr2gd7/Build/Intermediates.noindex/EagerLinkingTBDs/Debug-iphonesimulator -F/var/folders/g2/4t2t7ssj3n3_v2xrl935g8sh0000gn/T/flo-derived.tr2gd7/Build/Products/Debug-iphonesimulator -iframework /Applications/Xcode.app/Contents/Developer/Platforms/iPhoneSimulator.platform/Developer/Library/Frameworks -iframework /Applications/Xcode.app/Contents/Developer/Platforms/iPhoneSimulator.platform/Developer/SDKs/iPhoneSimulator26.4.sdk/Developer/Library/Frameworks -filelist /var/folders/g2/4t2t7ssj3n3_v2xrl935g8sh0000gn/T/flo-derived.tr2gd7/Build/Intermediates.noindex/Pulse.build/Debug-iphonesimulator/Pulse.build/Objects-normal/x86_64/Pulse.LinkFileList -nostdlib -Xlinker -object_path_lto -Xlinker /var/folders/g2/4t2t7ssj3n3_v2xrl935g8sh0000gn/T/flo-derived.tr2gd7/Build/Intermediates.noindex/Pulse.build/Debug-iphonesimulator/Pulse.build/Objects-normal/x86_64/Pulse_lto.o -Xlinker -no_deduplicate -Xlinker -objc_abi_version -Xlinker 2 -Xlinker -dependency_info -Xlinker /var/folders/g2/4t2t7ssj3n3_v2xrl935g8sh0000gn/T/flo-derived.tr2gd7/Build/Intermediates.noindex/Pulse.build/Debug-iphonesimulator/Pulse.build/Objects-normal/x86_64/Pulse_dependency_info.dat -fobjc-link-runtime -L/Applications/Xcode.app/Contents/Developer/Toolchains/XcodeDefault.xctoolchain/usr/lib/swift/iphonesimulator -L/usr/lib/swift -Xlinker -add_ast_path -Xlinker /var/folders/g2/4t2t7ssj3n3_v2xrl935g8sh0000gn/T/flo-derived.tr2gd7/Build/Intermediates.noindex/Pulse.build/Debug-iphonesimulator/Pulse.build/Objects-normal/x86_64/Pulse.swiftmodule @/var/folders/g2/4t2t7ssj3n3_v2xrl935g8sh0000gn/T/flo-derived.tr2gd7/Build/Intermediates.noindex/Pulse.build/Debug-iphonesimulator/Pulse.build/Objects-normal/x86_64/Pulse-linker-args.resp -o /var/folders/g2/4t2t7ssj3n3_v2xrl935g8sh0000gn/T/flo-derived.tr2gd7/Build/Products/Debug-iphonesimulator/Pulse.o

SwiftMergeGeneratedHeaders /var/folders/g2/4t2t7ssj3n3_v2xrl935g8sh0000gn/T/flo-derived.tr2gd7/Build/Intermediates.noindex/GeneratedModuleMaps-iphonesimulator/PulseUI-Swift.h /var/folders/g2/4t2t7ssj3n3_v2xrl935g8sh0000gn/T/flo-derived.tr2gd7/Build/Intermediates.noindex/Pulse.build/Debug-iphonesimulator/PulseUI.build/Objects-normal/x86_64/PulseUI-Swift.h (in target 'PulseUI' from project 'Pulse')
    cd /var/folders/g2/4t2t7ssj3n3_v2xrl935g8sh0000gn/T/flo-derived.tr2gd7/SourcePackages/checkouts/Pulse
    builtin-swiftHeaderTool -arch x86_64 /var/folders/g2/4t2t7ssj3n3_v2xrl935g8sh0000gn/T/flo-derived.tr2gd7/Build/Intermediates.noindex/Pulse.build/Debug-iphonesimulator/PulseUI.build/Objects-normal/x86_64/PulseUI-Swift.h -o /var/folders/g2/4t2t7ssj3n3_v2xrl935g8sh0000gn/T/flo-derived.tr2gd7/Build/Intermediates.noindex/GeneratedModuleMaps-iphonesimulator/PulseUI-Swift.h

Copy /var/folders/g2/4t2t7ssj3n3_v2xrl935g8sh0000gn/T/flo-derived.tr2gd7/Build/Products/Debug-iphonesimulator/PulseUI.swiftmodule/x86_64-apple-ios-simulator.swiftmodule /var/folders/g2/4t2t7ssj3n3_v2xrl935g8sh0000gn/T/flo-derived.tr2gd7/Build/Intermediates.noindex/Pulse.build/Debug-iphonesimulator/PulseUI.build/Objects-normal/x86_64/PulseUI.swiftmodule (in target 'PulseUI' from project 'Pulse')
    cd /var/folders/g2/4t2t7ssj3n3_v2xrl935g8sh0000gn/T/flo-derived.tr2gd7/SourcePackages/checkouts/Pulse
    builtin-copy -exclude .DS_Store -exclude CVS -exclude .svn -exclude .git -exclude .hg -resolve-src-symlinks -rename /var/folders/g2/4t2t7ssj3n3_v2xrl935g8sh0000gn/T/flo-derived.tr2gd7/Build/Intermediates.noindex/Pulse.build/Debug-iphonesimulator/PulseUI.build/Objects-normal/x86_64/PulseUI.swiftmodule /var/folders/g2/4t2t7ssj3n3_v2xrl935g8sh0000gn/T/flo-derived.tr2gd7/Build/Products/Debug-iphonesimulator/PulseUI.swiftmodule/x86_64-apple-ios-simulator.swiftmodule

Copy /var/folders/g2/4t2t7ssj3n3_v2xrl935g8sh0000gn/T/flo-derived.tr2gd7/Build/Products/Debug-iphonesimulator/PulseUI.swiftmodule/x86_64-apple-ios-simulator.swiftdoc /var/folders/g2/4t2t7ssj3n3_v2xrl935g8sh0000gn/T/flo-derived.tr2gd7/Build/Intermediates.noindex/Pulse.build/Debug-iphonesimulator/PulseUI.build/Objects-normal/x86_64/PulseUI.swiftdoc (in target 'PulseUI' from project 'Pulse')
    cd /var/folders/g2/4t2t7ssj3n3_v2xrl935g8sh0000gn/T/flo-derived.tr2gd7/SourcePackages/checkouts/Pulse
    builtin-copy -exclude .DS_Store -exclude CVS -exclude .svn -exclude .git -exclude .hg -resolve-src-symlinks -rename /var/folders/g2/4t2t7ssj3n3_v2xrl935g8sh0000gn/T/flo-derived.tr2gd7/Build/Intermediates.noindex/Pulse.build/Debug-iphonesimulator/PulseUI.build/Objects-normal/x86_64/PulseUI.swiftdoc /var/folders/g2/4t2t7ssj3n3_v2xrl935g8sh0000gn/T/flo-derived.tr2gd7/Build/Products/Debug-iphonesimulator/PulseUI.swiftmodule/x86_64-apple-ios-simulator.swiftdoc

Copy /var/folders/g2/4t2t7ssj3n3_v2xrl935g8sh0000gn/T/flo-derived.tr2gd7/Build/Products/Debug-iphonesimulator/PulseUI.swiftmodule/x86_64-apple-ios-simulator.abi.json /var/folders/g2/4t2t7ssj3n3_v2xrl935g8sh0000gn/T/flo-derived.tr2gd7/Build/Intermediates.noindex/Pulse.build/Debug-iphonesimulator/PulseUI.build/Objects-normal/x86_64/PulseUI.abi.json (in target 'PulseUI' from project 'Pulse')
    cd /var/folders/g2/4t2t7ssj3n3_v2xrl935g8sh0000gn/T/flo-derived.tr2gd7/SourcePackages/checkouts/Pulse
    builtin-copy -exclude .DS_Store -exclude CVS -exclude .svn -exclude .git -exclude .hg -resolve-src-symlinks -rename /var/folders/g2/4t2t7ssj3n3_v2xrl935g8sh0000gn/T/flo-derived.tr2gd7/Build/Intermediates.noindex/Pulse.build/Debug-iphonesimulator/PulseUI.build/Objects-normal/x86_64/PulseUI.abi.json /var/folders/g2/4t2t7ssj3n3_v2xrl935g8sh0000gn/T/flo-derived.tr2gd7/Build/Products/Debug-iphonesimulator/PulseUI.swiftmodule/x86_64-apple-ios-simulator.abi.json

Copy /var/folders/g2/4t2t7ssj3n3_v2xrl935g8sh0000gn/T/flo-derived.tr2gd7/Build/Products/Debug-iphonesimulator/PulseUI.swiftmodule/Project/x86_64-apple-ios-simulator.swiftsourceinfo /var/folders/g2/4t2t7ssj3n3_v2xrl935g8sh0000gn/T/flo-derived.tr2gd7/Build/Intermediates.noindex/Pulse.build/Debug-iphonesimulator/PulseUI.build/Objects-normal/x86_64/PulseUI.swiftsourceinfo (in target 'PulseUI' from project 'Pulse')
    cd /var/folders/g2/4t2t7ssj3n3_v2xrl935g8sh0000gn/T/flo-derived.tr2gd7/SourcePackages/checkouts/Pulse
    builtin-copy -exclude .DS_Store -exclude CVS -exclude .svn -exclude .git -exclude .hg -resolve-src-symlinks -rename /var/folders/g2/4t2t7ssj3n3_v2xrl935g8sh0000gn/T/flo-derived.tr2gd7/Build/Intermediates.noindex/Pulse.build/Debug-iphonesimulator/PulseUI.build/Objects-normal/x86_64/PulseUI.swiftsourceinfo /var/folders/g2/4t2t7ssj3n3_v2xrl935g8sh0000gn/T/flo-derived.tr2gd7/Build/Products/Debug-iphonesimulator/PulseUI.swiftmodule/Project/x86_64-apple-ios-simulator.swiftsourceinfo

SwiftDriver\ Compilation NukeUI normal x86_64 com.apple.xcode.tools.swift.compiler (in target 'NukeUI' from project 'Nuke')
    cd /tmp/flo-empty/flo.xcodeproj
    builtin-Swift-Compilation -- /Applications/Xcode.app/Contents/Developer/Toolchains/XcodeDefault.xctoolchain/usr/bin/swiftc -module-name NukeUI -Onone @/var/folders/g2/4t2t7ssj3n3_v2xrl935g8sh0000gn/T/flo-derived.tr2gd7/Build/Intermediates.noindex/Nuke.build/Debug-iphonesimulator/NukeUI.build/Objects-normal/x86_64/NukeUI.SwiftFileList -DSWIFT_PACKAGE -DDEBUG -DSWIFT_MODULE_RESOURCE_BUNDLE_UNAVAILABLE -DXcode -plugin-path /Applications/Xcode.app/Contents/Developer/Toolchains/XcodeDefault.xctoolchain/usr/lib/swift/host/plugins/testing -enable-experimental-feature DebugDescriptionMacro -sdk /Applications/Xcode.app/Contents/Developer/Platforms/iPhoneSimulator.platform/Developer/SDKs/iPhoneSimulator26.4.sdk -target x86_64-apple-ios13.0-simulator -g -module-cache-path /var/folders/g2/4t2t7ssj3n3_v2xrl935g8sh0000gn/T/flo-derived.tr2gd7/ModuleCache.noindex -Xfrontend -serialize-debugging-options -enable-testing -suppress-warnings -index-store-path /var/folders/g2/4t2t7ssj3n3_v2xrl935g8sh0000gn/T/flo-derived.tr2gd7/Index.noindex/DataStore -Xcc -D_LIBCPP_HARDENING_MODE\=_LIBCPP_HARDENING_MODE_DEBUG -swift-version 5 -I /var/folders/g2/4t2t7ssj3n3_v2xrl935g8sh0000gn/T/flo-derived.tr2gd7/Build/Products/Debug-iphonesimulator -Isystem /Applications/Xcode.app/Contents/Developer/Platforms/iPhoneSimulator.platform/Developer/usr/lib -F /var/folders/g2/4t2t7ssj3n3_v2xrl935g8sh0000gn/T/flo-derived.tr2gd7/Build/Products/Debug-iphonesimulator/PackageFrameworks -F /var/folders/g2/4t2t7ssj3n3_v2xrl935g8sh0000gn/T/flo-derived.tr2gd7/Build/Products/Debug-iphonesimulator -F /Applications/Xcode.app/Contents/Developer/Platforms/iPhoneSimulator.platform/Developer/Library/Frameworks -F /Applications/Xcode.app/Contents/Developer/Platforms/iPhoneSimulator.platform/Developer/SDKs/iPhoneSimulator26.4.sdk/Developer/Library/Frameworks -c -j12 -enable-batch-mode -incremental -Xcc -ivfsstatcache -Xcc /var/folders/g2/4t2t7ssj3n3_v2xrl935g8sh0000gn/T/flo-derived.tr2gd7/SDKStatCaches.noindex/iphonesimulator26.4-23E237-686eebb5dc1d8ecb277353a59184f4aa.sdkstatcache -output-file-map /var/folders/g2/4t2t7ssj3n3_v2xrl935g8sh0000gn/T/flo-derived.tr2gd7/Build/Intermediates.noindex/Nuke.build/Debug-iphonesimulator/NukeUI.build/Objects-normal/x86_64/NukeUI-OutputFileMap.json -use-frontend-parseable-output -save-temps -no-color-diagnostics -explicit-module-build -module-cache-path /var/folders/g2/4t2t7ssj3n3_v2xrl935g8sh0000gn/T/flo-derived.tr2gd7/Build/Intermediates.noindex/SwiftExplicitPrecompiledModules -clang-scanner-module-cache-path /var/folders/g2/4t2t7ssj3n3_v2xrl935g8sh0000gn/T/flo-derived.tr2gd7/ModuleCache.noindex -sdk-module-cache-path /var/folders/g2/4t2t7ssj3n3_v2xrl935g8sh0000gn/T/flo-derived.tr2gd7/ModuleCache.noindex -serialize-diagnostics -emit-dependencies -emit-module -emit-module-path /var/folders/g2/4t2t7ssj3n3_v2xrl935g8sh0000gn/T/flo-derived.tr2gd7/Build/Intermediates.noindex/Nuke.build/Debug-iphonesimulator/NukeUI.build/Objects-normal/x86_64/NukeUI.swiftmodule -validate-clang-modules-once -clang-build-session-file /var/folders/g2/4t2t7ssj3n3_v2xrl935g8sh0000gn/T/flo-derived.tr2gd7/ModuleCache.noindex/Session.modulevalidation -package-name nuke -Xcc -I/var/folders/g2/4t2t7ssj3n3_v2xrl935g8sh0000gn/T/flo-derived.tr2gd7/Build/Intermediates.noindex/Nuke.build/Debug-iphonesimulator/NukeUI.build/swift-overrides.hmap -emit-const-values -Xfrontend -const-gather-protocols-file -Xfrontend /var/folders/g2/4t2t7ssj3n3_v2xrl935g8sh0000gn/T/flo-derived.tr2gd7/Build/Intermediates.noindex/Nuke.build/Debug-iphonesimulator/NukeUI.build/Objects-normal/x86_64/NukeUI_const_extract_protocols.json -Xcc -I/var/folders/g2/4t2t7ssj3n3_v2xrl935g8sh0000gn/T/flo-derived.tr2gd7/Build/Products/Debug-iphonesimulator/include -Xcc -I/var/folders/g2/4t2t7ssj3n3_v2xrl935g8sh0000gn/T/flo-derived.tr2gd7/Build/Intermediates.noindex/Nuke.build/Debug-iphonesimulator/NukeUI.build/DerivedSources-normal/x86_64 -Xcc -I/var/folders/g2/4t2t7ssj3n3_v2xrl935g8sh0000gn/T/flo-derived.tr2gd7/Build/Intermediates.noindex/Nuke.build/Debug-iphonesimulator/NukeUI.build/DerivedSources/x86_64 -Xcc -I/var/folders/g2/4t2t7ssj3n3_v2xrl935g8sh0000gn/T/flo-derived.tr2gd7/Build/Intermediates.noindex/Nuke.build/Debug-iphonesimulator/NukeUI.build/DerivedSources -Xcc -DSWIFT_PACKAGE -Xcc -DDEBUG\=1 -emit-objc-header -emit-objc-header-path /var/folders/g2/4t2t7ssj3n3_v2xrl935g8sh0000gn/T/flo-derived.tr2gd7/Build/Intermediates.noindex/Nuke.build/Debug-iphonesimulator/NukeUI.build/Objects-normal/x86_64/NukeUI-Swift.h -working-directory /tmp/flo-empty/flo.xcodeproj -experimental-emit-module-separately -disable-cmo

Ld /var/folders/g2/4t2t7ssj3n3_v2xrl935g8sh0000gn/T/flo-derived.tr2gd7/Build/Products/Debug-iphonesimulator/NukeUI.o normal (in target 'NukeUI' from project 'Nuke')
    cd /var/folders/g2/4t2t7ssj3n3_v2xrl935g8sh0000gn/T/flo-derived.tr2gd7/SourcePackages/checkouts/Nuke
    /Applications/Xcode.app/Contents/Developer/Toolchains/XcodeDefault.xctoolchain/usr/bin/clang -Xlinker -reproducible -target x86_64-apple-ios13.0-simulator -r -isysroot /Applications/Xcode.app/Contents/Developer/Platforms/iPhoneSimulator.platform/Developer/SDKs/iPhoneSimulator26.4.sdk -O0 -w -F/var/folders/g2/4t2t7ssj3n3_v2xrl935g8sh0000gn/T/flo-derived.tr2gd7/Build/Intermediates.noindex/EagerLinkingTBDs/Debug-iphonesimulator -F/var/folders/g2/4t2t7ssj3n3_v2xrl935g8sh0000gn/T/flo-derived.tr2gd7/Build/Products/Debug-iphonesimulator/PackageFrameworks -F/var/folders/g2/4t2t7ssj3n3_v2xrl935g8sh0000gn/T/flo-derived.tr2gd7/Build/Products/Debug-iphonesimulator -iframework /Applications/Xcode.app/Contents/Developer/Platforms/iPhoneSimulator.platform/Developer/Library/Frameworks -iframework /Applications/Xcode.app/Contents/Developer/Platforms/iPhoneSimulator.platform/Developer/SDKs/iPhoneSimulator26.4.sdk/Developer/Library/Frameworks -filelist /var/folders/g2/4t2t7ssj3n3_v2xrl935g8sh0000gn/T/flo-derived.tr2gd7/Build/Intermediates.noindex/Nuke.build/Debug-iphonesimulator/NukeUI.build/Objects-normal/x86_64/NukeUI.LinkFileList -nostdlib -Xlinker -object_path_lto -Xlinker /var/folders/g2/4t2t7ssj3n3_v2xrl935g8sh0000gn/T/flo-derived.tr2gd7/Build/Intermediates.noindex/Nuke.build/Debug-iphonesimulator/NukeUI.build/Objects-normal/x86_64/NukeUI_lto.o -Xlinker -no_deduplicate -Xlinker -objc_abi_version -Xlinker 2 -Xlinker -dependency_info -Xlinker /var/folders/g2/4t2t7ssj3n3_v2xrl935g8sh0000gn/T/flo-derived.tr2gd7/Build/Intermediates.noindex/Nuke.build/Debug-iphonesimulator/NukeUI.build/Objects-normal/x86_64/NukeUI_dependency_info.dat -fobjc-link-runtime -L/Applications/Xcode.app/Contents/Developer/Toolchains/XcodeDefault.xctoolchain/usr/lib/swift/iphonesimulator -L/usr/lib/swift -Xlinker -add_ast_path -Xlinker /var/folders/g2/4t2t7ssj3n3_v2xrl935g8sh0000gn/T/flo-derived.tr2gd7/Build/Intermediates.noindex/Nuke.build/Debug-iphonesimulator/NukeUI.build/Objects-normal/x86_64/NukeUI.swiftmodule @/var/folders/g2/4t2t7ssj3n3_v2xrl935g8sh0000gn/T/flo-derived.tr2gd7/Build/Intermediates.noindex/Nuke.build/Debug-iphonesimulator/NukeUI.build/Objects-normal/x86_64/NukeUI-linker-args.resp -o /var/folders/g2/4t2t7ssj3n3_v2xrl935g8sh0000gn/T/flo-derived.tr2gd7/Build/Products/Debug-iphonesimulator/NukeUI.o

ExtractAppIntentsMetadata (in target 'Pulse' from project 'Pulse')
    cd /var/folders/g2/4t2t7ssj3n3_v2xrl935g8sh0000gn/T/flo-derived.tr2gd7/SourcePackages/checkouts/Pulse
    /Applications/Xcode.app/Contents/Developer/Toolchains/XcodeDefault.xctoolchain/usr/bin/appintentsmetadataprocessor --toolchain-dir /Applications/Xcode.app/Contents/Developer/Toolchains/XcodeDefault.xctoolchain --module-name Pulse --sdk-root /Applications/Xcode.app/Contents/Developer/Platforms/iPhoneSimulator.platform/Developer/SDKs/iPhoneSimulator26.4.sdk --xcode-version 17E192 --platform-family iOS --deployment-target 15.0 --bundle-identifier pulse.Pulse --output /var/folders/g2/4t2t7ssj3n3_v2xrl935g8sh0000gn/T/flo-derived.tr2gd7/Build/Products/Debug-iphonesimulator/Pulse.appintents --target-triple x86_64-apple-ios15.0-simulator --binary-file /var/folders/g2/4t2t7ssj3n3_v2xrl935g8sh0000gn/T/flo-derived.tr2gd7/Build/Products/Debug-iphonesimulator/Pulse.o --dependency-file /var/folders/g2/4t2t7ssj3n3_v2xrl935g8sh0000gn/T/flo-derived.tr2gd7/Build/Intermediates.noindex/Pulse.build/Debug-iphonesimulator/Pulse.build/Objects-normal/x86_64/Pulse_dependency_info.dat --stringsdata-file /var/folders/g2/4t2t7ssj3n3_v2xrl935g8sh0000gn/T/flo-derived.tr2gd7/Build/Intermediates.noindex/Pulse.build/Debug-iphonesimulator/Pulse.build/Objects-normal/x86_64/ExtractedAppShortcutsMetadata.stringsdata --source-file-list /var/folders/g2/4t2t7ssj3n3_v2xrl935g8sh0000gn/T/flo-derived.tr2gd7/Build/Intermediates.noindex/Pulse.build/Debug-iphonesimulator/Pulse.build/Objects-normal/x86_64/Pulse.SwiftFileList --metadata-file-list /var/folders/g2/4t2t7ssj3n3_v2xrl935g8sh0000gn/T/flo-derived.tr2gd7/Build/Intermediates.noindex/Pulse.build/Debug-iphonesimulator/Pulse.build/Pulse.DependencyMetadataFileList --static-metadata-file-list /var/folders/g2/4t2t7ssj3n3_v2xrl935g8sh0000gn/T/flo-derived.tr2gd7/Build/Intermediates.noindex/Pulse.build/Debug-iphonesimulator/Pulse.build/Pulse.DependencyStaticMetadataFileList --swift-const-vals-list /var/folders/g2/4t2t7ssj3n3_v2xrl935g8sh0000gn/T/flo-derived.tr2gd7/Build/Intermediates.noindex/Pulse.build/Debug-iphonesimulator/Pulse.build/Objects-normal/x86_64/Pulse.SwiftConstValuesFileList --force --compile-time-extraction --deployment-aware-processing --validate-assistant-intents --no-app-shortcuts-localization
2026-10-06 02:34:40.805 appintentsmetadataprocessor[48617:709904] Starting appintentsmetadataprocessor export
2026-10-06 02:34:40.834 appintentsmetadataprocessor[48617:709904] Extracted no relevant App Intents symbols, skipping writing output

ExtractAppIntentsMetadata (in target 'NukeUI' from project 'Nuke')
    cd /var/folders/g2/4t2t7ssj3n3_v2xrl935g8sh0000gn/T/flo-derived.tr2gd7/SourcePackages/checkouts/Nuke
    /Applications/Xcode.app/Contents/Developer/Toolchains/XcodeDefault.xctoolchain/usr/bin/appintentsmetadataprocessor --toolchain-dir /Applications/Xcode.app/Contents/Developer/Toolchains/XcodeDefault.xctoolchain --module-name NukeUI --sdk-root /Applications/Xcode.app/Contents/Developer/Platforms/iPhoneSimulator.platform/Developer/SDKs/iPhoneSimulator26.4.sdk --xcode-version 17E192 --platform-family iOS --deployment-target 13.0 --bundle-identifier nuke.NukeUI --output /var/folders/g2/4t2t7ssj3n3_v2xrl935g8sh0000gn/T/flo-derived.tr2gd7/Build/Products/Debug-iphonesimulator/NukeUI.appintents --target-triple x86_64-apple-ios13.0-simulator --binary-file /var/folders/g2/4t2t7ssj3n3_v2xrl935g8sh0000gn/T/flo-derived.tr2gd7/Build/Products/Debug-iphonesimulator/NukeUI.o --dependency-file /var/folders/g2/4t2t7ssj3n3_v2xrl935g8sh0000gn/T/flo-derived.tr2gd7/Build/Intermediates.noindex/Nuke.build/Debug-iphonesimulator/NukeUI.build/Objects-normal/x86_64/NukeUI_dependency_info.dat --stringsdata-file /var/folders/g2/4t2t7ssj3n3_v2xrl935g8sh0000gn/T/flo-derived.tr2gd7/Build/Intermediates.noindex/Nuke.build/Debug-iphonesimulator/NukeUI.build/Objects-normal/x86_64/ExtractedAppShortcutsMetadata.stringsdata --source-file-list /var/folders/g2/4t2t7ssj3n3_v2xrl935g8sh0000gn/T/flo-derived.tr2gd7/Build/Intermediates.noindex/Nuke.build/Debug-iphonesimulator/NukeUI.build/Objects-normal/x86_64/NukeUI.SwiftFileList --metadata-file-list /var/folders/g2/4t2t7ssj3n3_v2xrl935g8sh0000gn/T/flo-derived.tr2gd7/Build/Intermediates.noindex/Nuke.build/Debug-iphonesimulator/NukeUI.build/NukeUI.DependencyMetadataFileList --static-metadata-file-list /var/folders/g2/4t2t7ssj3n3_v2xrl935g8sh0000gn/T/flo-derived.tr2gd7/Build/Intermediates.noindex/Nuke.build/Debug-iphonesimulator/NukeUI.build/NukeUI.DependencyStaticMetadataFileList --swift-const-vals-list /var/folders/g2/4t2t7ssj3n3_v2xrl935g8sh0000gn/T/flo-derived.tr2gd7/Build/Intermediates.noindex/Nuke.build/Debug-iphonesimulator/NukeUI.build/Objects-normal/x86_64/NukeUI.SwiftConstValuesFileList --force --compile-time-extraction --deployment-aware-processing --validate-assistant-intents --no-app-shortcuts-localization
2026-10-06 02:34:40.879 appintentsmetadataprocessor[48618:709912] Starting appintentsmetadataprocessor export
2026-10-06 02:34:40.904 appintentsmetadataprocessor[48618:709912] Extracted no relevant App Intents symbols, skipping writing output

SwiftDriverJobDiscovery normal x86_64 Compiling Foundation+Extensions.swift, NSAttributedString+Extensions.swift, Pulse+Extensions.swift, SwiftUI+Extensions.swift, ConsoleDataSource.swift, ConsoleEnvironment.swift, ConsoleView-ios.swift, ConsoleView-tvos.swift, ConsoleView-watchos.swift, ConsoleView.swift, ConsoleListContentView.swift (in target 'PulseUI' from project 'Pulse')

SwiftDriverJobDiscovery normal x86_64 Compiling ConsoleFiltersView.swift, ConsoleFilters.swift, ConsoleSearchCriteria+Predicates.swift, ConsoleDomainsSelectionView.swift, ConsoleLabelsSelectionView.swift, ConsoleSearchListSelectionView.swift, ConsoleSearchSectionHeader.swift, ConsoleSection.swift, ConsoleSessionsPickerView.swift, NetworkCURLCell.swift, NetworkCookiesCell.swift (in target 'PulseUI' from project 'Pulse')

MkDir /var/folders/g2/4t2t7ssj3n3_v2xrl935g8sh0000gn/T/flo-derived.tr2gd7/Build/Intermediates.noindex/flo.build/Debug-iphonesimulator/flo.build/assetcatalog_output/thinned (in target 'flo' from project 'flo')
    cd /tmp/flo-empty
    /bin/mkdir -p /var/folders/g2/4t2t7ssj3n3_v2xrl935g8sh0000gn/T/flo-derived.tr2gd7/Build/Intermediates.noindex/flo.build/Debug-iphonesimulator/flo.build/assetcatalog_output/thinned

MkDir /var/folders/g2/4t2t7ssj3n3_v2xrl935g8sh0000gn/T/flo-derived.tr2gd7/Build/Intermediates.noindex/flo.build/Debug-iphonesimulator/flo.build/assetcatalog_output/unthinned (in target 'flo' from project 'flo')
    cd /tmp/flo-empty
    /bin/mkdir -p /var/folders/g2/4t2t7ssj3n3_v2xrl935g8sh0000gn/T/flo-derived.tr2gd7/Build/Intermediates.noindex/flo.build/Debug-iphonesimulator/flo.build/assetcatalog_output/unthinned

GenerateStringSymbols /var/folders/g2/4t2t7ssj3n3_v2xrl935g8sh0000gn/T/flo-derived.tr2gd7/Build/Intermediates.noindex/flo.build/Debug-iphonesimulator/flo.build/DerivedSources/GeneratedStringSymbols_Localizable.swift /tmp/flo-empty/flo/Resources/Localizable.xcstrings (in target 'flo' from project 'flo')
    cd /tmp/flo-empty
    /Applications/Xcode.app/Contents/Developer/usr/bin/xcstringstool generate-symbols --language swift --output-directory /var/folders/g2/4t2t7ssj3n3_v2xrl935g8sh0000gn/T/flo-derived.tr2gd7/Build/Intermediates.noindex/flo.build/Debug-iphonesimulator/flo.build/DerivedSources /tmp/flo-empty/flo/Resources/Localizable.xcstrings

GenerateAssetSymbols /tmp/flo-empty/flo/Resources/Preview\ Content/Preview\ Assets.xcassets /tmp/flo-empty/flo/Resources/Assets.xcassets /tmp/flo-empty/flo/Resources/floIcon.icon (in target 'flo' from project 'flo')
    cd /tmp/flo-empty
    /Applications/Xcode.app/Contents/Developer/usr/bin/actool /tmp/flo-empty/flo/Resources/Preview\ Content/Preview\ Assets.xcassets /tmp/flo-empty/flo/Resources/Assets.xcassets /tmp/flo-empty/flo/Resources/floIcon.icon --compile /var/folders/g2/4t2t7ssj3n3_v2xrl935g8sh0000gn/T/flo-derived.tr2gd7/Build/Products/Debug-iphonesimulator/flo.app --output-format human-readable-text --notices --warnings --export-dependency-info /var/folders/g2/4t2t7ssj3n3_v2xrl935g8sh0000gn/T/flo-derived.tr2gd7/Build/Intermediates.noindex/flo.build/Debug-iphonesimulator/flo.build/assetcatalog_dependencies --output-partial-info-plist /var/folders/g2/4t2t7ssj3n3_v2xrl935g8sh0000gn/T/flo-derived.tr2gd7/Build/Intermediates.noindex/flo.build/Debug-iphonesimulator/flo.build/assetcatalog_generated_info.plist --app-icon floIcon --include-all-app-icons --alternate-app-icon AppIconAlt1 --accent-color AccentColor --compress-pngs --enable-on-demand-resources YES --development-region en --target-device iphone --target-device ipad --minimum-deployment-target 16.0 --platform iphonesimulator --bundle-identifier com.penerbangwalet.flo --generate-swift-asset-symbols /var/folders/g2/4t2t7ssj3n3_v2xrl935g8sh0000gn/T/flo-derived.tr2gd7/Build/Intermediates.noindex/flo.build/Debug-iphonesimulator/flo.build/DerivedSources/GeneratedAssetSymbols.swift --generate-objc-asset-symbols /var/folders/g2/4t2t7ssj3n3_v2xrl935g8sh0000gn/T/flo-derived.tr2gd7/Build/Intermediates.noindex/flo.build/Debug-iphonesimulator/flo.build/DerivedSources/GeneratedAssetSymbols.h --generate-asset-symbol-index /var/folders/g2/4t2t7ssj3n3_v2xrl935g8sh0000gn/T/flo-derived.tr2gd7/Build/Intermediates.noindex/flo.build/Debug-iphonesimulator/flo.build/DerivedSources/GeneratedAssetSymbols-Index.plist
/* com.apple.actool.compilation-results */
/var/folders/g2/4t2t7ssj3n3_v2xrl935g8sh0000gn/T/flo-derived.tr2gd7/Build/Intermediates.noindex/flo.build/Debug-iphonesimulator/flo.build/DerivedSources/GeneratedAssetSymbols-Index.plist
/var/folders/g2/4t2t7ssj3n3_v2xrl935g8sh0000gn/T/flo-derived.tr2gd7/Build/Intermediates.noindex/flo.build/Debug-iphonesimulator/flo.build/DerivedSources/GeneratedAssetSymbols.h
/var/folders/g2/4t2t7ssj3n3_v2xrl935g8sh0000gn/T/flo-derived.tr2gd7/Build/Intermediates.noindex/flo.build/Debug-iphonesimulator/flo.build/DerivedSources/GeneratedAssetSymbols.swift


DataModelCompile /var/folders/g2/4t2t7ssj3n3_v2xrl935g8sh0000gn/T/flo-derived.tr2gd7/Build/Products/Debug-iphonesimulator/flo.app/ /tmp/flo-empty/flo/flo.xcdatamodeld (in target 'flo' from project 'flo')
    cd /tmp/flo-empty
    /Applications/Xcode.app/Contents/Developer/usr/bin/momc --sdkroot /Applications/Xcode.app/Contents/Developer/Platforms/iPhoneSimulator.platform/Developer/SDKs/iPhoneSimulator26.4.sdk --iphonesimulator-deployment-target 16.0 --module flo /tmp/flo-empty/flo/flo.xcdatamodeld /var/folders/g2/4t2t7ssj3n3_v2xrl935g8sh0000gn/T/flo-derived.tr2gd7/Build/Products/Debug-iphonesimulator/flo.app/
flo.xcdatamodel: note: Model flo version checksum: LHKl6uFTGzoN+2K9U5AlXZze75sstwD69nR3LhKXvcI=

DataModelCodegen /tmp/flo-empty/flo/flo.xcdatamodeld (in target 'flo' from project 'flo')
    cd /tmp/flo-empty
    /Applications/Xcode.app/Contents/Developer/usr/bin/momc --action generate --swift-version 5.0 --sdkroot /Applications/Xcode.app/Contents/Developer/Platforms/iPhoneSimulator.platform/Developer/SDKs/iPhoneSimulator26.4.sdk --iphonesimulator-deployment-target 16.0 --module flo /tmp/flo-empty/flo/flo.xcdatamodeld /var/folders/g2/4t2t7ssj3n3_v2xrl935g8sh0000gn/T/flo-derived.tr2gd7/Build/Intermediates.noindex/flo.build/Debug-iphonesimulator/flo.build/DerivedSources/CoreDataGenerated/flo

CompileXCStrings /var/folders/g2/4t2t7ssj3n3_v2xrl935g8sh0000gn/T/flo-derived.tr2gd7/Build/Intermediates.noindex/flo.build/Debug-iphonesimulator/flo.build/ /tmp/flo-empty/flo/Resources/Localizable.xcstrings (in target 'flo' from project 'flo')
    cd /tmp/flo-empty
    /Applications/Xcode.app/Contents/Developer/usr/bin/xcstringstool compile --output-directory /var/folders/g2/4t2t7ssj3n3_v2xrl935g8sh0000gn/T/flo-derived.tr2gd7/Build/Intermediates.noindex/flo.build/Debug-iphonesimulator/flo.build /tmp/flo-empty/flo/Resources/Localizable.xcstrings

CopyStringsFile /var/folders/g2/4t2t7ssj3n3_v2xrl935g8sh0000gn/T/flo-derived.tr2gd7/Build/Products/Debug-iphonesimulator/flo.app/nb.lproj/Localizable.strings /var/folders/g2/4t2t7ssj3n3_v2xrl935g8sh0000gn/T/flo-derived.tr2gd7/Build/Intermediates.noindex/flo.build/Debug-iphonesimulator/flo.build/nb.lproj/Localizable.strings (in target 'flo' from project 'flo')
    cd /tmp/flo-empty
    builtin-copyStrings --validate --outputencoding binary --outfilename Localizable.strings --outdir /var/folders/g2/4t2t7ssj3n3_v2xrl935g8sh0000gn/T/flo-derived.tr2gd7/Build/Products/Debug-iphonesimulator/flo.app/nb.lproj -- /var/folders/g2/4t2t7ssj3n3_v2xrl935g8sh0000gn/T/flo-derived.tr2gd7/Build/Intermediates.noindex/flo.build/Debug-iphonesimulator/flo.build/nb.lproj/Localizable.strings
/var/folders/g2/4t2t7ssj3n3_v2xrl935g8sh0000gn/T/flo-derived.tr2gd7/Build/Intermediates.noindex/flo.build/Debug-iphonesimulator/flo.build/nb.lproj/Localizable.strings:1:1: note: detected encoding of input file as Unicode (UTF-8) (in target 'flo' from project 'flo')

CopyStringsFile /var/folders/g2/4t2t7ssj3n3_v2xrl935g8sh0000gn/T/flo-derived.tr2gd7/Build/Products/Debug-iphonesimulator/flo.app/id.lproj/Localizable.strings /var/folders/g2/4t2t7ssj3n3_v2xrl935g8sh0000gn/T/flo-derived.tr2gd7/Build/Intermediates.noindex/flo.build/Debug-iphonesimulator/flo.build/id.lproj/Localizable.strings (in target 'flo' from project 'flo')
    cd /tmp/flo-empty
    builtin-copyStrings --validate --outputencoding binary --outfilename Localizable.strings --outdir /var/folders/g2/4t2t7ssj3n3_v2xrl935g8sh0000gn/T/flo-derived.tr2gd7/Build/Products/Debug-iphonesimulator/flo.app/id.lproj -- /var/folders/g2/4t2t7ssj3n3_v2xrl935g8sh0000gn/T/flo-derived.tr2gd7/Build/Intermediates.noindex/flo.build/Debug-iphonesimulator/flo.build/id.lproj/Localizable.strings
/var/folders/g2/4t2t7ssj3n3_v2xrl935g8sh0000gn/T/flo-derived.tr2gd7/Build/Intermediates.noindex/flo.build/Debug-iphonesimulator/flo.build/id.lproj/Localizable.strings:1:1: note: detected encoding of input file as Unicode (UTF-8) (in target 'flo' from project 'flo')

SwiftDriverJobDiscovery normal x86_64 Compiling PlaceholderView.swift, PulseUI+UIKit.swift, SectionHeaderView.swift, ShareStoreView.swift, ShareStoreViewModel.swift, ShareView.swift, SpinnerView.swift, TextView.swift, TimingView.swift, WebView.swift (in target 'PulseUI' from project 'Pulse')

CopyStringsFile /var/folders/g2/4t2t7ssj3n3_v2xrl935g8sh0000gn/T/flo-derived.tr2gd7/Build/Products/Debug-iphonesimulator/flo.app/en.lproj/Localizable.strings /var/folders/g2/4t2t7ssj3n3_v2xrl935g8sh0000gn/T/flo-derived.tr2gd7/Build/Intermediates.noindex/flo.build/Debug-iphonesimulator/flo.build/en.lproj/Localizable.strings (in target 'flo' from project 'flo')
    cd /tmp/flo-empty
    builtin-copyStrings --validate --outputencoding binary --outfilename Localizable.strings --outdir /var/folders/g2/4t2t7ssj3n3_v2xrl935g8sh0000gn/T/flo-derived.tr2gd7/Build/Products/Debug-iphonesimulator/flo.app/en.lproj -- /var/folders/g2/4t2t7ssj3n3_v2xrl935g8sh0000gn/T/flo-derived.tr2gd7/Build/Intermediates.noindex/flo.build/Debug-iphonesimulator/flo.build/en.lproj/Localizable.strings
/var/folders/g2/4t2t7ssj3n3_v2xrl935g8sh0000gn/T/flo-derived.tr2gd7/Build/Intermediates.noindex/flo.build/Debug-iphonesimulator/flo.build/en.lproj/Localizable.strings:1:1: note: detected encoding of input file as Unicode (UTF-8) (in target 'flo' from project 'flo')

CopyStringsFile /var/folders/g2/4t2t7ssj3n3_v2xrl935g8sh0000gn/T/flo-derived.tr2gd7/Build/Products/Debug-iphonesimulator/flo.app/de.lproj/Localizable.strings /var/folders/g2/4t2t7ssj3n3_v2xrl935g8sh0000gn/T/flo-derived.tr2gd7/Build/Intermediates.noindex/flo.build/Debug-iphonesimulator/flo.build/de.lproj/Localizable.strings (in target 'flo' from project 'flo')
    cd /tmp/flo-empty
    builtin-copyStrings --validate --outputencoding binary --outfilename Localizable.strings --outdir /var/folders/g2/4t2t7ssj3n3_v2xrl935g8sh0000gn/T/flo-derived.tr2gd7/Build/Products/Debug-iphonesimulator/flo.app/de.lproj -- /var/folders/g2/4t2t7ssj3n3_v2xrl935g8sh0000gn/T/flo-derived.tr2gd7/Build/Intermediates.noindex/flo.build/Debug-iphonesimulator/flo.build/de.lproj/Localizable.strings
/var/folders/g2/4t2t7ssj3n3_v2xrl935g8sh0000gn/T/flo-derived.tr2gd7/Build/Intermediates.noindex/flo.build/Debug-iphonesimulator/flo.build/de.lproj/Localizable.strings:1:1: note: detected encoding of input file as Unicode (UTF-8) (in target 'flo' from project 'flo')

CompileAssetCatalogVariant thinned /var/folders/g2/4t2t7ssj3n3_v2xrl935g8sh0000gn/T/flo-derived.tr2gd7/Build/Products/Debug-iphonesimulator/flo.app /tmp/flo-empty/flo/Resources/Preview\ Content/Preview\ Assets.xcassets /tmp/flo-empty/flo/Resources/Assets.xcassets /tmp/flo-empty/flo/Resources/floIcon.icon (in target 'flo' from project 'flo')
    cd /tmp/flo-empty
    /Applications/Xcode.app/Contents/Developer/usr/bin/actool /tmp/flo-empty/flo/Resources/Preview\ Content/Preview\ Assets.xcassets /tmp/flo-empty/flo/Resources/Assets.xcassets /tmp/flo-empty/flo/Resources/floIcon.icon --compile /var/folders/g2/4t2t7ssj3n3_v2xrl935g8sh0000gn/T/flo-derived.tr2gd7/Build/Intermediates.noindex/flo.build/Debug-iphonesimulator/flo.build/assetcatalog_output/thinned --output-format human-readable-text --notices --warnings --export-dependency-info /var/folders/g2/4t2t7ssj3n3_v2xrl935g8sh0000gn/T/flo-derived.tr2gd7/Build/Intermediates.noindex/flo.build/Debug-iphonesimulator/flo.build/assetcatalog_dependencies_thinned --output-partial-info-plist /var/folders/g2/4t2t7ssj3n3_v2xrl935g8sh0000gn/T/flo-derived.tr2gd7/Build/Intermediates.noindex/flo.build/Debug-iphonesimulator/flo.build/assetcatalog_generated_info.plist_thinned --app-icon floIcon --include-all-app-icons --alternate-app-icon AppIconAlt1 --accent-color AccentColor --compress-pngs --enable-on-demand-resources YES --filter-for-thinning-device-configuration iPhone18,1 --filter-for-device-os-version 26.4 --development-region en --target-device iphone --target-device ipad --minimum-deployment-target 16.0 --platform iphonesimulator
2026-10-06 02:34:56.603 AssetCatalogSimulatorAgent[48628:710696] The filter 'CIPortraitEffectSpillCorrection' is not implemented in the bundle at /Library/Developer/CoreSimulator/Volumes/iOS_23E244/Library/Developer/CoreSimulator/Profiles/Runtimes/iOS 26.4.simruntime/Contents/Resources/RuntimeRoot/System/Library/CoreImage/PortraitFilters.cifilter.
/* com.apple.actool.compilation-results */
/var/folders/g2/4t2t7ssj3n3_v2xrl935g8sh0000gn/T/flo-derived.tr2gd7/Build/Intermediates.noindex/flo.build/Debug-iphonesimulator/flo.build/assetcatalog_generated_info.plist_thinned
/var/folders/g2/4t2t7ssj3n3_v2xrl935g8sh0000gn/T/flo-derived.tr2gd7/Build/Intermediates.noindex/flo.build/Debug-iphonesimulator/flo.build/assetcatalog_output/thinned/Assets.car
/var/folders/g2/4t2t7ssj3n3_v2xrl935g8sh0000gn/T/flo-derived.tr2gd7/Build/Intermediates.noindex/flo.build/Debug-iphonesimulator/flo.build/assetcatalog_output/thinned/floIcon60x60@2x.png
/var/folders/g2/4t2t7ssj3n3_v2xrl935g8sh0000gn/T/flo-derived.tr2gd7/Build/Intermediates.noindex/flo.build/Debug-iphonesimulator/flo.build/assetcatalog_output/thinned/floIcon76x76@2x~ipad.png


RegisterExecutionPolicyException /var/folders/g2/4t2t7ssj3n3_v2xrl935g8sh0000gn/T/flo-derived.tr2gd7/Build/Products/Debug-iphonesimulator/Pulse.o (in target 'Pulse' from project 'Pulse')
    cd /var/folders/g2/4t2t7ssj3n3_v2xrl935g8sh0000gn/T/flo-derived.tr2gd7/SourcePackages/checkouts/Pulse
    builtin-RegisterExecutionPolicyException /var/folders/g2/4t2t7ssj3n3_v2xrl935g8sh0000gn/T/flo-derived.tr2gd7/Build/Products/Debug-iphonesimulator/Pulse.o

SwiftDriverJobDiscovery normal x86_64 Compiling NetworkInspectorView-shared.swift, NetworkInspectorView-tvos.swift, NetworkInspectorView-watchos.swift, NetworkInspectorView.swift, ConsoleMessageDetailsView.swift, ConsoleMessageMetadataView.swift, RemoteLoggerEnterPasswordView.swift, RemoteLoggerErrorView.swift, RemoteLoggerSelectedDeviceView.swift, RemoteLoggerSettingsView.swift, RemoteLoggerSettingsViewModel.swift (in target 'PulseUI' from project 'Pulse')

RegisterExecutionPolicyException /var/folders/g2/4t2t7ssj3n3_v2xrl935g8sh0000gn/T/flo-derived.tr2gd7/Build/Products/Debug-iphonesimulator/NukeUI.o (in target 'NukeUI' from project 'Nuke')
    cd /var/folders/g2/4t2t7ssj3n3_v2xrl935g8sh0000gn/T/flo-derived.tr2gd7/SourcePackages/checkouts/Nuke
    builtin-RegisterExecutionPolicyException /var/folders/g2/4t2t7ssj3n3_v2xrl935g8sh0000gn/T/flo-derived.tr2gd7/Build/Products/Debug-iphonesimulator/NukeUI.o

SwiftDriverJobDiscovery normal x86_64 Compiling DateRangePicker.swift, ImageViewer.swift, InfoRow.swift, KeyValueSectionViewModel.swift, LoggerStoreSizeChart.swift, NetworkInspectorMetricsView.swift, NetworkInspectorTransactionView.swift, NetworkInspectorTransferInfoView.swift, TimingViewModel+Metrics.swift, PDFRepresentedView.swift (in target 'PulseUI' from project 'Pulse')

SwiftDriverJobDiscovery normal x86_64 Compiling FileViewer.swift, FileViewerViewModel.swift, RichTextView-watchos.swift, RichTextView.swift, RichTextViewModel.swift, RichTextViewSearchToobar-ios.swift, WrappedTextView.swift, ConsoleSearchLogLevelsCell.swift, ConsoleSearchTimePeriodCell.swift, ConsoleSearchToggleCell.swift, ConsoleFilterViewModel.swift (in target 'PulseUI' from project 'Pulse')

SwiftDriverJobDiscovery normal x86_64 Compiling ConsoleSearchListContentView.swift, ConsoleSearchViewModel.swift, ConsoleSearchOccurrence.swift, ConsoleSearchOperation.swift, ConsoleSearchRecentSearchesStore.swift, ConsoleSearchScope.swift, ConsoleSearchTerm.swift, ConsoleSearchContextMenu.swift, ConsoleSearchResultsSectionView.swift, ConsoleSearchSuggestionView.swift, ConsoleSearchSuggestionsView.swift (in target 'PulseUI' from project 'Pulse')

SwiftDriver flo normal x86_64 com.apple.xcode.tools.swift.compiler (in target 'flo' from project 'flo')
    cd /tmp/flo-empty
    builtin-SwiftDriver -- /Applications/Xcode.app/Contents/Developer/Toolchains/XcodeDefault.xctoolchain/usr/bin/swiftc -module-name flo -Onone @/var/folders/g2/4t2t7ssj3n3_v2xrl935g8sh0000gn/T/flo-derived.tr2gd7/Build/Intermediates.noindex/flo.build/Debug-iphonesimulator/flo.build/Objects-normal/x86_64/flo.SwiftFileList -DDEBUG -enable-bare-slash-regex -enable-experimental-feature DebugDescriptionMacro -sdk /Applications/Xcode.app/Contents/Developer/Platforms/iPhoneSimulator.platform/Developer/SDKs/iPhoneSimulator26.4.sdk -target x86_64-apple-ios16.0-simulator -g -module-cache-path /var/folders/g2/4t2t7ssj3n3_v2xrl935g8sh0000gn/T/flo-derived.tr2gd7/ModuleCache.noindex -Xfrontend -serialize-debugging-options -enable-testing -index-store-path /var/folders/g2/4t2t7ssj3n3_v2xrl935g8sh0000gn/T/flo-derived.tr2gd7/Index.noindex/DataStore -Xcc -D_LIBCPP_HARDENING_MODE\=_LIBCPP_HARDENING_MODE_DEBUG -swift-version 5 -I /var/folders/g2/4t2t7ssj3n3_v2xrl935g8sh0000gn/T/flo-derived.tr2gd7/Build/Products/Debug-iphonesimulator -F /var/folders/g2/4t2t7ssj3n3_v2xrl935g8sh0000gn/T/flo-derived.tr2gd7/Build/Products/Debug-iphonesimulator/PackageFrameworks -F /var/folders/g2/4t2t7ssj3n3_v2xrl935g8sh0000gn/T/flo-derived.tr2gd7/Build/Products/Debug-iphonesimulator/PackageFrameworks -F /var/folders/g2/4t2t7ssj3n3_v2xrl935g8sh0000gn/T/flo-derived.tr2gd7/Build/Products/Debug-iphonesimulator/PackageFrameworks -F /var/folders/g2/4t2t7ssj3n3_v2xrl935g8sh0000gn/T/flo-derived.tr2gd7/Build/Products/Debug-iphonesimulator/PackageFrameworks -F /var/folders/g2/4t2t7ssj3n3_v2xrl935g8sh0000gn/T/flo-derived.tr2gd7/Build/Products/Debug-iphonesimulator/PackageFrameworks -F /var/folders/g2/4t2t7ssj3n3_v2xrl935g8sh0000gn/T/flo-derived.tr2gd7/Build/Products/Debug-iphonesimulator/PackageFrameworks -F /var/folders/g2/4t2t7ssj3n3_v2xrl935g8sh0000gn/T/flo-derived.tr2gd7/Build/Products/Debug-iphonesimulator -emit-localized-strings -emit-localized-strings-path /var/folders/g2/4t2t7ssj3n3_v2xrl935g8sh0000gn/T/flo-derived.tr2gd7/Build/Intermediates.noindex/flo.build/Debug-iphonesimulator/flo.build/Objects-normal/x86_64 -c -j12 -enable-batch-mode -incremental -Xcc -ivfsstatcache -Xcc /var/folders/g2/4t2t7ssj3n3_v2xrl935g8sh0000gn/T/flo-derived.tr2gd7/SDKStatCaches.noindex/iphonesimulator26.4-23E237-686eebb5dc1d8ecb277353a59184f4aa.sdkstatcache -output-file-map /var/folders/g2/4t2t7ssj3n3_v2xrl935g8sh0000gn/T/flo-derived.tr2gd7/Build/Intermediates.noindex/flo.build/Debug-iphonesimulator/flo.build/Objects-normal/x86_64/flo-OutputFileMap.json -use-frontend-parseable-output -save-temps -no-color-diagnostics -explicit-module-build -module-cache-path /var/folders/g2/4t2t7ssj3n3_v2xrl935g8sh0000gn/T/flo-derived.tr2gd7/Build/Intermediates.noindex/SwiftExplicitPrecompiledModules -clang-scanner-module-cache-path /var/folders/g2/4t2t7ssj3n3_v2xrl935g8sh0000gn/T/flo-derived.tr2gd7/ModuleCache.noindex -sdk-module-cache-path /var/folders/g2/4t2t7ssj3n3_v2xrl935g8sh0000gn/T/flo-derived.tr2gd7/ModuleCache.noindex -serialize-diagnostics -emit-dependencies -emit-module -emit-module-path /var/folders/g2/4t2t7ssj3n3_v2xrl935g8sh0000gn/T/flo-derived.tr2gd7/Build/Intermediates.noindex/flo.build/Debug-iphonesimulator/flo.build/Objects-normal/x86_64/flo.swiftmodule -validate-clang-modules-once -clang-build-session-file /var/folders/g2/4t2t7ssj3n3_v2xrl935g8sh0000gn/T/flo-derived.tr2gd7/ModuleCache.noindex/Session.modulevalidation -Xcc -I/var/folders/g2/4t2t7ssj3n3_v2xrl935g8sh0000gn/T/flo-derived.tr2gd7/Build/Intermediates.noindex/flo.build/Debug-iphonesimulator/flo.build/swift-overrides.hmap -emit-const-values -Xfrontend -const-gather-protocols-file -Xfrontend /var/folders/g2/4t2t7ssj3n3_v2xrl935g8sh0000gn/T/flo-derived.tr2gd7/Build/Intermediates.noindex/flo.build/Debug-iphonesimulator/flo.build/Objects-normal/x86_64/flo_const_extract_protocols.json -Xcc -iquote -Xcc /var/folders/g2/4t2t7ssj3n3_v2xrl935g8sh0000gn/T/flo-derived.tr2gd7/Build/Intermediates.noindex/flo.build/Debug-iphonesimulator/flo.build/flo-generated-files.hmap -Xcc -I/var/folders/g2/4t2t7ssj3n3_v2xrl935g8sh0000gn/T/flo-derived.tr2gd7/Build/Intermediates.noindex/flo.build/Debug-iphonesimulator/flo.build/flo-own-target-headers.hmap -Xcc -I/var/folders/g2/4t2t7ssj3n3_v2xrl935g8sh0000gn/T/flo-derived.tr2gd7/Build/Intermediates.noindex/flo.build/Debug-iphonesimulator/flo.build/flo-all-non-framework-target-headers.hmap -Xcc -ivfsoverlay -Xcc /var/folders/g2/4t2t7ssj3n3_v2xrl935g8sh0000gn/T/flo-derived.tr2gd7/Build/Intermediates.noindex/flo.build/Debug-iphonesimulator/flo-e42aa0d01e01bbf82526ab4968c4bed2-VFS-iphonesimulator/all-product-headers.yaml -Xcc -iquote -Xcc /var/folders/g2/4t2t7ssj3n3_v2xrl935g8sh0000gn/T/flo-derived.tr2gd7/Build/Intermediates.noindex/flo.build/Debug-iphonesimulator/flo.build/flo-project-headers.hmap -Xcc -I/var/folders/g2/4t2t7ssj3n3_v2xrl935g8sh0000gn/T/flo-derived.tr2gd7/Build/Products/Debug-iphonesimulator/include -Xcc -I/var/folders/g2/4t2t7ssj3n3_v2xrl935g8sh0000gn/T/flo-derived.tr2gd7/Build/Intermediates.noindex/flo.build/Debug-iphonesimulator/flo.build/DerivedSources-normal/x86_64 -Xcc -I/var/folders/g2/4t2t7ssj3n3_v2xrl935g8sh0000gn/T/flo-derived.tr2gd7/Build/Intermediates.noindex/flo.build/Debug-iphonesimulator/flo.build/DerivedSources/x86_64 -Xcc -I/var/folders/g2/4t2t7ssj3n3_v2xrl935g8sh0000gn/T/flo-derived.tr2gd7/Build/Intermediates.noindex/flo.build/Debug-iphonesimulator/flo.build/DerivedSources -Xcc -DDEBUG\=1 -emit-objc-header -emit-objc-header-path /var/folders/g2/4t2t7ssj3n3_v2xrl935g8sh0000gn/T/flo-derived.tr2gd7/Build/Intermediates.noindex/flo.build/Debug-iphonesimulator/flo.build/Objects-normal/x86_64/flo-Swift.h -working-directory /tmp/flo-empty -experimental-emit-module-separately -disable-cmo

SwiftDriverJobDiscovery normal x86_64 Compiling Formatters.swift, HARDocument.swift, LoggerStoreIndex.swift, ManagedObjectsCountObserver.swift, ManagedObjectsObserver.swift, Regex.swift, ShareItems.swift, ShareStoreTask.swift, StatusLabelViewModel.swift, StringSearchOptions.swift, TextHelper.swift (in target 'PulseUI' from project 'Pulse')

SwiftDriverJobDiscovery normal x86_64 Compiling ConsoleListOptions.swift, ConsoleListView.swift, ConsoleListViewModel.swift, ConsoleContextMenu.swift, ConsoleEntityCell.swift, ConsoleHelperViews.swift, ConsoleListDisplaySettings.swift, ConsoleMessageCell.swift, ConsoleRouterView.swift, ConsoleTaskCell.swift, ConsoleToolbarView.swift (in target 'PulseUI' from project 'Pulse')

SwiftDriverJobDiscovery normal x86_64 Compiling TextRenderer.swift, TextRendererHTML.swift, TextRendererJSON.swift, TextUtilities.swift, UIKit+Extensions.swift, UXKit.swift, UserSettings.swift, MockStore.swift, MockTask.swift, Checkbox.swift, ContextMenus.swift (in target 'PulseUI' from project 'Pulse')

SwiftDriverJobDiscovery normal x86_64 Compiling ConsoleSearchToolbar.swift, SessionListView.swift, SessionPickerView.swift, SessionsView.swift, SettingsView-ios.swift, SettingsView-macos.swift, SettingsView-tvos.swift, SettingsView-watchos.swift, StoreDetailsView.swift, DecodingErrorsPreviews.swift, FileViewModelContext.swift (in target 'PulseUI' from project 'Pulse')

SwiftDriver\ Compilation PulseUI normal x86_64 com.apple.xcode.tools.swift.compiler (in target 'PulseUI' from project 'Pulse')
    cd /tmp/flo-empty/flo.xcodeproj
    builtin-Swift-Compilation -- /Applications/Xcode.app/Contents/Developer/Toolchains/XcodeDefault.xctoolchain/usr/bin/swiftc -module-name PulseUI -Onone @/var/folders/g2/4t2t7ssj3n3_v2xrl935g8sh0000gn/T/flo-derived.tr2gd7/Build/Intermediates.noindex/Pulse.build/Debug-iphonesimulator/PulseUI.build/Objects-normal/x86_64/PulseUI.SwiftFileList -DSWIFT_PACKAGE -DDEBUG -DSWIFT_MODULE_RESOURCE_BUNDLE_UNAVAILABLE -DXcode -plugin-path /Applications/Xcode.app/Contents/Developer/Toolchains/XcodeDefault.xctoolchain/usr/lib/swift/host/plugins/testing -enable-experimental-feature DebugDescriptionMacro -sdk /Applications/Xcode.app/Contents/Developer/Platforms/iPhoneSimulator.platform/Developer/SDKs/iPhoneSimulator26.4.sdk -target x86_64-apple-ios15.0-simulator -g -module-cache-path /var/folders/g2/4t2t7ssj3n3_v2xrl935g8sh0000gn/T/flo-derived.tr2gd7/ModuleCache.noindex -Xfrontend -serialize-debugging-options -enable-testing -suppress-warnings -index-store-path /var/folders/g2/4t2t7ssj3n3_v2xrl935g8sh0000gn/T/flo-derived.tr2gd7/Index.noindex/DataStore -Xcc -D_LIBCPP_HARDENING_MODE\=_LIBCPP_HARDENING_MODE_DEBUG -swift-version 5 -I /var/folders/g2/4t2t7ssj3n3_v2xrl935g8sh0000gn/T/flo-derived.tr2gd7/Build/Products/Debug-iphonesimulator -Isystem /Applications/Xcode.app/Contents/Developer/Platforms/iPhoneSimulator.platform/Developer/usr/lib -F /var/folders/g2/4t2t7ssj3n3_v2xrl935g8sh0000gn/T/flo-derived.tr2gd7/Build/Products/Debug-iphonesimulator/PackageFrameworks -F /var/folders/g2/4t2t7ssj3n3_v2xrl935g8sh0000gn/T/flo-derived.tr2gd7/Build/Products/Debug-iphonesimulator -F /Applications/Xcode.app/Contents/Developer/Platforms/iPhoneSimulator.platform/Developer/Library/Frameworks -F /Applications/Xcode.app/Contents/Developer/Platforms/iPhoneSimulator.platform/Developer/SDKs/iPhoneSimulator26.4.sdk/Developer/Library/Frameworks -c -j12 -enable-batch-mode -incremental -Xcc -ivfsstatcache -Xcc /var/folders/g2/4t2t7ssj3n3_v2xrl935g8sh0000gn/T/flo-derived.tr2gd7/SDKStatCaches.noindex/iphonesimulator26.4-23E237-686eebb5dc1d8ecb277353a59184f4aa.sdkstatcache -output-file-map /var/folders/g2/4t2t7ssj3n3_v2xrl935g8sh0000gn/T/flo-derived.tr2gd7/Build/Intermediates.noindex/Pulse.build/Debug-iphonesimulator/PulseUI.build/Objects-normal/x86_64/PulseUI-OutputFileMap.json -use-frontend-parseable-output -save-temps -no-color-diagnostics -explicit-module-build -module-cache-path /var/folders/g2/4t2t7ssj3n3_v2xrl935g8sh0000gn/T/flo-derived.tr2gd7/Build/Intermediates.noindex/SwiftExplicitPrecompiledModules -clang-scanner-module-cache-path /var/folders/g2/4t2t7ssj3n3_v2xrl935g8sh0000gn/T/flo-derived.tr2gd7/ModuleCache.noindex -sdk-module-cache-path /var/folders/g2/4t2t7ssj3n3_v2xrl935g8sh0000gn/T/flo-derived.tr2gd7/ModuleCache.noindex -serialize-diagnostics -emit-dependencies -emit-module -emit-module-path /var/folders/g2/4t2t7ssj3n3_v2xrl935g8sh0000gn/T/flo-derived.tr2gd7/Build/Intermediates.noindex/Pulse.build/Debug-iphonesimulator/PulseUI.build/Objects-normal/x86_64/PulseUI.swiftmodule -validate-clang-modules-once -clang-build-session-file /var/folders/g2/4t2t7ssj3n3_v2xrl935g8sh0000gn/T/flo-derived.tr2gd7/ModuleCache.noindex/Session.modulevalidation -package-name pulse -Xcc -I/var/folders/g2/4t2t7ssj3n3_v2xrl935g8sh0000gn/T/flo-derived.tr2gd7/Build/Intermediates.noindex/Pulse.build/Debug-iphonesimulator/PulseUI.build/swift-overrides.hmap -emit-const-values -Xfrontend -const-gather-protocols-file -Xfrontend /var/folders/g2/4t2t7ssj3n3_v2xrl935g8sh0000gn/T/flo-derived.tr2gd7/Build/Intermediates.noindex/Pulse.build/Debug-iphonesimulator/PulseUI.build/Objects-normal/x86_64/PulseUI_const_extract_protocols.json -Xcc -I/var/folders/g2/4t2t7ssj3n3_v2xrl935g8sh0000gn/T/flo-derived.tr2gd7/Build/Products/Debug-iphonesimulator/include -Xcc -I/var/folders/g2/4t2t7ssj3n3_v2xrl935g8sh0000gn/T/flo-derived.tr2gd7/Build/Intermediates.noindex/Pulse.build/Debug-iphonesimulator/PulseUI.build/DerivedSources-normal/x86_64 -Xcc -I/var/folders/g2/4t2t7ssj3n3_v2xrl935g8sh0000gn/T/flo-derived.tr2gd7/Build/Intermediates.noindex/Pulse.build/Debug-iphonesimulator/PulseUI.build/DerivedSources/x86_64 -Xcc -I/var/folders/g2/4t2t7ssj3n3_v2xrl935g8sh0000gn/T/flo-derived.tr2gd7/Build/Intermediates.noindex/Pulse.build/Debug-iphonesimulator/PulseUI.build/DerivedSources -Xcc -DSWIFT_PACKAGE -Xcc -DDEBUG\=1 -emit-objc-header -emit-objc-header-path /var/folders/g2/4t2t7ssj3n3_v2xrl935g8sh0000gn/T/flo-derived.tr2gd7/Build/Intermediates.noindex/Pulse.build/Debug-iphonesimulator/PulseUI.build/Objects-normal/x86_64/PulseUI-Swift.h -working-directory /tmp/flo-empty/flo.xcodeproj -experimental-emit-module-separately -disable-cmo

Ld /var/folders/g2/4t2t7ssj3n3_v2xrl935g8sh0000gn/T/flo-derived.tr2gd7/Build/Products/Debug-iphonesimulator/PulseUI.o normal (in target 'PulseUI' from project 'Pulse')
    cd /var/folders/g2/4t2t7ssj3n3_v2xrl935g8sh0000gn/T/flo-derived.tr2gd7/SourcePackages/checkouts/Pulse
    /Applications/Xcode.app/Contents/Developer/Toolchains/XcodeDefault.xctoolchain/usr/bin/clang -Xlinker -reproducible -target x86_64-apple-ios15.0-simulator -r -isysroot /Applications/Xcode.app/Contents/Developer/Platforms/iPhoneSimulator.platform/Developer/SDKs/iPhoneSimulator26.4.sdk -O0 -w -F/var/folders/g2/4t2t7ssj3n3_v2xrl935g8sh0000gn/T/flo-derived.tr2gd7/Build/Intermediates.noindex/EagerLinkingTBDs/Debug-iphonesimulator -F/var/folders/g2/4t2t7ssj3n3_v2xrl935g8sh0000gn/T/flo-derived.tr2gd7/Build/Products/Debug-iphonesimulator/PackageFrameworks -F/var/folders/g2/4t2t7ssj3n3_v2xrl935g8sh0000gn/T/flo-derived.tr2gd7/Build/Products/Debug-iphonesimulator -iframework /Applications/Xcode.app/Contents/Developer/Platforms/iPhoneSimulator.platform/Developer/Library/Frameworks -iframework /Applications/Xcode.app/Contents/Developer/Platforms/iPhoneSimulator.platform/Developer/SDKs/iPhoneSimulator26.4.sdk/Developer/Library/Frameworks -filelist /var/folders/g2/4t2t7ssj3n3_v2xrl935g8sh0000gn/T/flo-derived.tr2gd7/Build/Intermediates.noindex/Pulse.build/Debug-iphonesimulator/PulseUI.build/Objects-normal/x86_64/PulseUI.LinkFileList -nostdlib -Xlinker -object_path_lto -Xlinker /var/folders/g2/4t2t7ssj3n3_v2xrl935g8sh0000gn/T/flo-derived.tr2gd7/Build/Intermediates.noindex/Pulse.build/Debug-iphonesimulator/PulseUI.build/Objects-normal/x86_64/PulseUI_lto.o -Xlinker -no_deduplicate -Xlinker -objc_abi_version -Xlinker 2 -Xlinker -dependency_info -Xlinker /var/folders/g2/4t2t7ssj3n3_v2xrl935g8sh0000gn/T/flo-derived.tr2gd7/Build/Intermediates.noindex/Pulse.build/Debug-iphonesimulator/PulseUI.build/Objects-normal/x86_64/PulseUI_dependency_info.dat -fobjc-link-runtime -L/Applications/Xcode.app/Contents/Developer/Toolchains/XcodeDefault.xctoolchain/usr/lib/swift/iphonesimulator -L/usr/lib/swift -Xlinker -add_ast_path -Xlinker /var/folders/g2/4t2t7ssj3n3_v2xrl935g8sh0000gn/T/flo-derived.tr2gd7/Build/Intermediates.noindex/Pulse.build/Debug-iphonesimulator/PulseUI.build/Objects-normal/x86_64/PulseUI.swiftmodule @/var/folders/g2/4t2t7ssj3n3_v2xrl935g8sh0000gn/T/flo-derived.tr2gd7/Build/Intermediates.noindex/Pulse.build/Debug-iphonesimulator/PulseUI.build/Objects-normal/x86_64/PulseUI-linker-args.resp -o /var/folders/g2/4t2t7ssj3n3_v2xrl935g8sh0000gn/T/flo-derived.tr2gd7/Build/Products/Debug-iphonesimulator/PulseUI.o

ExtractAppIntentsMetadata (in target 'PulseUI' from project 'Pulse')
    cd /var/folders/g2/4t2t7ssj3n3_v2xrl935g8sh0000gn/T/flo-derived.tr2gd7/SourcePackages/checkouts/Pulse
    /Applications/Xcode.app/Contents/Developer/Toolchains/XcodeDefault.xctoolchain/usr/bin/appintentsmetadataprocessor --toolchain-dir /Applications/Xcode.app/Contents/Developer/Toolchains/XcodeDefault.xctoolchain --module-name PulseUI --sdk-root /Applications/Xcode.app/Contents/Developer/Platforms/iPhoneSimulator.platform/Developer/SDKs/iPhoneSimulator26.4.sdk --xcode-version 17E192 --platform-family iOS --deployment-target 15.0 --bundle-identifier pulse.PulseUI --output /var/folders/g2/4t2t7ssj3n3_v2xrl935g8sh0000gn/T/flo-derived.tr2gd7/Build/Products/Debug-iphonesimulator/PulseUI.appintents --target-triple x86_64-apple-ios15.0-simulator --binary-file /var/folders/g2/4t2t7ssj3n3_v2xrl935g8sh0000gn/T/flo-derived.tr2gd7/Build/Products/Debug-iphonesimulator/PulseUI.o --dependency-file /var/folders/g2/4t2t7ssj3n3_v2xrl935g8sh0000gn/T/flo-derived.tr2gd7/Build/Intermediates.noindex/Pulse.build/Debug-iphonesimulator/PulseUI.build/Objects-normal/x86_64/PulseUI_dependency_info.dat --stringsdata-file /var/folders/g2/4t2t7ssj3n3_v2xrl935g8sh0000gn/T/flo-derived.tr2gd7/Build/Intermediates.noindex/Pulse.build/Debug-iphonesimulator/PulseUI.build/Objects-normal/x86_64/ExtractedAppShortcutsMetadata.stringsdata --source-file-list /var/folders/g2/4t2t7ssj3n3_v2xrl935g8sh0000gn/T/flo-derived.tr2gd7/Build/Intermediates.noindex/Pulse.build/Debug-iphonesimulator/PulseUI.build/Objects-normal/x86_64/PulseUI.SwiftFileList --metadata-file-list /var/folders/g2/4t2t7ssj3n3_v2xrl935g8sh0000gn/T/flo-derived.tr2gd7/Build/Intermediates.noindex/Pulse.build/Debug-iphonesimulator/PulseUI.build/PulseUI.DependencyMetadataFileList --static-metadata-file-list /var/folders/g2/4t2t7ssj3n3_v2xrl935g8sh0000gn/T/flo-derived.tr2gd7/Build/Intermediates.noindex/Pulse.build/Debug-iphonesimulator/PulseUI.build/PulseUI.DependencyStaticMetadataFileList --swift-const-vals-list /var/folders/g2/4t2t7ssj3n3_v2xrl935g8sh0000gn/T/flo-derived.tr2gd7/Build/Intermediates.noindex/Pulse.build/Debug-iphonesimulator/PulseUI.build/Objects-normal/x86_64/PulseUI.SwiftConstValuesFileList --force --compile-time-extraction --deployment-aware-processing --validate-assistant-intents --no-app-shortcuts-localization
2026-10-06 02:34:44.262 appintentsmetadataprocessor[48632:710137] Starting appintentsmetadataprocessor export
2026-10-06 02:34:44.283 appintentsmetadataprocessor[48632:710137] Extracted no relevant App Intents symbols, skipping writing output

RegisterExecutionPolicyException /var/folders/g2/4t2t7ssj3n3_v2xrl935g8sh0000gn/T/flo-derived.tr2gd7/Build/Products/Debug-iphonesimulator/PulseUI.o (in target 'PulseUI' from project 'Pulse')
    cd /var/folders/g2/4t2t7ssj3n3_v2xrl935g8sh0000gn/T/flo-derived.tr2gd7/SourcePackages/checkouts/Pulse
    builtin-RegisterExecutionPolicyException /var/folders/g2/4t2t7ssj3n3_v2xrl935g8sh0000gn/T/flo-derived.tr2gd7/Build/Products/Debug-iphonesimulator/PulseUI.o

Ld /var/folders/g2/4t2t7ssj3n3_v2xrl935g8sh0000gn/T/flo-derived.tr2gd7/Build/Products/Debug-iphonesimulator/flo.app/__preview.dylib normal (in target 'flo' from project 'flo')
    cd /tmp/flo-empty
    /Applications/Xcode.app/Contents/Developer/Toolchains/XcodeDefault.xctoolchain/usr/bin/clang -Xlinker -reproducible -target x86_64-apple-ios16.0-simulator -dynamiclib -isysroot /Applications/Xcode.app/Contents/Developer/Platforms/iPhoneSimulator.platform/Developer/SDKs/iPhoneSimulator26.4.sdk -O0 -L/var/folders/g2/4t2t7ssj3n3_v2xrl935g8sh0000gn/T/flo-derived.tr2gd7/Build/Products/Debug-iphonesimulator -F/var/folders/g2/4t2t7ssj3n3_v2xrl935g8sh0000gn/T/flo-derived.tr2gd7/Build/Products/Debug-iphonesimulator/PackageFrameworks -F/var/folders/g2/4t2t7ssj3n3_v2xrl935g8sh0000gn/T/flo-derived.tr2gd7/Build/Products/Debug-iphonesimulator/PackageFrameworks -F/var/folders/g2/4t2t7ssj3n3_v2xrl935g8sh0000gn/T/flo-derived.tr2gd7/Build/Products/Debug-iphonesimulator/PackageFrameworks -F/var/folders/g2/4t2t7ssj3n3_v2xrl935g8sh0000gn/T/flo-derived.tr2gd7/Build/Products/Debug-iphonesimulator/PackageFrameworks -F/var/folders/g2/4t2t7ssj3n3_v2xrl935g8sh0000gn/T/flo-derived.tr2gd7/Build/Products/Debug-iphonesimulator/PackageFrameworks -F/var/folders/g2/4t2t7ssj3n3_v2xrl935g8sh0000gn/T/flo-derived.tr2gd7/Build/Products/Debug-iphonesimulator/PackageFrameworks -F/var/folders/g2/4t2t7ssj3n3_v2xrl935g8sh0000gn/T/flo-derived.tr2gd7/Build/Products/Debug-iphonesimulator -install_name @rpath/flo.debug.dylib -Xlinker -dead_strip -rdynamic -Xlinker -no_deduplicate -Xlinker -objc_abi_version -Xlinker 2 -Xlinker -dependency_info -Xlinker /var/folders/g2/4t2t7ssj3n3_v2xrl935g8sh0000gn/T/flo-derived.tr2gd7/Build/Intermediates.noindex/flo.build/Debug-iphonesimulator/flo.build/Objects-normal/x86_64/flo_dependency_info.dat -o /var/folders/g2/4t2t7ssj3n3_v2xrl935g8sh0000gn/T/flo-derived.tr2gd7/Build/Products/Debug-iphonesimulator/flo.app/__preview.dylib

ValidateDevelopmentAssets /var/folders/g2/4t2t7ssj3n3_v2xrl935g8sh0000gn/T/flo-derived.tr2gd7/Build/Intermediates.noindex/flo.build/Debug-iphonesimulator/flo.build (in target 'flo' from project 'flo')
    cd /tmp/flo-empty
    builtin-validate-development-assets --validate YES_ERROR /tmp/flo-empty/flo/Resources/Preview\ Content

CpResource /var/folders/g2/4t2t7ssj3n3_v2xrl935g8sh0000gn/T/flo-derived.tr2gd7/Build/Products/Debug-iphonesimulator/flo.app/PlusJakartaSans-VariableFont_wght.ttf /tmp/flo-empty/flo/Resources/Fonts/PlusJakartaSans-VariableFont_wght.ttf (in target 'flo' from project 'flo')
    cd /tmp/flo-empty
    builtin-copy -exclude .DS_Store -exclude CVS -exclude .svn -exclude .git -exclude .hg -resolve-src-symlinks /tmp/flo-empty/flo/Resources/Fonts/PlusJakartaSans-VariableFont_wght.ttf /var/folders/g2/4t2t7ssj3n3_v2xrl935g8sh0000gn/T/flo-derived.tr2gd7/Build/Products/Debug-iphonesimulator/flo.app

Copy /var/folders/g2/4t2t7ssj3n3_v2xrl935g8sh0000gn/T/flo-derived.tr2gd7/Build/Products/Debug-iphonesimulator/flo.app/Alamofire_Alamofire.bundle /var/folders/g2/4t2t7ssj3n3_v2xrl935g8sh0000gn/T/flo-derived.tr2gd7/Build/Products/Debug-iphonesimulator/Alamofire_Alamofire.bundle (in target 'flo' from project 'flo')
    cd /tmp/flo-empty
    builtin-copy -exclude .DS_Store -exclude CVS -exclude .svn -exclude .git -exclude .hg -resolve-src-symlinks /var/folders/g2/4t2t7ssj3n3_v2xrl935g8sh0000gn/T/flo-derived.tr2gd7/Build/Products/Debug-iphonesimulator/Alamofire_Alamofire.bundle /var/folders/g2/4t2t7ssj3n3_v2xrl935g8sh0000gn/T/flo-derived.tr2gd7/Build/Products/Debug-iphonesimulator/flo.app

CopyPlistFile /var/folders/g2/4t2t7ssj3n3_v2xrl935g8sh0000gn/T/flo-derived.tr2gd7/Build/Products/Debug-iphonesimulator/flo.app/PrivacyInfo.xcprivacy /tmp/flo-empty/flo/Resources/PrivacyInfo.xcprivacy (in target 'flo' from project 'flo')
    cd /tmp/flo-empty
    builtin-copyPlist --convert binary1 --outdir /var/folders/g2/4t2t7ssj3n3_v2xrl935g8sh0000gn/T/flo-derived.tr2gd7/Build/Products/Debug-iphonesimulator/flo.app -- /tmp/flo-empty/flo/Resources/PrivacyInfo.xcprivacy

SwiftExplicitDependencyGeneratePcm x86_64 /var/folders/g2/4t2t7ssj3n3_v2xrl935g8sh0000gn/T/flo-derived.tr2gd7/ModuleCache.noindex/_Builtin_stdbool-CAMNUFNAH1JA2Z3OQ1R5GKQHL.pcm

SwiftExplicitDependencyGeneratePcm x86_64 /var/folders/g2/4t2t7ssj3n3_v2xrl935g8sh0000gn/T/flo-derived.tr2gd7/ModuleCache.noindex/_Builtin_stddef-C4N2RR7PUB39NM5W1L5UB3KTX.pcm

SwiftExplicitDependencyGeneratePcm x86_64 /var/folders/g2/4t2t7ssj3n3_v2xrl935g8sh0000gn/T/flo-derived.tr2gd7/ModuleCache.noindex/_Builtin_stdarg-55N2RPPTV6I6851OBSN93O1XS.pcm

SwiftExplicitDependencyGeneratePcm x86_64 /var/folders/g2/4t2t7ssj3n3_v2xrl935g8sh0000gn/T/flo-derived.tr2gd7/ModuleCache.noindex/_SwiftConcurrencyShims-6RUSLDB1POCG0IT7FQXXKW411.pcm

SwiftExplicitDependencyGeneratePcm x86_64 /var/folders/g2/4t2t7ssj3n3_v2xrl935g8sh0000gn/T/flo-derived.tr2gd7/ModuleCache.noindex/_AvailabilityInternal-9SG4CGHZIIGJ604SNEWBFUSMQ.pcm

SwiftExplicitDependencyGeneratePcm x86_64 /var/folders/g2/4t2t7ssj3n3_v2xrl935g8sh0000gn/T/flo-derived.tr2gd7/ModuleCache.noindex/DeveloperToolsSupport-2VREB9T2XT43XNKDX8UGVKVHP.pcm

SwiftExplicitDependencyGeneratePcm x86_64 /var/folders/g2/4t2t7ssj3n3_v2xrl935g8sh0000gn/T/flo-derived.tr2gd7/ModuleCache.noindex/SwiftShims-5UFVIQV4PFB7WDX90TS6D97E1.pcm

SwiftExplicitDependencyGeneratePcm x86_64 /var/folders/g2/4t2t7ssj3n3_v2xrl935g8sh0000gn/T/flo-derived.tr2gd7/ModuleCache.noindex/ptrauth-3OXAH7M9LMT5GATXM8IFPDOM2.pcm

SwiftExplicitDependencyGeneratePcm x86_64 /var/folders/g2/4t2t7ssj3n3_v2xrl935g8sh0000gn/T/flo-derived.tr2gd7/ModuleCache.noindex/ptrcheck-6UW79KFFTM55ONAOVSBWYQ75N.pcm

SwiftExplicitDependencyGeneratePcm x86_64 /var/folders/g2/4t2t7ssj3n3_v2xrl935g8sh0000gn/T/flo-derived.tr2gd7/ModuleCache.noindex/_Builtin_float-6DVDA16S0PIMHJS4G0Y9D3QOI.pcm

SwiftExplicitDependencyGeneratePcm x86_64 /var/folders/g2/4t2t7ssj3n3_v2xrl935g8sh0000gn/T/flo-derived.tr2gd7/ModuleCache.noindex/_DarwinFoundation1-6W6G8A7P2BS0E7NXYUCW4IYLC.pcm

SwiftExplicitDependencyGeneratePcm x86_64 /var/folders/g2/4t2t7ssj3n3_v2xrl935g8sh0000gn/T/flo-derived.tr2gd7/ModuleCache.noindex/_Builtin_limits-2NUO0WC0P4G5PVPSXP3CQL0U0.pcm

SwiftExplicitDependencyGeneratePcm x86_64 /var/folders/g2/4t2t7ssj3n3_v2xrl935g8sh0000gn/T/flo-derived.tr2gd7/ModuleCache.noindex/ExtensionFoundation-4EKDIEZTV7FK9V8QZKHNUWRSB.pcm

SwiftExplicitDependencyGeneratePcm x86_64 /var/folders/g2/4t2t7ssj3n3_v2xrl935g8sh0000gn/T/flo-derived.tr2gd7/ModuleCache.noindex/_DarwinFoundation2-CU1GOMNXHBBJIRVSAWGEO2Y4T.pcm

SwiftExplicitDependencyGeneratePcm x86_64 /var/folders/g2/4t2t7ssj3n3_v2xrl935g8sh0000gn/T/flo-derived.tr2gd7/ModuleCache.noindex/_Builtin_tgmath-2FZH2EYIHVE7MGS38VU27OEHD.pcm

SwiftExplicitDependencyGeneratePcm x86_64 /var/folders/g2/4t2t7ssj3n3_v2xrl935g8sh0000gn/T/flo-derived.tr2gd7/ModuleCache.noindex/_Builtin_stdint-17CN22CO35ISIT5EDL3MYUXHM.pcm

SwiftExplicitDependencyGeneratePcm x86_64 /var/folders/g2/4t2t7ssj3n3_v2xrl935g8sh0000gn/T/flo-derived.tr2gd7/ModuleCache.noindex/sys_types-4IJYTGYIPQECPU3DMAG96W778.pcm

SwiftExplicitDependencyGeneratePcm x86_64 /var/folders/g2/4t2t7ssj3n3_v2xrl935g8sh0000gn/T/flo-derived.tr2gd7/ModuleCache.noindex/_Builtin_stdatomic-F1W2JG5WFCE8XLGC6FB2LK5PT.pcm

SwiftExplicitDependencyGeneratePcm x86_64 /var/folders/g2/4t2t7ssj3n3_v2xrl935g8sh0000gn/T/flo-derived.tr2gd7/ModuleCache.noindex/_DarwinFoundation3-6SFQ28HGA95B63K5AXDXHLS44.pcm

SwiftExplicitDependencyGeneratePcm x86_64 /var/folders/g2/4t2t7ssj3n3_v2xrl935g8sh0000gn/T/flo-derived.tr2gd7/ModuleCache.noindex/_Builtin_intrinsics-DHVG1ERWE9CHC1G1I0AFL0TKK.pcm

SwiftExplicitDependencyGeneratePcm x86_64 /var/folders/g2/4t2t7ssj3n3_v2xrl935g8sh0000gn/T/flo-derived.tr2gd7/ModuleCache.noindex/zlib-5LJ5HYA1KCB01A097WNGSCB6S.pcm

SwiftExplicitDependencyGeneratePcm x86_64 /var/folders/g2/4t2t7ssj3n3_v2xrl935g8sh0000gn/T/flo-derived.tr2gd7/ModuleCache.noindex/_Builtin_inttypes-5O4IJENSNRPXO5QRQ0WG28CEO.pcm

SwiftExplicitDependencyGeneratePcm x86_64 /var/folders/g2/4t2t7ssj3n3_v2xrl935g8sh0000gn/T/flo-derived.tr2gd7/ModuleCache.noindex/CommonCrypto-E3AGLHX9H29D4DVZUG6YAOY1O.pcm

SwiftExplicitDependencyGeneratePcm x86_64 /var/folders/g2/4t2t7ssj3n3_v2xrl935g8sh0000gn/T/flo-derived.tr2gd7/ModuleCache.noindex/Darwin-9T2JCSUXJQLS6MHPKZVZOXUQB.pcm

SwiftExplicitDependencyGeneratePcm x86_64 /var/folders/g2/4t2t7ssj3n3_v2xrl935g8sh0000gn/T/flo-derived.tr2gd7/ModuleCache.noindex/ObjectiveC-4V6KH04P7QW4C8NY0NAD3R4MX.pcm

SwiftExplicitDependencyGeneratePcm x86_64 /var/folders/g2/4t2t7ssj3n3_v2xrl935g8sh0000gn/T/flo-derived.tr2gd7/ModuleCache.noindex/MachO-FG6ZII4J9YS4P2IGV2R39DFK.pcm

SwiftExplicitDependencyGeneratePcm x86_64 /var/folders/g2/4t2t7ssj3n3_v2xrl935g8sh0000gn/T/flo-derived.tr2gd7/ModuleCache.noindex/simd-3NV4PUQK03BOC4GQL1HMFUZRV.pcm

SwiftExplicitDependencyGeneratePcm x86_64 /var/folders/g2/4t2t7ssj3n3_v2xrl935g8sh0000gn/T/flo-derived.tr2gd7/ModuleCache.noindex/os_object-BOJJIIGRDO60LE9R6UQODB0P5.pcm

SwiftExplicitDependencyGeneratePcm x86_64 /var/folders/g2/4t2t7ssj3n3_v2xrl935g8sh0000gn/T/flo-derived.tr2gd7/ModuleCache.noindex/os_workgroup-4VCZX3T1NU05EXEFEQ9EUOFCY.pcm

SwiftExplicitDependencyGeneratePcm x86_64 /var/folders/g2/4t2t7ssj3n3_v2xrl935g8sh0000gn/T/flo-derived.tr2gd7/ModuleCache.noindex/Dispatch-HYWRLOOH490U07LAXFT4VHFP.pcm

SwiftExplicitDependencyGeneratePcm x86_64 /var/folders/g2/4t2t7ssj3n3_v2xrl935g8sh0000gn/T/flo-derived.tr2gd7/ModuleCache.noindex/dnssd-2JONCPSYEBJDPSB4FOXV18OVK.pcm

SwiftExplicitDependencyGeneratePcm x86_64 /var/folders/g2/4t2t7ssj3n3_v2xrl935g8sh0000gn/T/flo-derived.tr2gd7/ModuleCache.noindex/XPC-BG7OQUPGT8LXORW86TVN3TD5P.pcm

SwiftExplicitDependencyGeneratePcm x86_64 /var/folders/g2/4t2t7ssj3n3_v2xrl935g8sh0000gn/T/flo-derived.tr2gd7/ModuleCache.noindex/CoreFoundation-3SCXASH0D5W6N7OTCMD9EISJO.pcm

SwiftExplicitDependencyGeneratePcm x86_64 /var/folders/g2/4t2t7ssj3n3_v2xrl935g8sh0000gn/T/flo-derived.tr2gd7/ModuleCache.noindex/os-791X6BXKG7THURF8Q7RFMJ5IT.pcm

SwiftExplicitDependencyGeneratePcm x86_64 /var/folders/g2/4t2t7ssj3n3_v2xrl935g8sh0000gn/T/flo-derived.tr2gd7/ModuleCache.noindex/CoreGraphics-3C2C35PIL1PYGHOROKI8FE0YI.pcm

SwiftExplicitDependencyGeneratePcm x86_64 /var/folders/g2/4t2t7ssj3n3_v2xrl935g8sh0000gn/T/flo-derived.tr2gd7/ModuleCache.noindex/CoreServices-8QYCCNU417VASC5EZA8W3OPM.pcm

SwiftExplicitDependencyGeneratePcm x86_64 /var/folders/g2/4t2t7ssj3n3_v2xrl935g8sh0000gn/T/flo-derived.tr2gd7/ModuleCache.noindex/Security-EA6FKBD91SFA81XOY22YZ58UO.pcm

SwiftExplicitDependencyGeneratePcm x86_64 /var/folders/g2/4t2t7ssj3n3_v2xrl935g8sh0000gn/T/flo-derived.tr2gd7/ModuleCache.noindex/CFNetwork-BPTBIL943G9IOKX3WTGE6GA1Q.pcm

SwiftExplicitDependencyGeneratePcm x86_64 /var/folders/g2/4t2t7ssj3n3_v2xrl935g8sh0000gn/T/flo-derived.tr2gd7/ModuleCache.noindex/CoreAudioTypes-8IMT2J3QZ174Z022ZJ9N895CV.pcm

SwiftExplicitDependencyGeneratePcm x86_64 /var/folders/g2/4t2t7ssj3n3_v2xrl935g8sh0000gn/T/flo-derived.tr2gd7/ModuleCache.noindex/SystemConfiguration-BOPOWNK5AZL1YD1RVQIQ76CZH.pcm

SwiftExplicitDependencyGeneratePcm x86_64 /var/folders/g2/4t2t7ssj3n3_v2xrl935g8sh0000gn/T/flo-derived.tr2gd7/ModuleCache.noindex/MobileCoreServices-RMDGG57AIIKK6XXOK14FPO49.pcm

SwiftExplicitDependencyGeneratePcm x86_64 /var/folders/g2/4t2t7ssj3n3_v2xrl935g8sh0000gn/T/flo-derived.tr2gd7/ModuleCache.noindex/CoreAudio-45VYI0BFCXSJJT9WBX4I2FHZY.pcm

SwiftExplicitDependencyGeneratePcm x86_64 /var/folders/g2/4t2t7ssj3n3_v2xrl935g8sh0000gn/T/flo-derived.tr2gd7/ModuleCache.noindex/Foundation-8AEERN00Z0ZVP1XM4WNCR8U6.pcm

SwiftExplicitDependencyGeneratePcm x86_64 /var/folders/g2/4t2t7ssj3n3_v2xrl935g8sh0000gn/T/flo-derived.tr2gd7/ModuleCache.noindex/ImageIO-3BR1RRDK0N6HZ122CC0K5ZN5L.pcm

SwiftExplicitDependencyGeneratePcm x86_64 /var/folders/g2/4t2t7ssj3n3_v2xrl935g8sh0000gn/T/flo-derived.tr2gd7/ModuleCache.noindex/CoreText-D20G7N34OV4EY64JEOSVBSMBJ.pcm

SwiftExplicitDependencyGeneratePcm x86_64 /var/folders/g2/4t2t7ssj3n3_v2xrl935g8sh0000gn/T/flo-derived.tr2gd7/ModuleCache.noindex/Spatial-7YMBY9T4EX8I7CW5EUBTOFNTG.pcm

SwiftExplicitDependencyGeneratePcm x86_64 /var/folders/g2/4t2t7ssj3n3_v2xrl935g8sh0000gn/T/flo-derived.tr2gd7/ModuleCache.noindex/WatchConnectivity-26TCJKALOE8YN6XG3QB87QV2E.pcm

SwiftExplicitDependencyGeneratePcm x86_64 /var/folders/g2/4t2t7ssj3n3_v2xrl935g8sh0000gn/T/flo-derived.tr2gd7/ModuleCache.noindex/Symbols-A5HRJZHOBTCTLQG5TCYOBM1WY.pcm

SwiftExplicitDependencyGeneratePcm x86_64 /var/folders/g2/4t2t7ssj3n3_v2xrl935g8sh0000gn/T/flo-derived.tr2gd7/ModuleCache.noindex/Network-5XSEEW8XYVV0BS969231E7DTU.pcm

SwiftExplicitDependencyGeneratePcm x86_64 /var/folders/g2/4t2t7ssj3n3_v2xrl935g8sh0000gn/T/flo-derived.tr2gd7/ModuleCache.noindex/CoreMIDI-EUILPRMQNWV73GCM9BCWJ3PS4.pcm

SwiftExplicitDependencyGeneratePcm x86_64 /var/folders/g2/4t2t7ssj3n3_v2xrl935g8sh0000gn/T/flo-derived.tr2gd7/ModuleCache.noindex/LocalAuthentication-10KEVH62X5XMRG1SAUSKKIGPS.pcm

SwiftExplicitDependencyGeneratePcm x86_64 /var/folders/g2/4t2t7ssj3n3_v2xrl935g8sh0000gn/T/flo-derived.tr2gd7/ModuleCache.noindex/IOSurface-1GZ6AFE9UH09Y0XOS9DFRIMA5.pcm

SwiftExplicitDependencyGeneratePcm x86_64 /var/folders/g2/4t2t7ssj3n3_v2xrl935g8sh0000gn/T/flo-derived.tr2gd7/ModuleCache.noindex/OSLog-4MK5LBD7P54OIBNL2ZBRFQGZO.pcm

SwiftExplicitDependencyGeneratePcm x86_64 /var/folders/g2/4t2t7ssj3n3_v2xrl935g8sh0000gn/T/flo-derived.tr2gd7/ModuleCache.noindex/UniformTypeIdentifiers-EYUWEU7HAKYLXHEU7BRXPD3EQ.pcm

SwiftExplicitDependencyGeneratePcm x86_64 /var/folders/g2/4t2t7ssj3n3_v2xrl935g8sh0000gn/T/flo-derived.tr2gd7/ModuleCache.noindex/Accessibility-4P4WKYX3BVX6WGGR70J0QVN4S.pcm

SwiftExplicitDependencyGeneratePcm x86_64 /var/folders/g2/4t2t7ssj3n3_v2xrl935g8sh0000gn/T/flo-derived.tr2gd7/ModuleCache.noindex/DataDetection-98IIREZPVKGU7RH4719VNBU0F.pcm

SwiftExplicitDependencyGeneratePcm x86_64 /var/folders/g2/4t2t7ssj3n3_v2xrl935g8sh0000gn/T/flo-derived.tr2gd7/ModuleCache.noindex/CoreTransferable-F1PJNZCFKPR7GI2YS9ESNE1GX.pcm

SwiftExplicitDependencyGeneratePcm x86_64 /var/folders/g2/4t2t7ssj3n3_v2xrl935g8sh0000gn/T/flo-derived.tr2gd7/ModuleCache.noindex/OpenGLES-2FG91STG2V6XRGEV1XQVKYSWC.pcm

SwiftExplicitDependencyGeneratePcm x86_64 /var/folders/g2/4t2t7ssj3n3_v2xrl935g8sh0000gn/T/flo-derived.tr2gd7/ModuleCache.noindex/CoreData-4K3PL5Y5BKQ6LO5L8PD5CIH4X.pcm

SwiftExplicitDependencyGeneratePcm x86_64 /var/folders/g2/4t2t7ssj3n3_v2xrl935g8sh0000gn/T/flo-derived.tr2gd7/ModuleCache.noindex/BackgroundAssets-DMDMQ74N4ORT9WMRJPQJ9AP93.pcm

SwiftExplicitDependencyGeneratePcm x86_64 /var/folders/g2/4t2t7ssj3n3_v2xrl935g8sh0000gn/T/flo-derived.tr2gd7/ModuleCache.noindex/UIUtilities-AO6MAZ9ETB311JBL12F2EZICD.pcm

SwiftExplicitDependencyGeneratePcm x86_64 /var/folders/g2/4t2t7ssj3n3_v2xrl935g8sh0000gn/T/flo-derived.tr2gd7/ModuleCache.noindex/UserNotifications-B2BIVUDSPBKCXFH32ER343WEL.pcm

SwiftExplicitDependencyGeneratePcm x86_64 /var/folders/g2/4t2t7ssj3n3_v2xrl935g8sh0000gn/T/flo-derived.tr2gd7/ModuleCache.noindex/_LocationEssentials-30XVQ1L2AN6QPHLY9O18SIEHW.pcm

SwiftExplicitDependencyGeneratePcm x86_64 /var/folders/g2/4t2t7ssj3n3_v2xrl935g8sh0000gn/T/flo-derived.tr2gd7/ModuleCache.noindex/Metal-32BS498P0JBVX4G1FBIW68Z80.pcm

SwiftExplicitDependencyGeneratePcm x86_64 /var/folders/g2/4t2t7ssj3n3_v2xrl935g8sh0000gn/T/flo-derived.tr2gd7/ModuleCache.noindex/MediaAccessibility-5AAYO2NXBB3UDTK3RPJVFJ2TS.pcm

SwiftExplicitDependencyGeneratePcm x86_64 /var/folders/g2/4t2t7ssj3n3_v2xrl935g8sh0000gn/T/flo-derived.tr2gd7/ModuleCache.noindex/FileProvider-7AA13LCW19ZDKU3UMMECHIYZ1.pcm

SwiftExplicitDependencyGeneratePcm x86_64 /var/folders/g2/4t2t7ssj3n3_v2xrl935g8sh0000gn/T/flo-derived.tr2gd7/ModuleCache.noindex/AudioToolbox-BKY8U5UYYGC1030UWFLHVR01J.pcm

SwiftExplicitDependencyGeneratePcm x86_64 /var/folders/g2/4t2t7ssj3n3_v2xrl935g8sh0000gn/T/flo-derived.tr2gd7/ModuleCache.noindex/AVRouting-3TEBFGBILYRFGYT97GFV041P2.pcm

SwiftExplicitDependencyGeneratePcm x86_64 /var/folders/g2/4t2t7ssj3n3_v2xrl935g8sh0000gn/T/flo-derived.tr2gd7/ModuleCache.noindex/CoreLocation-D3P08PADOOV4Q4LQ1B9X03GOW.pcm

SwiftExplicitDependencyGeneratePcm x86_64 /var/folders/g2/4t2t7ssj3n3_v2xrl935g8sh0000gn/T/flo-derived.tr2gd7/ModuleCache.noindex/CoreVideo-1Q4LXADFBM1I6LIOC3H933ZZX.pcm

SwiftExplicitDependencyGeneratePcm x86_64 /var/folders/g2/4t2t7ssj3n3_v2xrl935g8sh0000gn/T/flo-derived.tr2gd7/ModuleCache.noindex/CoreImage-B30PBELP3FTRRU6QRXGPMZTTK.pcm

SwiftExplicitDependencyGeneratePcm x86_64 /var/folders/g2/4t2t7ssj3n3_v2xrl935g8sh0000gn/T/flo-derived.tr2gd7/ModuleCache.noindex/QuartzCore-8CZWU3Q30NKQGQECYULPV7SD9.pcm

SwiftExplicitDependencyGeneratePcm x86_64 /var/folders/g2/4t2t7ssj3n3_v2xrl935g8sh0000gn/T/flo-derived.tr2gd7/ModuleCache.noindex/CoreMedia-2OOXVHYYAQAQE800N1NQKZ9CS.pcm

SwiftExplicitDependencyGeneratePcm x86_64 /var/folders/g2/4t2t7ssj3n3_v2xrl935g8sh0000gn/T/flo-derived.tr2gd7/ModuleCache.noindex/SwiftUICore-6LNBLMELM7V8PC99B3A41BSA.pcm

SwiftExplicitDependencyGeneratePcm x86_64 /var/folders/g2/4t2t7ssj3n3_v2xrl935g8sh0000gn/T/flo-derived.tr2gd7/ModuleCache.noindex/UIKit-BFHL6HY5ODQ2CNZCW85CJBCDJ.pcm

SwiftExplicitDependencyGeneratePcm x86_64 /var/folders/g2/4t2t7ssj3n3_v2xrl935g8sh0000gn/T/flo-derived.tr2gd7/ModuleCache.noindex/MediaToolbox-5Z75SQVITLV53FC7FS892KF1L.pcm

SwiftExplicitDependencyGeneratePcm x86_64 /var/folders/g2/4t2t7ssj3n3_v2xrl935g8sh0000gn/T/flo-derived.tr2gd7/ModuleCache.noindex/AVFAudio-ECNEOFF4XSMLPP4LOBAZLSIX9.pcm

SwiftExplicitDependencyGeneratePcm x86_64 /var/folders/g2/4t2t7ssj3n3_v2xrl935g8sh0000gn/T/flo-derived.tr2gd7/ModuleCache.noindex/AVFoundation-2IVPX6GIPMFZ2PG56PNJACUJL.pcm

SwiftExplicitDependencyGeneratePcm x86_64 /var/folders/g2/4t2t7ssj3n3_v2xrl935g8sh0000gn/T/flo-derived.tr2gd7/ModuleCache.noindex/AVKit-2QF0Z0N5H32BVK9DTPFOIUAC7.pcm

SwiftExplicitDependencyGeneratePcm x86_64 /var/folders/g2/4t2t7ssj3n3_v2xrl935g8sh0000gn/T/flo-derived.tr2gd7/ModuleCache.noindex/MediaPlayer-16F0S8EHBK47NQ56PPYJPO1TI.pcm

SwiftExplicitDependencyGeneratePcm x86_64 /var/folders/g2/4t2t7ssj3n3_v2xrl935g8sh0000gn/T/flo-derived.tr2gd7/ModuleCache.noindex/MapKit-CIZZ7XQ6IW63VM352XYH0I77B.pcm

SwiftExplicitDependencyGeneratePcm x86_64 /var/folders/g2/4t2t7ssj3n3_v2xrl935g8sh0000gn/T/flo-derived.tr2gd7/ModuleCache.noindex/PDFKit-4IO3D6AFP9ESUJLCXT3K8F41T.pcm

SwiftExplicitDependencyGeneratePcm x86_64 /var/folders/g2/4t2t7ssj3n3_v2xrl935g8sh0000gn/T/flo-derived.tr2gd7/ModuleCache.noindex/WebKit-7WQQWBDLWE9NMADA5D5QDJPWR.pcm

SwiftExplicitDependencyGeneratePcm x86_64 /var/folders/g2/4t2t7ssj3n3_v2xrl935g8sh0000gn/T/flo-derived.tr2gd7/ModuleCache.noindex/SwiftUI-4YM5T06J9PEOMUHLZIWTER6ON.pcm

SwiftExplicitDependencyGeneratePcm x86_64 /var/folders/g2/4t2t7ssj3n3_v2xrl935g8sh0000gn/T/flo-derived.tr2gd7/ModuleCache.noindex/StoreKit-CL89MPQCT3NU1RAWD4GRUDQ7J.pcm

SwiftExplicitDependencyGeneratePcm x86_64 /var/folders/g2/4t2t7ssj3n3_v2xrl935g8sh0000gn/T/flo-derived.tr2gd7/ModuleCache.noindex/CarPlay-2D2T494FA01YOM7IX2C6I1QJ4.pcm

SwiftEmitModule normal x86_64 Emitting\ module\ for\ flo (in target 'flo' from project 'flo')

EmitSwiftModule normal x86_64 (in target 'flo' from project 'flo')
    cd /tmp/flo-empty
    
/tmp/flo-empty/flo/DownloadViewModel.swift:40:14: warning: 'internal(set)' modifier is redundant for an internal property
  @Published internal(set) var downloadItems: [DownloadItem] = []
             ^~~~~~~~~~~~~~
             
/tmp/flo-empty/flo/DownloadViewModel.swift:41:14: warning: 'internal(set)' modifier is redundant for an internal property
  @Published internal(set) var currentDownloads: Set<String> = []
             ^~~~~~~~~~~~~~
             

SwiftCompile normal x86_64 Compiling\ AlbumService.swift,\ StreamCacheManager.swift,\ LibraryCacheManager.swift,\ CoverArtCacheManager.swift,\ LyricsLine.swift,\ DownloadButtonView.swift,\ Playable.swift,\ PlayerViewModel.swift,\ RadiosViewModel.swift /tmp/flo-empty/flo/Shared/Services/AlbumService.swift /tmp/flo-empty/flo/Shared/Services/StreamCacheManager.swift /tmp/flo-empty/flo/Shared/Services/LibraryCacheManager.swift /tmp/flo-empty/flo/Shared/Services/CoverArtCacheManager.swift /tmp/flo-empty/flo/Shared/Models/LyricsLine.swift /tmp/flo-empty/flo/DownloadButtonView.swift /tmp/flo-empty/flo/Shared/Models/Playable.swift /tmp/flo-empty/flo/PlayerViewModel.swift /tmp/flo-empty/flo/Radios/RadiosViewModel.swift (in target 'flo' from project 'flo')

SwiftCompile normal x86_64 /tmp/flo-empty/flo/Shared/Services/AlbumService.swift (in target 'flo' from project 'flo')
    cd /tmp/flo-empty
    

SwiftCompile normal x86_64 /tmp/flo-empty/flo/Shared/Services/StreamCacheManager.swift (in target 'flo' from project 'flo')
    cd /tmp/flo-empty
    
/tmp/flo-empty/flo/Shared/Services/StreamCacheManager.swift:232:5: warning: result of 'try?' is unused
    try? CoreDataManager.shared.viewContext.execute(deleteRequest)
    ^~~~~~~~~~~~~~~~~~~~~~~~~~~~~~~~~~~~~~~~~~~~~~~~~~~~~~~~~~~~~~

SwiftCompile normal x86_64 /tmp/flo-empty/flo/Shared/Services/LibraryCacheManager.swift (in target 'flo' from project 'flo')
    cd /tmp/flo-empty
    

SwiftCompile normal x86_64 /tmp/flo-empty/flo/Shared/Services/CoverArtCacheManager.swift (in target 'flo' from project 'flo')
    cd /tmp/flo-empty
    
/tmp/flo-empty/flo/Shared/Services/CoverArtCacheManager.swift:60:22: warning: result of call to 'sync(execute:)' is unused
      self.syncQueue.sync {
                     ^    ~

SwiftCompile normal x86_64 /tmp/flo-empty/flo/Shared/Models/LyricsLine.swift (in target 'flo' from project 'flo')
    cd /tmp/flo-empty
    

SwiftCompile normal x86_64 /tmp/flo-empty/flo/DownloadButtonView.swift (in target 'flo' from project 'flo')
    cd /tmp/flo-empty
    

SwiftCompile normal x86_64 /tmp/flo-empty/flo/Shared/Models/Playable.swift (in target 'flo' from project 'flo')
    cd /tmp/flo-empty
    

SwiftCompile normal x86_64 /tmp/flo-empty/flo/PlayerViewModel.swift (in target 'flo' from project 'flo')
    cd /tmp/flo-empty
    

SwiftCompile normal x86_64 /tmp/flo-empty/flo/Radios/RadiosViewModel.swift (in target 'flo' from project 'flo')
    cd /tmp/flo-empty
    

SwiftCompile normal x86_64 Compiling\ APIManager.swift,\ HomeView.swift,\ PreferencesView.swift,\ ArtistDetailView.swift,\ ArtistImageView.swift,\ ArtistsView.swift,\ CarPlaySceneDelegate.swift,\ CarPlayCoordinator.swift,\ CarPlayNowPlayingManager.swift /tmp/flo-empty/flo/Shared/Services/APIManager.swift /tmp/flo-empty/flo/Navigation/HomeView.swift /tmp/flo-empty/flo/Navigation/PreferencesView.swift /tmp/flo-empty/flo/Artists/ArtistDetailView.swift /tmp/flo-empty/flo/Artists/ArtistImageView.swift /tmp/flo-empty/flo/Artists/ArtistsView.swift /tmp/flo-empty/flo/CarPlay/CarPlaySceneDelegate.swift /tmp/flo-empty/flo/CarPlay/CarPlayCoordinator.swift /tmp/flo-empty/flo/CarPlay/CarPlayNowPlayingManager.swift (in target 'flo' from project 'flo')

SwiftCompile normal x86_64 /tmp/flo-empty/flo/Shared/Services/APIManager.swift (in target 'flo' from project 'flo')
    cd /tmp/flo-empty
    

SwiftCompile normal x86_64 /tmp/flo-empty/flo/Navigation/HomeView.swift (in target 'flo' from project 'flo')
    cd /tmp/flo-empty
    

SwiftCompile normal x86_64 /tmp/flo-empty/flo/Navigation/PreferencesView.swift (in target 'flo' from project 'flo')
    cd /tmp/flo-empty
    

SwiftCompile normal x86_64 /tmp/flo-empty/flo/Artists/ArtistDetailView.swift (in target 'flo' from project 'flo')
    cd /tmp/flo-empty
    

SwiftCompile normal x86_64 /tmp/flo-empty/flo/Artists/ArtistImageView.swift (in target 'flo' from project 'flo')
    cd /tmp/flo-empty
    

SwiftCompile normal x86_64 /tmp/flo-empty/flo/Artists/ArtistsView.swift (in target 'flo' from project 'flo')
    cd /tmp/flo-empty
    

SwiftCompile normal x86_64 /tmp/flo-empty/flo/CarPlay/CarPlaySceneDelegate.swift (in target 'flo' from project 'flo')
    cd /tmp/flo-empty
    

SwiftCompile normal x86_64 /tmp/flo-empty/flo/CarPlay/CarPlayCoordinator.swift (in target 'flo' from project 'flo')
    cd /tmp/flo-empty
    

SwiftCompile normal x86_64 /tmp/flo-empty/flo/CarPlay/CarPlayNowPlayingManager.swift (in target 'flo' from project 'flo')
    cd /tmp/flo-empty
    

SwiftCompile normal x86_64 Compiling\ CacheEntity+CoreDataClass.swift,\ CacheEntity+CoreDataProperties.swift,\ ScrobbleEntity+CoreDataClass.swift,\ ScrobbleEntity+CoreDataProperties.swift,\ SongEntity+CoreDataClass.swift,\ SongEntity+CoreDataProperties.swift,\ flo+CoreDataModel.swift,\ GeneratedAssetSymbols.swift,\ GeneratedStringSymbols_Localizable.swift /var/folders/g2/4t2t7ssj3n3_v2xrl935g8sh0000gn/T/flo-derived.tr2gd7/Build/Intermediates.noindex/flo.build/Debug-iphonesimulator/flo.build/DerivedSources/CoreDataGenerated/flo/CacheEntity+CoreDataClass.swift /var/folders/g2/4t2t7ssj3n3_v2xrl935g8sh0000gn/T/flo-derived.tr2gd7/Build/Intermediates.noindex/flo.build/Debug-iphonesimulator/flo.build/DerivedSources/CoreDataGenerated/flo/CacheEntity+CoreDataProperties.swift /var/folders/g2/4t2t7ssj3n3_v2xrl935g8sh0000gn/T/flo-derived.tr2gd7/Build/Intermediates.noindex/flo.build/Debug-iphonesimulator/flo.build/DerivedSources/CoreDataGenerated/flo/ScrobbleEntity+CoreDataClass.swift /var/folders/g2/4t2t7ssj3n3_v2xrl935g8sh0000gn/T/flo-derived.tr2gd7/Build/Intermediates.noindex/flo.build/Debug-iphonesimulator/flo.build/DerivedSources/CoreDataGenerated/flo/ScrobbleEntity+CoreDataProperties.swift /var/folders/g2/4t2t7ssj3n3_v2xrl935g8sh0000gn/T/flo-derived.tr2gd7/Build/Intermediates.noindex/flo.build/Debug-iphonesimulator/flo.build/DerivedSources/CoreDataGenerated/flo/SongEntity+CoreDataClass.swift /var/folders/g2/4t2t7ssj3n3_v2xrl935g8sh0000gn/T/flo-derived.tr2gd7/Build/Intermediates.noindex/flo.build/Debug-iphonesimulator/flo.build/DerivedSources/CoreDataGenerated/flo/SongEntity+CoreDataProperties.swift /var/folders/g2/4t2t7ssj3n3_v2xrl935g8sh0000gn/T/flo-derived.tr2gd7/Build/Intermediates.noindex/flo.build/Debug-iphonesimulator/flo.build/DerivedSources/CoreDataGenerated/flo/flo+CoreDataModel.swift /var/folders/g2/4t2t7ssj3n3_v2xrl935g8sh0000gn/T/flo-derived.tr2gd7/Build/Intermediates.noindex/flo.build/Debug-iphonesimulator/flo.build/DerivedSources/GeneratedAssetSymbols.swift /var/folders/g2/4t2t7ssj3n3_v2xrl935g8sh0000gn/T/flo-derived.tr2gd7/Build/Intermediates.noindex/flo.build/Debug-iphonesimulator/flo.build/DerivedSources/GeneratedStringSymbols_Localizable.swift (in target 'flo' from project 'flo')

SwiftCompile normal x86_64 /var/folders/g2/4t2t7ssj3n3_v2xrl935g8sh0000gn/T/flo-derived.tr2gd7/Build/Intermediates.noindex/flo.build/Debug-iphonesimulator/flo.build/DerivedSources/CoreDataGenerated/flo/CacheEntity+CoreDataClass.swift (in target 'flo' from project 'flo')
    cd /tmp/flo-empty
    

SwiftCompile normal x86_64 /var/folders/g2/4t2t7ssj3n3_v2xrl935g8sh0000gn/T/flo-derived.tr2gd7/Build/Intermediates.noindex/flo.build/Debug-iphonesimulator/flo.build/DerivedSources/CoreDataGenerated/flo/CacheEntity+CoreDataProperties.swift (in target 'flo' from project 'flo')
    cd /tmp/flo-empty
    

SwiftCompile normal x86_64 /var/folders/g2/4t2t7ssj3n3_v2xrl935g8sh0000gn/T/flo-derived.tr2gd7/Build/Intermediates.noindex/flo.build/Debug-iphonesimulator/flo.build/DerivedSources/CoreDataGenerated/flo/ScrobbleEntity+CoreDataClass.swift (in target 'flo' from project 'flo')
    cd /tmp/flo-empty
    

SwiftCompile normal x86_64 /var/folders/g2/4t2t7ssj3n3_v2xrl935g8sh0000gn/T/flo-derived.tr2gd7/Build/Intermediates.noindex/flo.build/Debug-iphonesimulator/flo.build/DerivedSources/CoreDataGenerated/flo/ScrobbleEntity+CoreDataProperties.swift (in target 'flo' from project 'flo')
    cd /tmp/flo-empty
    

SwiftCompile normal x86_64 /var/folders/g2/4t2t7ssj3n3_v2xrl935g8sh0000gn/T/flo-derived.tr2gd7/Build/Intermediates.noindex/flo.build/Debug-iphonesimulator/flo.build/DerivedSources/CoreDataGenerated/flo/SongEntity+CoreDataClass.swift (in target 'flo' from project 'flo')
    cd /tmp/flo-empty
    

SwiftCompile normal x86_64 /var/folders/g2/4t2t7ssj3n3_v2xrl935g8sh0000gn/T/flo-derived.tr2gd7/Build/Intermediates.noindex/flo.build/Debug-iphonesimulator/flo.build/DerivedSources/CoreDataGenerated/flo/SongEntity+CoreDataProperties.swift (in target 'flo' from project 'flo')
    cd /tmp/flo-empty
    

SwiftCompile normal x86_64 /var/folders/g2/4t2t7ssj3n3_v2xrl935g8sh0000gn/T/flo-derived.tr2gd7/Build/Intermediates.noindex/flo.build/Debug-iphonesimulator/flo.build/DerivedSources/CoreDataGenerated/flo/flo+CoreDataModel.swift (in target 'flo' from project 'flo')
    cd /tmp/flo-empty
    

SwiftCompile normal x86_64 /var/folders/g2/4t2t7ssj3n3_v2xrl935g8sh0000gn/T/flo-derived.tr2gd7/Build/Intermediates.noindex/flo.build/Debug-iphonesimulator/flo.build/DerivedSources/GeneratedAssetSymbols.swift (in target 'flo' from project 'flo')
    cd /tmp/flo-empty
    

SwiftCompile normal x86_64 /var/folders/g2/4t2t7ssj3n3_v2xrl935g8sh0000gn/T/flo-derived.tr2gd7/Build/Intermediates.noindex/flo.build/Debug-iphonesimulator/flo.build/DerivedSources/GeneratedStringSymbols_Localizable.swift (in target 'flo' from project 'flo')
    cd /tmp/flo-empty
    

SwiftCompile normal x86_64 Compiling\ DownloadsView.swift,\ PlaylistView.swift,\ PlayerView.swift,\ WatchConnectivityManager.swift,\ CoreDataManager.swift,\ LoginView.swift,\ Artist.swift,\ PlaybackService.swift,\ Strings.swift /tmp/flo-empty/flo/Navigation/DownloadsView.swift /tmp/flo-empty/flo/PlaylistView.swift /tmp/flo-empty/flo/PlayerView.swift /tmp/flo-empty/flo/Shared/Services/WatchConnectivityManager.swift /tmp/flo-empty/flo/Shared/Services/CoreDataManager.swift /tmp/flo-empty/flo/LoginView.swift /tmp/flo-empty/flo/Shared/Models/Artist.swift /tmp/flo-empty/flo/Shared/Services/PlaybackService.swift /tmp/flo-empty/flo/Shared/Utils/Strings.swift (in target 'flo' from project 'flo')

SwiftCompile normal x86_64 /tmp/flo-empty/flo/Navigation/DownloadsView.swift (in target 'flo' from project 'flo')
    cd /tmp/flo-empty
    

SwiftCompile normal x86_64 /tmp/flo-empty/flo/PlaylistView.swift (in target 'flo' from project 'flo')
    cd /tmp/flo-empty
    

SwiftCompile normal x86_64 /tmp/flo-empty/flo/PlayerView.swift (in target 'flo' from project 'flo')
    cd /tmp/flo-empty
    

SwiftCompile normal x86_64 /tmp/flo-empty/flo/Shared/Services/WatchConnectivityManager.swift (in target 'flo' from project 'flo')
    cd /tmp/flo-empty
    

SwiftCompile normal x86_64 /tmp/flo-empty/flo/Shared/Services/CoreDataManager.swift (in target 'flo' from project 'flo')
    cd /tmp/flo-empty
    

SwiftCompile normal x86_64 /tmp/flo-empty/flo/LoginView.swift (in target 'flo' from project 'flo')
    cd /tmp/flo-empty
    

SwiftCompile normal x86_64 /tmp/flo-empty/flo/Shared/Models/Artist.swift (in target 'flo' from project 'flo')
    cd /tmp/flo-empty
    

SwiftCompile normal x86_64 /tmp/flo-empty/flo/Shared/Services/PlaybackService.swift (in target 'flo' from project 'flo')
    cd /tmp/flo-empty
    

SwiftCompile normal x86_64 /tmp/flo-empty/flo/Shared/Utils/Strings.swift (in target 'flo' from project 'flo')
    cd /tmp/flo-empty
    

SwiftCompile normal x86_64 Compiling\ CarPlayImageLoader.swift,\ AppDelegate.swift,\ SceneDelegate.swift,\ HistoryEntity+CoreDataClass.swift,\ HistoryEntity+CoreDataProperties.swift,\ PlaylistEntity+CoreDataClass.swift,\ PlaylistEntity+CoreDataProperties.swift,\ QueueEntity+CoreDataClass.swift,\ QueueEntity+CoreDataProperties.swift /tmp/flo-empty/flo/CarPlay/CarPlayImageLoader.swift /tmp/flo-empty/flo/AppDelegate.swift /tmp/flo-empty/flo/SceneDelegate.swift /var/folders/g2/4t2t7ssj3n3_v2xrl935g8sh0000gn/T/flo-derived.tr2gd7/Build/Intermediates.noindex/flo.build/Debug-iphonesimulator/flo.build/DerivedSources/CoreDataGenerated/flo/HistoryEntity+CoreDataClass.swift /var/folders/g2/4t2t7ssj3n3_v2xrl935g8sh0000gn/T/flo-derived.tr2gd7/Build/Intermediates.noindex/flo.build/Debug-iphonesimulator/flo.build/DerivedSources/CoreDataGenerated/flo/HistoryEntity+CoreDataProperties.swift /var/folders/g2/4t2t7ssj3n3_v2xrl935g8sh0000gn/T/flo-derived.tr2gd7/Build/Intermediates.noindex/flo.build/Debug-iphonesimulator/flo.build/DerivedSources/CoreDataGenerated/flo/PlaylistEntity+CoreDataClass.swift /var/folders/g2/4t2t7ssj3n3_v2xrl935g8sh0000gn/T/flo-derived.tr2gd7/Build/Intermediates.noindex/flo.build/Debug-iphonesimulator/flo.build/DerivedSources/CoreDataGenerated/flo/PlaylistEntity+CoreDataProperties.swift /var/folders/g2/4t2t7ssj3n3_v2xrl935g8sh0000gn/T/flo-derived.tr2gd7/Build/Intermediates.noindex/flo.build/Debug-iphonesimulator/flo.build/DerivedSources/CoreDataGenerated/flo/QueueEntity+CoreDataClass.swift /var/folders/g2/4t2t7ssj3n3_v2xrl935g8sh0000gn/T/flo-derived.tr2gd7/Build/Intermediates.noindex/flo.build/Debug-iphonesimulator/flo.build/DerivedSources/CoreDataGenerated/flo/QueueEntity+CoreDataProperties.swift (in target 'flo' from project 'flo')

SwiftCompile normal x86_64 /tmp/flo-empty/flo/CarPlay/CarPlayImageLoader.swift (in target 'flo' from project 'flo')
    cd /tmp/flo-empty
    

SwiftCompile normal x86_64 /tmp/flo-empty/flo/AppDelegate.swift (in target 'flo' from project 'flo')
    cd /tmp/flo-empty
    

SwiftCompile normal x86_64 /tmp/flo-empty/flo/SceneDelegate.swift (in target 'flo' from project 'flo')
    cd /tmp/flo-empty
    

SwiftCompile normal x86_64 /var/folders/g2/4t2t7ssj3n3_v2xrl935g8sh0000gn/T/flo-derived.tr2gd7/Build/Intermediates.noindex/flo.build/Debug-iphonesimulator/flo.build/DerivedSources/CoreDataGenerated/flo/HistoryEntity+CoreDataClass.swift (in target 'flo' from project 'flo')
    cd /tmp/flo-empty
    

SwiftCompile normal x86_64 /var/folders/g2/4t2t7ssj3n3_v2xrl935g8sh0000gn/T/flo-derived.tr2gd7/Build/Intermediates.noindex/flo.build/Debug-iphonesimulator/flo.build/DerivedSources/CoreDataGenerated/flo/HistoryEntity+CoreDataProperties.swift (in target 'flo' from project 'flo')
    cd /tmp/flo-empty
    

SwiftCompile normal x86_64 /var/folders/g2/4t2t7ssj3n3_v2xrl935g8sh0000gn/T/flo-derived.tr2gd7/Build/Intermediates.noindex/flo.build/Debug-iphonesimulator/flo.build/DerivedSources/CoreDataGenerated/flo/PlaylistEntity+CoreDataClass.swift (in target 'flo' from project 'flo')
    cd /tmp/flo-empty
    

SwiftCompile normal x86_64 /var/folders/g2/4t2t7ssj3n3_v2xrl935g8sh0000gn/T/flo-derived.tr2gd7/Build/Intermediates.noindex/flo.build/Debug-iphonesimulator/flo.build/DerivedSources/CoreDataGenerated/flo/PlaylistEntity+CoreDataProperties.swift (in target 'flo' from project 'flo')
    cd /tmp/flo-empty
    

SwiftCompile normal x86_64 /var/folders/g2/4t2t7ssj3n3_v2xrl935g8sh0000gn/T/flo-derived.tr2gd7/Build/Intermediates.noindex/flo.build/Debug-iphonesimulator/flo.build/DerivedSources/CoreDataGenerated/flo/QueueEntity+CoreDataClass.swift (in target 'flo' from project 'flo')
    cd /tmp/flo-empty
    

SwiftCompile normal x86_64 /var/folders/g2/4t2t7ssj3n3_v2xrl935g8sh0000gn/T/flo-derived.tr2gd7/Build/Intermediates.noindex/flo.build/Debug-iphonesimulator/flo.build/DerivedSources/CoreDataGenerated/flo/QueueEntity+CoreDataProperties.swift (in target 'flo' from project 'flo')
    cd /tmp/flo-empty
    

SwiftCompile normal x86_64 Compiling\ LRCLIB.swift,\ LRCLIBService.swift,\ AlbumView.swift,\ FloatingPlayerView.swift,\ PlayerSidePanelView.swift,\ AuthViewModel.swift,\ PlaybackCoordinator.swift,\ IAPLoginView.swift,\ CachedSongsView.swift /tmp/flo-empty/flo/Shared/Models/LRCLIB.swift /tmp/flo-empty/flo/Shared/Services/LRCLIBService.swift /tmp/flo-empty/flo/AlbumView.swift /tmp/flo-empty/flo/FloatingPlayerView.swift /tmp/flo-empty/flo/PlayerSidePanelView.swift /tmp/flo-empty/flo/AuthViewModel.swift /tmp/flo-empty/flo/Shared/Services/PlaybackCoordinator.swift /tmp/flo-empty/flo/Shared/Utils/IAPLoginView.swift /tmp/flo-empty/flo/Navigation/CachedSongsView.swift (in target 'flo' from project 'flo')

SwiftCompile normal x86_64 /tmp/flo-empty/flo/Shared/Models/LRCLIB.swift (in target 'flo' from project 'flo')
    cd /tmp/flo-empty
    

SwiftCompile normal x86_64 /tmp/flo-empty/flo/Shared/Services/LRCLIBService.swift (in target 'flo' from project 'flo')
    cd /tmp/flo-empty
    

SwiftCompile normal x86_64 /tmp/flo-empty/flo/AlbumView.swift (in target 'flo' from project 'flo')
    cd /tmp/flo-empty
    

SwiftCompile normal x86_64 /tmp/flo-empty/flo/FloatingPlayerView.swift (in target 'flo' from project 'flo')
    cd /tmp/flo-empty
    

SwiftCompile normal x86_64 /tmp/flo-empty/flo/PlayerSidePanelView.swift (in target 'flo' from project 'flo')
    cd /tmp/flo-empty
    

SwiftCompile normal x86_64 /tmp/flo-empty/flo/AuthViewModel.swift (in target 'flo' from project 'flo')
    cd /tmp/flo-empty
    

SwiftCompile normal x86_64 /tmp/flo-empty/flo/Shared/Services/PlaybackCoordinator.swift (in target 'flo' from project 'flo')
    cd /tmp/flo-empty
    

SwiftCompile normal x86_64 /tmp/flo-empty/flo/Shared/Utils/IAPLoginView.swift (in target 'flo' from project 'flo')
    cd /tmp/flo-empty
    

SwiftCompile normal x86_64 /tmp/flo-empty/flo/Navigation/CachedSongsView.swift (in target 'flo' from project 'flo')
    cd /tmp/flo-empty
    

SwiftCompile normal x86_64 Compiling\ Constants.swift,\ LibraryNavigation.swift,\ LocalFileManager.swift,\ StatCardView.swift,\ Playlist.swift,\ LibraryView.swift,\ Stats.swift,\ LibraryDestination.swift,\ UIScreen+.swift /tmp/flo-empty/flo/Shared/Utils/Constants.swift /tmp/flo-empty/flo/Shared/Utils/LibraryNavigation.swift /tmp/flo-empty/flo/Shared/Services/LocalFileManager.swift /tmp/flo-empty/flo/StatCardView.swift /tmp/flo-empty/flo/Shared/Models/Playlist.swift /tmp/flo-empty/flo/Navigation/LibraryView.swift /tmp/flo-empty/flo/Shared/Models/Stats.swift /tmp/flo-empty/flo/Shared/Models/LibraryDestination.swift /tmp/flo-empty/flo/Shared/Utils/UIScreen+.swift (in target 'flo' from project 'flo')
SwiftCompile normal x86_64 /tmp/flo-empty/flo/Shared/Utils/Constants.swift (in target 'flo' from project 'flo')
    cd /tmp/flo-empty
    

SwiftCompile normal x86_64 /tmp/flo-empty/flo/Shared/Utils/LibraryNavigation.swift (in target 'flo' from project 'flo')
    cd /tmp/flo-empty
    

SwiftCompile normal x86_64 /tmp/flo-empty/flo/Shared/Services/LocalFileManager.swift (in target 'flo' from project 'flo')
    cd /tmp/flo-empty
    

SwiftCompile normal x86_64 /tmp/flo-empty/flo/StatCardView.swift (in target 'flo' from project 'flo')
    cd /tmp/flo-empty
    

SwiftCompile normal x86_64 /tmp/flo-empty/flo/Shared/Models/Playlist.swift (in target 'flo' from project 'flo')
    cd /tmp/flo-empty
    

SwiftCompile normal x86_64 /tmp/flo-empty/flo/Navigation/LibraryView.swift (in target 'flo' from project 'flo')
    cd /tmp/flo-empty
    

SwiftCompile normal x86_64 /tmp/flo-empty/flo/Shared/Models/Stats.swift (in target 'flo' from project 'flo')
    cd /tmp/flo-empty
    

SwiftCompile normal x86_64 /tmp/flo-empty/flo/Shared/Models/LibraryDestination.swift (in target 'flo' from project 'flo')
    cd /tmp/flo-empty
    

SwiftCompile normal x86_64 /tmp/flo-empty/flo/Shared/Utils/UIScreen+.swift (in target 'flo' from project 'flo')
    cd /tmp/flo-empty
    

SwiftCompile normal x86_64 Compiling\ ArtistRadio.swift,\ ArtistDetailViewModel.swift,\ ScanStatus.swift,\ AlbumViewModel.swift,\ WatchLibraryResponder.swift,\ IAPWebView.swift,\ ScanStatusService.swift,\ SongView.swift,\ UserAuth.swift,\ Album.swift /tmp/flo-empty/flo/Shared/Models/ArtistRadio.swift /tmp/flo-empty/flo/Artists/ArtistDetailViewModel.swift /tmp/flo-empty/flo/Shared/Models/ScanStatus.swift /tmp/flo-empty/flo/AlbumViewModel.swift /tmp/flo-empty/flo/Shared/Services/WatchLibraryResponder.swift /tmp/flo-empty/flo/Shared/Utils/IAPWebView.swift /tmp/flo-empty/flo/Shared/Services/ScanStatusService.swift /tmp/flo-empty/flo/SongView.swift /tmp/flo-empty/flo/Shared/Models/UserAuth.swift /tmp/flo-empty/flo/Shared/Models/Album.swift (in target 'flo' from project 'flo')

SwiftCompile normal x86_64 /tmp/flo-empty/flo/Shared/Models/ArtistRadio.swift (in target 'flo' from project 'flo')
    cd /tmp/flo-empty
    

SwiftCompile normal x86_64 /tmp/flo-empty/flo/Artists/ArtistDetailViewModel.swift (in target 'flo' from project 'flo')
    cd /tmp/flo-empty
    

SwiftCompile normal x86_64 /tmp/flo-empty/flo/Shared/Models/ScanStatus.swift (in target 'flo' from project 'flo')
    cd /tmp/flo-empty
    

SwiftCompile normal x86_64 /tmp/flo-empty/flo/AlbumViewModel.swift (in target 'flo' from project 'flo')
    cd /tmp/flo-empty
    

SwiftCompile normal x86_64 /tmp/flo-empty/flo/Shared/Services/WatchLibraryResponder.swift (in target 'flo' from project 'flo')
    cd /tmp/flo-empty
    

SwiftCompile normal x86_64 /tmp/flo-empty/flo/Shared/Utils/IAPWebView.swift (in target 'flo' from project 'flo')
    cd /tmp/flo-empty
    

SwiftCompile normal x86_64 /tmp/flo-empty/flo/Shared/Services/ScanStatusService.swift (in target 'flo' from project 'flo')
    cd /tmp/flo-empty
    

SwiftCompile normal x86_64 /tmp/flo-empty/flo/SongView.swift (in target 'flo' from project 'flo')
    cd /tmp/flo-empty
    

SwiftCompile normal x86_64 /tmp/flo-empty/flo/Shared/Models/UserAuth.swift (in target 'flo' from project 'flo')
    cd /tmp/flo-empty
    

SwiftCompile normal x86_64 /tmp/flo-empty/flo/Shared/Models/Album.swift (in target 'flo' from project 'flo')
    cd /tmp/flo-empty
    

SwiftCompile normal x86_64 Compiling\ AirPlayRoutePicker.swift,\ Fonts.swift,\ LyricsView.swift,\ PlayerCustomSlider.swift,\ FloooViewModel.swift,\ UserDefaultsManager.swift,\ PlaylistDetailView.swift,\ DownloadQueueView.swift,\ App.swift /tmp/flo-empty/flo/Shared/Utils/AirPlayRoutePicker.swift /tmp/flo-empty/flo/Shared/Utils/Fonts.swift /tmp/flo-empty/flo/LyricsView.swift /tmp/flo-empty/flo/PlayerCustomSlider.swift /tmp/flo-empty/flo/FloooViewModel.swift /tmp/flo-empty/flo/Shared/Services/UserDefaultsManager.swift /tmp/flo-empty/flo/PlaylistDetailView.swift /tmp/flo-empty/flo/DownloadQueueView.swift /tmp/flo-empty/flo/App.swift (in target 'flo' from project 'flo')

SwiftCompile normal x86_64 /tmp/flo-empty/flo/Shared/Utils/AirPlayRoutePicker.swift (in target 'flo' from project 'flo')
    cd /tmp/flo-empty
    

SwiftCompile normal x86_64 /tmp/flo-empty/flo/Shared/Utils/Fonts.swift (in target 'flo' from project 'flo')
    cd /tmp/flo-empty
    

SwiftCompile normal x86_64 /tmp/flo-empty/flo/LyricsView.swift (in target 'flo' from project 'flo')
    cd /tmp/flo-empty
    

SwiftCompile normal x86_64 /tmp/flo-empty/flo/PlayerCustomSlider.swift (in target 'flo' from project 'flo')
    cd /tmp/flo-empty
    

SwiftCompile normal x86_64 /tmp/flo-empty/flo/FloooViewModel.swift (in target 'flo' from project 'flo')
    cd /tmp/flo-empty
    

SwiftCompile normal x86_64 /tmp/flo-empty/flo/Shared/Services/UserDefaultsManager.swift (in target 'flo' from project 'flo')
    cd /tmp/flo-empty
    

SwiftCompile normal x86_64 /tmp/flo-empty/flo/PlaylistDetailView.swift (in target 'flo' from project 'flo')
    cd /tmp/flo-empty
    

SwiftCompile normal x86_64 /tmp/flo-empty/flo/DownloadQueueView.swift (in target 'flo' from project 'flo')
    cd /tmp/flo-empty
    

SwiftCompile normal x86_64 /tmp/flo-empty/flo/App.swift (in target 'flo' from project 'flo')
    cd /tmp/flo-empty
    

SwiftCompile normal x86_64 Compiling\ ExplicitBadge.swift,\ Subsonic.swift,\ AlbumsView.swift,\ PlaylistsView.swift,\ IAPWebAuthView.swift,\ SongsView.swift,\ LikedSongsView.swift,\ LRCParser.swift,\ AuthMode.swift /tmp/flo-empty/flo/Shared/Utils/ExplicitBadge.swift /tmp/flo-empty/flo/Shared/Models/Subsonic.swift /tmp/flo-empty/flo/AlbumsView.swift /tmp/flo-empty/flo/PlaylistsView.swift /tmp/flo-empty/flo/Shared/Utils/IAPWebAuthView.swift /tmp/flo-empty/flo/SongsView.swift /tmp/flo-empty/flo/Navigation/LikedSongsView.swift /tmp/flo-empty/flo/Shared/Utils/LRCParser.swift /tmp/flo-empty/flo/AuthMode.swift (in target 'flo' from project 'flo')

SwiftCompile normal x86_64 /tmp/flo-empty/flo/Shared/Utils/ExplicitBadge.swift (in target 'flo' from project 'flo')
    cd /tmp/flo-empty
    

SwiftCompile normal x86_64 /tmp/flo-empty/flo/Shared/Models/Subsonic.swift (in target 'flo' from project 'flo')
    cd /tmp/flo-empty
    

SwiftCompile normal x86_64 /tmp/flo-empty/flo/AlbumsView.swift (in target 'flo' from project 'flo')
    cd /tmp/flo-empty
    

SwiftCompile normal x86_64 /tmp/flo-empty/flo/PlaylistsView.swift (in target 'flo' from project 'flo')
    cd /tmp/flo-empty
    

SwiftCompile normal x86_64 /tmp/flo-empty/flo/Shared/Utils/IAPWebAuthView.swift (in target 'flo' from project 'flo')
    cd /tmp/flo-empty
    

SwiftCompile normal x86_64 /tmp/flo-empty/flo/SongsView.swift (in target 'flo' from project 'flo')
    cd /tmp/flo-empty
    

SwiftCompile normal x86_64 /tmp/flo-empty/flo/Navigation/LikedSongsView.swift (in target 'flo' from project 'flo')
    cd /tmp/flo-empty
    

SwiftCompile normal x86_64 /tmp/flo-empty/flo/Shared/Utils/LRCParser.swift (in target 'flo' from project 'flo')
    cd /tmp/flo-empty
    

SwiftCompile normal x86_64 /tmp/flo-empty/flo/AuthMode.swift (in target 'flo' from project 'flo')
    cd /tmp/flo-empty
    

SwiftCompile normal x86_64 Compiling\ ContentView.swift,\ RadioService.swift,\ KeychainManager.swift,\ RadiosView.swift,\ AuthService.swift,\ NowPlaying.swift,\ Radio.swift,\ AccountLinkStatus.swift,\ Song.swift,\ ExplicitStatus.swift /tmp/flo-empty/flo/ContentView.swift /tmp/flo-empty/flo/Shared/Services/RadioService.swift /tmp/flo-empty/flo/Shared/Services/KeychainManager.swift /tmp/flo-empty/flo/Radios/RadiosView.swift /tmp/flo-empty/flo/Shared/Services/AuthService.swift /tmp/flo-empty/flo/Shared/Models/NowPlaying.swift /tmp/flo-empty/flo/Shared/Models/Radio.swift /tmp/flo-empty/flo/Shared/Models/AccountLinkStatus.swift /tmp/flo-empty/flo/Shared/Models/Song.swift /tmp/flo-empty/flo/Shared/Models/ExplicitStatus.swift (in target 'flo' from project 'flo')

SwiftCompile normal x86_64 /tmp/flo-empty/flo/ContentView.swift (in target 'flo' from project 'flo')
    cd /tmp/flo-empty
    

SwiftCompile normal x86_64 /tmp/flo-empty/flo/Shared/Services/RadioService.swift (in target 'flo' from project 'flo')
    cd /tmp/flo-empty
    

SwiftCompile normal x86_64 /tmp/flo-empty/flo/Shared/Services/KeychainManager.swift (in target 'flo' from project 'flo')
    cd /tmp/flo-empty
    

SwiftCompile normal x86_64 /tmp/flo-empty/flo/Radios/RadiosView.swift (in target 'flo' from project 'flo')
    cd /tmp/flo-empty
    

SwiftCompile normal x86_64 /tmp/flo-empty/flo/Shared/Services/AuthService.swift (in target 'flo' from project 'flo')
    cd /tmp/flo-empty
    

SwiftCompile normal x86_64 /tmp/flo-empty/flo/Shared/Models/NowPlaying.swift (in target 'flo' from project 'flo')
    cd /tmp/flo-empty
    

SwiftCompile normal x86_64 /tmp/flo-empty/flo/Shared/Models/Radio.swift (in target 'flo' from project 'flo')
    cd /tmp/flo-empty
    

SwiftCompile normal x86_64 /tmp/flo-empty/flo/Shared/Models/AccountLinkStatus.swift (in target 'flo' from project 'flo')
    cd /tmp/flo-empty
    

SwiftCompile normal x86_64 /tmp/flo-empty/flo/Shared/Models/Song.swift (in target 'flo' from project 'flo')
    cd /tmp/flo-empty
    

SwiftCompile normal x86_64 /tmp/flo-empty/flo/Shared/Models/ExplicitStatus.swift (in target 'flo' from project 'flo')
    cd /tmp/flo-empty
    

SwiftDriverJobDiscovery normal x86_64 Compiling CacheEntity+CoreDataClass.swift, CacheEntity+CoreDataProperties.swift, ScrobbleEntity+CoreDataClass.swift, ScrobbleEntity+CoreDataProperties.swift, SongEntity+CoreDataClass.swift, SongEntity+CoreDataProperties.swift, flo+CoreDataModel.swift, GeneratedAssetSymbols.swift, GeneratedStringSymbols_Localizable.swift (in target 'flo' from project 'flo')

SwiftCompile normal x86_64 Compiling\ FloooService.swift,\ NetworkMonitor.swift,\ ScrobbleQueueManager.swift,\ ScrobbleQueueView.swift,\ DownloadViewModel.swift,\ InAppPurchaseManager.swift,\ ConfettiView.swift,\ GenreAlbumsView.swift,\ Errors.swift /tmp/flo-empty/flo/Shared/Services/FloooService.swift /tmp/flo-empty/flo/Shared/Services/NetworkMonitor.swift /tmp/flo-empty/flo/Shared/Services/ScrobbleQueueManager.swift /tmp/flo-empty/flo/ScrobbleQueueView.swift /tmp/flo-empty/flo/DownloadViewModel.swift /tmp/flo-empty/flo/Shared/Services/InAppPurchaseManager.swift /tmp/flo-empty/flo/Shared/Views/ConfettiView.swift /tmp/flo-empty/flo/Shared/Views/GenreAlbumsView.swift /tmp/flo-empty/flo/Shared/Utils/Errors.swift (in target 'flo' from project 'flo')

SwiftCompile normal x86_64 /tmp/flo-empty/flo/Shared/Services/FloooService.swift (in target 'flo' from project 'flo')
    cd /tmp/flo-empty
    

SwiftCompile normal x86_64 /tmp/flo-empty/flo/Shared/Services/NetworkMonitor.swift (in target 'flo' from project 'flo')
    cd /tmp/flo-empty
    

SwiftCompile normal x86_64 /tmp/flo-empty/flo/Shared/Services/ScrobbleQueueManager.swift (in target 'flo' from project 'flo')
    cd /tmp/flo-empty
    

SwiftCompile normal x86_64 /tmp/flo-empty/flo/ScrobbleQueueView.swift (in target 'flo' from project 'flo')
    cd /tmp/flo-empty
    

SwiftCompile normal x86_64 /tmp/flo-empty/flo/DownloadViewModel.swift (in target 'flo' from project 'flo')
    cd /tmp/flo-empty
    
/tmp/flo-empty/flo/DownloadViewModel.swift:40:14: warning: 'internal(set)' modifier is redundant for an internal property
  @Published internal(set) var downloadItems: [DownloadItem] = []
             ^~~~~~~~~~~~~~
             
/tmp/flo-empty/flo/DownloadViewModel.swift:41:14: warning: 'internal(set)' modifier is redundant for an internal property
  @Published internal(set) var currentDownloads: Set<String> = []
             ^~~~~~~~~~~~~~
             

SwiftCompile normal x86_64 /tmp/flo-empty/flo/Shared/Services/InAppPurchaseManager.swift (in target 'flo' from project 'flo')
    cd /tmp/flo-empty
    

SwiftCompile normal x86_64 /tmp/flo-empty/flo/Shared/Views/ConfettiView.swift (in target 'flo' from project 'flo')
    cd /tmp/flo-empty
    

SwiftCompile normal x86_64 /tmp/flo-empty/flo/Shared/Views/GenreAlbumsView.swift (in target 'flo' from project 'flo')
    cd /tmp/flo-empty
    

SwiftCompile normal x86_64 /tmp/flo-empty/flo/Shared/Utils/Errors.swift (in target 'flo' from project 'flo')
    cd /tmp/flo-empty
    

SwiftDriverJobDiscovery normal x86_64 Compiling CarPlayImageLoader.swift, AppDelegate.swift, SceneDelegate.swift, HistoryEntity+CoreDataClass.swift, HistoryEntity+CoreDataProperties.swift, PlaylistEntity+CoreDataClass.swift, PlaylistEntity+CoreDataProperties.swift, QueueEntity+CoreDataClass.swift, QueueEntity+CoreDataProperties.swift (in target 'flo' from project 'flo')

SwiftDriverJobDiscovery normal x86_64 Emitting module for flo (in target 'flo' from project 'flo')

SwiftDriver\ Compilation\ Requirements flo normal x86_64 com.apple.xcode.tools.swift.compiler (in target 'flo' from project 'flo')
    cd /tmp/flo-empty
    builtin-Swift-Compilation-Requirements -- /Applications/Xcode.app/Contents/Developer/Toolchains/XcodeDefault.xctoolchain/usr/bin/swiftc -module-name flo -Onone @/var/folders/g2/4t2t7ssj3n3_v2xrl935g8sh0000gn/T/flo-derived.tr2gd7/Build/Intermediates.noindex/flo.build/Debug-iphonesimulator/flo.build/Objects-normal/x86_64/flo.SwiftFileList -DDEBUG -enable-bare-slash-regex -enable-experimental-feature DebugDescriptionMacro -sdk /Applications/Xcode.app/Contents/Developer/Platforms/iPhoneSimulator.platform/Developer/SDKs/iPhoneSimulator26.4.sdk -target x86_64-apple-ios16.0-simulator -g -module-cache-path /var/folders/g2/4t2t7ssj3n3_v2xrl935g8sh0000gn/T/flo-derived.tr2gd7/ModuleCache.noindex -Xfrontend -serialize-debugging-options -enable-testing -index-store-path /var/folders/g2/4t2t7ssj3n3_v2xrl935g8sh0000gn/T/flo-derived.tr2gd7/Index.noindex/DataStore -Xcc -D_LIBCPP_HARDENING_MODE\=_LIBCPP_HARDENING_MODE_DEBUG -swift-version 5 -I /var/folders/g2/4t2t7ssj3n3_v2xrl935g8sh0000gn/T/flo-derived.tr2gd7/Build/Products/Debug-iphonesimulator -F /var/folders/g2/4t2t7ssj3n3_v2xrl935g8sh0000gn/T/flo-derived.tr2gd7/Build/Products/Debug-iphonesimulator/PackageFrameworks -F /var/folders/g2/4t2t7ssj3n3_v2xrl935g8sh0000gn/T/flo-derived.tr2gd7/Build/Products/Debug-iphonesimulator/PackageFrameworks -F /var/folders/g2/4t2t7ssj3n3_v2xrl935g8sh0000gn/T/flo-derived.tr2gd7/Build/Products/Debug-iphonesimulator/PackageFrameworks -F /var/folders/g2/4t2t7ssj3n3_v2xrl935g8sh0000gn/T/flo-derived.tr2gd7/Build/Products/Debug-iphonesimulator/PackageFrameworks -F /var/folders/g2/4t2t7ssj3n3_v2xrl935g8sh0000gn/T/flo-derived.tr2gd7/Build/Products/Debug-iphonesimulator/PackageFrameworks -F /var/folders/g2/4t2t7ssj3n3_v2xrl935g8sh0000gn/T/flo-derived.tr2gd7/Build/Products/Debug-iphonesimulator/PackageFrameworks -F /var/folders/g2/4t2t7ssj3n3_v2xrl935g8sh0000gn/T/flo-derived.tr2gd7/Build/Products/Debug-iphonesimulator -emit-localized-strings -emit-localized-strings-path /var/folders/g2/4t2t7ssj3n3_v2xrl935g8sh0000gn/T/flo-derived.tr2gd7/Build/Intermediates.noindex/flo.build/Debug-iphonesimulator/flo.build/Objects-normal/x86_64 -c -j12 -enable-batch-mode -incremental -Xcc -ivfsstatcache -Xcc /var/folders/g2/4t2t7ssj3n3_v2xrl935g8sh0000gn/T/flo-derived.tr2gd7/SDKStatCaches.noindex/iphonesimulator26.4-23E237-686eebb5dc1d8ecb277353a59184f4aa.sdkstatcache -output-file-map /var/folders/g2/4t2t7ssj3n3_v2xrl935g8sh0000gn/T/flo-derived.tr2gd7/Build/Intermediates.noindex/flo.build/Debug-iphonesimulator/flo.build/Objects-normal/x86_64/flo-OutputFileMap.json -use-frontend-parseable-output -save-temps -no-color-diagnostics -explicit-module-build -module-cache-path /var/folders/g2/4t2t7ssj3n3_v2xrl935g8sh0000gn/T/flo-derived.tr2gd7/Build/Intermediates.noindex/SwiftExplicitPrecompiledModules -clang-scanner-module-cache-path /var/folders/g2/4t2t7ssj3n3_v2xrl935g8sh0000gn/T/flo-derived.tr2gd7/ModuleCache.noindex -sdk-module-cache-path /var/folders/g2/4t2t7ssj3n3_v2xrl935g8sh0000gn/T/flo-derived.tr2gd7/ModuleCache.noindex -serialize-diagnostics -emit-dependencies -emit-module -emit-module-path /var/folders/g2/4t2t7ssj3n3_v2xrl935g8sh0000gn/T/flo-derived.tr2gd7/Build/Intermediates.noindex/flo.build/Debug-iphonesimulator/flo.build/Objects-normal/x86_64/flo.swiftmodule -validate-clang-modules-once -clang-build-session-file /var/folders/g2/4t2t7ssj3n3_v2xrl935g8sh0000gn/T/flo-derived.tr2gd7/ModuleCache.noindex/Session.modulevalidation -Xcc -I/var/folders/g2/4t2t7ssj3n3_v2xrl935g8sh0000gn/T/flo-derived.tr2gd7/Build/Intermediates.noindex/flo.build/Debug-iphonesimulator/flo.build/swift-overrides.hmap -emit-const-values -Xfrontend -const-gather-protocols-file -Xfrontend /var/folders/g2/4t2t7ssj3n3_v2xrl935g8sh0000gn/T/flo-derived.tr2gd7/Build/Intermediates.noindex/flo.build/Debug-iphonesimulator/flo.build/Objects-normal/x86_64/flo_const_extract_protocols.json -Xcc -iquote -Xcc /var/folders/g2/4t2t7ssj3n3_v2xrl935g8sh0000gn/T/flo-derived.tr2gd7/Build/Intermediates.noindex/flo.build/Debug-iphonesimulator/flo.build/flo-generated-files.hmap -Xcc -I/var/folders/g2/4t2t7ssj3n3_v2xrl935g8sh0000gn/T/flo-derived.tr2gd7/Build/Intermediates.noindex/flo.build/Debug-iphonesimulator/flo.build/flo-own-target-headers.hmap -Xcc -I/var/folders/g2/4t2t7ssj3n3_v2xrl935g8sh0000gn/T/flo-derived.tr2gd7/Build/Intermediates.noindex/flo.build/Debug-iphonesimulator/flo.build/flo-all-non-framework-target-headers.hmap -Xcc -ivfsoverlay -Xcc /var/folders/g2/4t2t7ssj3n3_v2xrl935g8sh0000gn/T/flo-derived.tr2gd7/Build/Intermediates.noindex/flo.build/Debug-iphonesimulator/flo-e42aa0d01e01bbf82526ab4968c4bed2-VFS-iphonesimulator/all-product-headers.yaml -Xcc -iquote -Xcc /var/folders/g2/4t2t7ssj3n3_v2xrl935g8sh0000gn/T/flo-derived.tr2gd7/Build/Intermediates.noindex/flo.build/Debug-iphonesimulator/flo.build/flo-project-headers.hmap -Xcc -I/var/folders/g2/4t2t7ssj3n3_v2xrl935g8sh0000gn/T/flo-derived.tr2gd7/Build/Products/Debug-iphonesimulator/include -Xcc -I/var/folders/g2/4t2t7ssj3n3_v2xrl935g8sh0000gn/T/flo-derived.tr2gd7/Build/Intermediates.noindex/flo.build/Debug-iphonesimulator/flo.build/DerivedSources-normal/x86_64 -Xcc -I/var/folders/g2/4t2t7ssj3n3_v2xrl935g8sh0000gn/T/flo-derived.tr2gd7/Build/Intermediates.noindex/flo.build/Debug-iphonesimulator/flo.build/DerivedSources/x86_64 -Xcc -I/var/folders/g2/4t2t7ssj3n3_v2xrl935g8sh0000gn/T/flo-derived.tr2gd7/Build/Intermediates.noindex/flo.build/Debug-iphonesimulator/flo.build/DerivedSources -Xcc -DDEBUG\=1 -emit-objc-header -emit-objc-header-path /var/folders/g2/4t2t7ssj3n3_v2xrl935g8sh0000gn/T/flo-derived.tr2gd7/Build/Intermediates.noindex/flo.build/Debug-iphonesimulator/flo.build/Objects-normal/x86_64/flo-Swift.h -working-directory /tmp/flo-empty -experimental-emit-module-separately -disable-cmo

SwiftMergeGeneratedHeaders /var/folders/g2/4t2t7ssj3n3_v2xrl935g8sh0000gn/T/flo-derived.tr2gd7/Build/Intermediates.noindex/flo.build/Debug-iphonesimulator/flo.build/DerivedSources/flo-Swift.h /var/folders/g2/4t2t7ssj3n3_v2xrl935g8sh0000gn/T/flo-derived.tr2gd7/Build/Intermediates.noindex/flo.build/Debug-iphonesimulator/flo.build/Objects-normal/x86_64/flo-Swift.h (in target 'flo' from project 'flo')
    cd /tmp/flo-empty
    builtin-swiftHeaderTool -arch x86_64 /var/folders/g2/4t2t7ssj3n3_v2xrl935g8sh0000gn/T/flo-derived.tr2gd7/Build/Intermediates.noindex/flo.build/Debug-iphonesimulator/flo.build/Objects-normal/x86_64/flo-Swift.h -o /var/folders/g2/4t2t7ssj3n3_v2xrl935g8sh0000gn/T/flo-derived.tr2gd7/Build/Intermediates.noindex/flo.build/Debug-iphonesimulator/flo.build/DerivedSources/flo-Swift.h

Copy /var/folders/g2/4t2t7ssj3n3_v2xrl935g8sh0000gn/T/flo-derived.tr2gd7/Build/Products/Debug-iphonesimulator/flo.swiftmodule/x86_64-apple-ios-simulator.swiftmodule /var/folders/g2/4t2t7ssj3n3_v2xrl935g8sh0000gn/T/flo-derived.tr2gd7/Build/Intermediates.noindex/flo.build/Debug-iphonesimulator/flo.build/Objects-normal/x86_64/flo.swiftmodule (in target 'flo' from project 'flo')
    cd /tmp/flo-empty
    builtin-copy -exclude .DS_Store -exclude CVS -exclude .svn -exclude .git -exclude .hg -resolve-src-symlinks -rename /var/folders/g2/4t2t7ssj3n3_v2xrl935g8sh0000gn/T/flo-derived.tr2gd7/Build/Intermediates.noindex/flo.build/Debug-iphonesimulator/flo.build/Objects-normal/x86_64/flo.swiftmodule /var/folders/g2/4t2t7ssj3n3_v2xrl935g8sh0000gn/T/flo-derived.tr2gd7/Build/Products/Debug-iphonesimulator/flo.swiftmodule/x86_64-apple-ios-simulator.swiftmodule

Copy /var/folders/g2/4t2t7ssj3n3_v2xrl935g8sh0000gn/T/flo-derived.tr2gd7/Build/Products/Debug-iphonesimulator/flo.swiftmodule/x86_64-apple-ios-simulator.swiftdoc /var/folders/g2/4t2t7ssj3n3_v2xrl935g8sh0000gn/T/flo-derived.tr2gd7/Build/Intermediates.noindex/flo.build/Debug-iphonesimulator/flo.build/Objects-normal/x86_64/flo.swiftdoc (in target 'flo' from project 'flo')
    cd /tmp/flo-empty
    builtin-copy -exclude .DS_Store -exclude CVS -exclude .svn -exclude .git -exclude .hg -resolve-src-symlinks -rename /var/folders/g2/4t2t7ssj3n3_v2xrl935g8sh0000gn/T/flo-derived.tr2gd7/Build/Intermediates.noindex/flo.build/Debug-iphonesimulator/flo.build/Objects-normal/x86_64/flo.swiftdoc /var/folders/g2/4t2t7ssj3n3_v2xrl935g8sh0000gn/T/flo-derived.tr2gd7/Build/Products/Debug-iphonesimulator/flo.swiftmodule/x86_64-apple-ios-simulator.swiftdoc

Copy /var/folders/g2/4t2t7ssj3n3_v2xrl935g8sh0000gn/T/flo-derived.tr2gd7/Build/Products/Debug-iphonesimulator/flo.swiftmodule/x86_64-apple-ios-simulator.abi.json /var/folders/g2/4t2t7ssj3n3_v2xrl935g8sh0000gn/T/flo-derived.tr2gd7/Build/Intermediates.noindex/flo.build/Debug-iphonesimulator/flo.build/Objects-normal/x86_64/flo.abi.json (in target 'flo' from project 'flo')
    cd /tmp/flo-empty
    builtin-copy -exclude .DS_Store -exclude CVS -exclude .svn -exclude .git -exclude .hg -resolve-src-symlinks -rename /var/folders/g2/4t2t7ssj3n3_v2xrl935g8sh0000gn/T/flo-derived.tr2gd7/Build/Intermediates.noindex/flo.build/Debug-iphonesimulator/flo.build/Objects-normal/x86_64/flo.abi.json /var/folders/g2/4t2t7ssj3n3_v2xrl935g8sh0000gn/T/flo-derived.tr2gd7/Build/Products/Debug-iphonesimulator/flo.swiftmodule/x86_64-apple-ios-simulator.abi.json

Copy /var/folders/g2/4t2t7ssj3n3_v2xrl935g8sh0000gn/T/flo-derived.tr2gd7/Build/Products/Debug-iphonesimulator/flo.swiftmodule/Project/x86_64-apple-ios-simulator.swiftsourceinfo /var/folders/g2/4t2t7ssj3n3_v2xrl935g8sh0000gn/T/flo-derived.tr2gd7/Build/Intermediates.noindex/flo.build/Debug-iphonesimulator/flo.build/Objects-normal/x86_64/flo.swiftsourceinfo (in target 'flo' from project 'flo')
    cd /tmp/flo-empty
    builtin-copy -exclude .DS_Store -exclude CVS -exclude .svn -exclude .git -exclude .hg -resolve-src-symlinks -rename /var/folders/g2/4t2t7ssj3n3_v2xrl935g8sh0000gn/T/flo-derived.tr2gd7/Build/Intermediates.noindex/flo.build/Debug-iphonesimulator/flo.build/Objects-normal/x86_64/flo.swiftsourceinfo /var/folders/g2/4t2t7ssj3n3_v2xrl935g8sh0000gn/T/flo-derived.tr2gd7/Build/Products/Debug-iphonesimulator/flo.swiftmodule/Project/x86_64-apple-ios-simulator.swiftsourceinfo

SwiftDriverJobDiscovery normal x86_64 Compiling ExplicitBadge.swift, Subsonic.swift, AlbumsView.swift, PlaylistsView.swift, IAPWebAuthView.swift, SongsView.swift, LikedSongsView.swift, LRCParser.swift, AuthMode.swift (in target 'flo' from project 'flo')

SwiftDriverJobDiscovery normal x86_64 Compiling ArtistRadio.swift, ArtistDetailViewModel.swift, ScanStatus.swift, AlbumViewModel.swift, WatchLibraryResponder.swift, IAPWebView.swift, ScanStatusService.swift, SongView.swift, UserAuth.swift, Album.swift (in target 'flo' from project 'flo')

SwiftDriverJobDiscovery normal x86_64 Compiling AirPlayRoutePicker.swift, Fonts.swift, LyricsView.swift, PlayerCustomSlider.swift, FloooViewModel.swift, UserDefaultsManager.swift, PlaylistDetailView.swift, DownloadQueueView.swift, App.swift (in target 'flo' from project 'flo')

SwiftDriverJobDiscovery normal x86_64 Compiling FloooService.swift, NetworkMonitor.swift, ScrobbleQueueManager.swift, ScrobbleQueueView.swift, DownloadViewModel.swift, InAppPurchaseManager.swift, ConfettiView.swift, GenreAlbumsView.swift, Errors.swift (in target 'flo' from project 'flo')

SwiftDriverJobDiscovery normal x86_64 Compiling AlbumService.swift, StreamCacheManager.swift, LibraryCacheManager.swift, CoverArtCacheManager.swift, LyricsLine.swift, DownloadButtonView.swift, Playable.swift, PlayerViewModel.swift, RadiosViewModel.swift (in target 'flo' from project 'flo')

SwiftDriverJobDiscovery normal x86_64 Compiling DownloadsView.swift, PlaylistView.swift, PlayerView.swift, WatchConnectivityManager.swift, CoreDataManager.swift, LoginView.swift, Artist.swift, PlaybackService.swift, Strings.swift (in target 'flo' from project 'flo')

SwiftDriverJobDiscovery normal x86_64 Compiling APIManager.swift, HomeView.swift, PreferencesView.swift, ArtistDetailView.swift, ArtistImageView.swift, ArtistsView.swift, CarPlaySceneDelegate.swift, CarPlayCoordinator.swift, CarPlayNowPlayingManager.swift (in target 'flo' from project 'flo')

SwiftDriverJobDiscovery normal x86_64 Compiling LRCLIB.swift, LRCLIBService.swift, AlbumView.swift, FloatingPlayerView.swift, PlayerSidePanelView.swift, AuthViewModel.swift, PlaybackCoordinator.swift, IAPLoginView.swift, CachedSongsView.swift (in target 'flo' from project 'flo')

LinkAssetCatalog /tmp/flo-empty/flo/Resources/Preview\ Content/Preview\ Assets.xcassets /tmp/flo-empty/flo/Resources/Assets.xcassets /tmp/flo-empty/flo/Resources/floIcon.icon (in target 'flo' from project 'flo')
    cd /tmp/flo-empty
    builtin-linkAssetCatalog --thinned /var/folders/g2/4t2t7ssj3n3_v2xrl935g8sh0000gn/T/flo-derived.tr2gd7/Build/Intermediates.noindex/flo.build/Debug-iphonesimulator/flo.build/assetcatalog_output/thinned --thinned-dependencies /var/folders/g2/4t2t7ssj3n3_v2xrl935g8sh0000gn/T/flo-derived.tr2gd7/Build/Intermediates.noindex/flo.build/Debug-iphonesimulator/flo.build/assetcatalog_dependencies_thinned --thinned-info-plist-content /var/folders/g2/4t2t7ssj3n3_v2xrl935g8sh0000gn/T/flo-derived.tr2gd7/Build/Intermediates.noindex/flo.build/Debug-iphonesimulator/flo.build/assetcatalog_generated_info.plist_thinned --unthinned /var/folders/g2/4t2t7ssj3n3_v2xrl935g8sh0000gn/T/flo-derived.tr2gd7/Build/Intermediates.noindex/flo.build/Debug-iphonesimulator/flo.build/assetcatalog_output/unthinned --unthinned-dependencies /var/folders/g2/4t2t7ssj3n3_v2xrl935g8sh0000gn/T/flo-derived.tr2gd7/Build/Intermediates.noindex/flo.build/Debug-iphonesimulator/flo.build/assetcatalog_dependencies_unthinned --unthinned-info-plist-content /var/folders/g2/4t2t7ssj3n3_v2xrl935g8sh0000gn/T/flo-derived.tr2gd7/Build/Intermediates.noindex/flo.build/Debug-iphonesimulator/flo.build/assetcatalog_generated_info.plist_unthinned --output /var/folders/g2/4t2t7ssj3n3_v2xrl935g8sh0000gn/T/flo-derived.tr2gd7/Build/Products/Debug-iphonesimulator/flo.app --plist-output /var/folders/g2/4t2t7ssj3n3_v2xrl935g8sh0000gn/T/flo-derived.tr2gd7/Build/Intermediates.noindex/flo.build/Debug-iphonesimulator/flo.build/assetcatalog_generated_info.plist
note: Emplaced /var/folders/g2/4t2t7ssj3n3_v2xrl935g8sh0000gn/T/flo-derived.tr2gd7/Build/Products/Debug-iphonesimulator/flo.app/floIcon60x60@2x.png (in target 'flo' from project 'flo')
note: Emplaced /var/folders/g2/4t2t7ssj3n3_v2xrl935g8sh0000gn/T/flo-derived.tr2gd7/Build/Products/Debug-iphonesimulator/flo.app/floIcon76x76@2x~ipad.png (in target 'flo' from project 'flo')
note: Emplaced /var/folders/g2/4t2t7ssj3n3_v2xrl935g8sh0000gn/T/flo-derived.tr2gd7/Build/Products/Debug-iphonesimulator/flo.app/Assets.car (in target 'flo' from project 'flo')

SwiftDriverJobDiscovery normal x86_64 Compiling ContentView.swift, RadioService.swift, KeychainManager.swift, RadiosView.swift, AuthService.swift, NowPlaying.swift, Radio.swift, AccountLinkStatus.swift, Song.swift, ExplicitStatus.swift (in target 'flo' from project 'flo')

SwiftDriverJobDiscovery normal x86_64 Compiling Constants.swift, LibraryNavigation.swift, LocalFileManager.swift, StatCardView.swift, Playlist.swift, LibraryView.swift, Stats.swift, LibraryDestination.swift, UIScreen+.swift (in target 'flo' from project 'flo')

SwiftDriver\ Compilation flo normal x86_64 com.apple.xcode.tools.swift.compiler (in target 'flo' from project 'flo')
    cd /tmp/flo-empty
    builtin-Swift-Compilation -- /Applications/Xcode.app/Contents/Developer/Toolchains/XcodeDefault.xctoolchain/usr/bin/swiftc -module-name flo -Onone @/var/folders/g2/4t2t7ssj3n3_v2xrl935g8sh0000gn/T/flo-derived.tr2gd7/Build/Intermediates.noindex/flo.build/Debug-iphonesimulator/flo.build/Objects-normal/x86_64/flo.SwiftFileList -DDEBUG -enable-bare-slash-regex -enable-experimental-feature DebugDescriptionMacro -sdk /Applications/Xcode.app/Contents/Developer/Platforms/iPhoneSimulator.platform/Developer/SDKs/iPhoneSimulator26.4.sdk -target x86_64-apple-ios16.0-simulator -g -module-cache-path /var/folders/g2/4t2t7ssj3n3_v2xrl935g8sh0000gn/T/flo-derived.tr2gd7/ModuleCache.noindex -Xfrontend -serialize-debugging-options -enable-testing -index-store-path /var/folders/g2/4t2t7ssj3n3_v2xrl935g8sh0000gn/T/flo-derived.tr2gd7/Index.noindex/DataStore -Xcc -D_LIBCPP_HARDENING_MODE\=_LIBCPP_HARDENING_MODE_DEBUG -swift-version 5 -I /var/folders/g2/4t2t7ssj3n3_v2xrl935g8sh0000gn/T/flo-derived.tr2gd7/Build/Products/Debug-iphonesimulator -F /var/folders/g2/4t2t7ssj3n3_v2xrl935g8sh0000gn/T/flo-derived.tr2gd7/Build/Products/Debug-iphonesimulator/PackageFrameworks -F /var/folders/g2/4t2t7ssj3n3_v2xrl935g8sh0000gn/T/flo-derived.tr2gd7/Build/Products/Debug-iphonesimulator/PackageFrameworks -F /var/folders/g2/4t2t7ssj3n3_v2xrl935g8sh0000gn/T/flo-derived.tr2gd7/Build/Products/Debug-iphonesimulator/PackageFrameworks -F /var/folders/g2/4t2t7ssj3n3_v2xrl935g8sh0000gn/T/flo-derived.tr2gd7/Build/Products/Debug-iphonesimulator/PackageFrameworks -F /var/folders/g2/4t2t7ssj3n3_v2xrl935g8sh0000gn/T/flo-derived.tr2gd7/Build/Products/Debug-iphonesimulator/PackageFrameworks -F /var/folders/g2/4t2t7ssj3n3_v2xrl935g8sh0000gn/T/flo-derived.tr2gd7/Build/Products/Debug-iphonesimulator/PackageFrameworks -F /var/folders/g2/4t2t7ssj3n3_v2xrl935g8sh0000gn/T/flo-derived.tr2gd7/Build/Products/Debug-iphonesimulator -emit-localized-strings -emit-localized-strings-path /var/folders/g2/4t2t7ssj3n3_v2xrl935g8sh0000gn/T/flo-derived.tr2gd7/Build/Intermediates.noindex/flo.build/Debug-iphonesimulator/flo.build/Objects-normal/x86_64 -c -j12 -enable-batch-mode -incremental -Xcc -ivfsstatcache -Xcc /var/folders/g2/4t2t7ssj3n3_v2xrl935g8sh0000gn/T/flo-derived.tr2gd7/SDKStatCaches.noindex/iphonesimulator26.4-23E237-686eebb5dc1d8ecb277353a59184f4aa.sdkstatcache -output-file-map /var/folders/g2/4t2t7ssj3n3_v2xrl935g8sh0000gn/T/flo-derived.tr2gd7/Build/Intermediates.noindex/flo.build/Debug-iphonesimulator/flo.build/Objects-normal/x86_64/flo-OutputFileMap.json -use-frontend-parseable-output -save-temps -no-color-diagnostics -explicit-module-build -module-cache-path /var/folders/g2/4t2t7ssj3n3_v2xrl935g8sh0000gn/T/flo-derived.tr2gd7/Build/Intermediates.noindex/SwiftExplicitPrecompiledModules -clang-scanner-module-cache-path /var/folders/g2/4t2t7ssj3n3_v2xrl935g8sh0000gn/T/flo-derived.tr2gd7/ModuleCache.noindex -sdk-module-cache-path /var/folders/g2/4t2t7ssj3n3_v2xrl935g8sh0000gn/T/flo-derived.tr2gd7/ModuleCache.noindex -serialize-diagnostics -emit-dependencies -emit-module -emit-module-path /var/folders/g2/4t2t7ssj3n3_v2xrl935g8sh0000gn/T/flo-derived.tr2gd7/Build/Intermediates.noindex/flo.build/Debug-iphonesimulator/flo.build/Objects-normal/x86_64/flo.swiftmodule -validate-clang-modules-once -clang-build-session-file /var/folders/g2/4t2t7ssj3n3_v2xrl935g8sh0000gn/T/flo-derived.tr2gd7/ModuleCache.noindex/Session.modulevalidation -Xcc -I/var/folders/g2/4t2t7ssj3n3_v2xrl935g8sh0000gn/T/flo-derived.tr2gd7/Build/Intermediates.noindex/flo.build/Debug-iphonesimulator/flo.build/swift-overrides.hmap -emit-const-values -Xfrontend -const-gather-protocols-file -Xfrontend /var/folders/g2/4t2t7ssj3n3_v2xrl935g8sh0000gn/T/flo-derived.tr2gd7/Build/Intermediates.noindex/flo.build/Debug-iphonesimulator/flo.build/Objects-normal/x86_64/flo_const_extract_protocols.json -Xcc -iquote -Xcc /var/folders/g2/4t2t7ssj3n3_v2xrl935g8sh0000gn/T/flo-derived.tr2gd7/Build/Intermediates.noindex/flo.build/Debug-iphonesimulator/flo.build/flo-generated-files.hmap -Xcc -I/var/folders/g2/4t2t7ssj3n3_v2xrl935g8sh0000gn/T/flo-derived.tr2gd7/Build/Intermediates.noindex/flo.build/Debug-iphonesimulator/flo.build/flo-own-target-headers.hmap -Xcc -I/var/folders/g2/4t2t7ssj3n3_v2xrl935g8sh0000gn/T/flo-derived.tr2gd7/Build/Intermediates.noindex/flo.build/Debug-iphonesimulator/flo.build/flo-all-non-framework-target-headers.hmap -Xcc -ivfsoverlay -Xcc /var/folders/g2/4t2t7ssj3n3_v2xrl935g8sh0000gn/T/flo-derived.tr2gd7/Build/Intermediates.noindex/flo.build/Debug-iphonesimulator/flo-e42aa0d01e01bbf82526ab4968c4bed2-VFS-iphonesimulator/all-product-headers.yaml -Xcc -iquote -Xcc /var/folders/g2/4t2t7ssj3n3_v2xrl935g8sh0000gn/T/flo-derived.tr2gd7/Build/Intermediates.noindex/flo.build/Debug-iphonesimulator/flo.build/flo-project-headers.hmap -Xcc -I/var/folders/g2/4t2t7ssj3n3_v2xrl935g8sh0000gn/T/flo-derived.tr2gd7/Build/Products/Debug-iphonesimulator/include -Xcc -I/var/folders/g2/4t2t7ssj3n3_v2xrl935g8sh0000gn/T/flo-derived.tr2gd7/Build/Intermediates.noindex/flo.build/Debug-iphonesimulator/flo.build/DerivedSources-normal/x86_64 -Xcc -I/var/folders/g2/4t2t7ssj3n3_v2xrl935g8sh0000gn/T/flo-derived.tr2gd7/Build/Intermediates.noindex/flo.build/Debug-iphonesimulator/flo.build/DerivedSources/x86_64 -Xcc -I/var/folders/g2/4t2t7ssj3n3_v2xrl935g8sh0000gn/T/flo-derived.tr2gd7/Build/Intermediates.noindex/flo.build/Debug-iphonesimulator/flo.build/DerivedSources -Xcc -DDEBUG\=1 -emit-objc-header -emit-objc-header-path /var/folders/g2/4t2t7ssj3n3_v2xrl935g8sh0000gn/T/flo-derived.tr2gd7/Build/Intermediates.noindex/flo.build/Debug-iphonesimulator/flo.build/Objects-normal/x86_64/flo-Swift.h -working-directory /tmp/flo-empty -experimental-emit-module-separately -disable-cmo

Ld /var/folders/g2/4t2t7ssj3n3_v2xrl935g8sh0000gn/T/flo-derived.tr2gd7/Build/Products/Debug-iphonesimulator/flo.app/flo.debug.dylib normal (in target 'flo' from project 'flo')
    cd /tmp/flo-empty
    /Applications/Xcode.app/Contents/Developer/Toolchains/XcodeDefault.xctoolchain/usr/bin/clang -Xlinker -reproducible -target x86_64-apple-ios16.0-simulator -dynamiclib -isysroot /Applications/Xcode.app/Contents/Developer/Platforms/iPhoneSimulator.platform/Developer/SDKs/iPhoneSimulator26.4.sdk -O0 -L/var/folders/g2/4t2t7ssj3n3_v2xrl935g8sh0000gn/T/flo-derived.tr2gd7/Build/Intermediates.noindex/EagerLinkingTBDs/Debug-iphonesimulator -L/var/folders/g2/4t2t7ssj3n3_v2xrl935g8sh0000gn/T/flo-derived.tr2gd7/Build/Products/Debug-iphonesimulator -F/var/folders/g2/4t2t7ssj3n3_v2xrl935g8sh0000gn/T/flo-derived.tr2gd7/Build/Intermediates.noindex/EagerLinkingTBDs/Debug-iphonesimulator -F/var/folders/g2/4t2t7ssj3n3_v2xrl935g8sh0000gn/T/flo-derived.tr2gd7/Build/Products/Debug-iphonesimulator/PackageFrameworks -F/var/folders/g2/4t2t7ssj3n3_v2xrl935g8sh0000gn/T/flo-derived.tr2gd7/Build/Products/Debug-iphonesimulator/PackageFrameworks -F/var/folders/g2/4t2t7ssj3n3_v2xrl935g8sh0000gn/T/flo-derived.tr2gd7/Build/Products/Debug-iphonesimulator/PackageFrameworks -F/var/folders/g2/4t2t7ssj3n3_v2xrl935g8sh0000gn/T/flo-derived.tr2gd7/Build/Products/Debug-iphonesimulator/PackageFrameworks -F/var/folders/g2/4t2t7ssj3n3_v2xrl935g8sh0000gn/T/flo-derived.tr2gd7/Build/Products/Debug-iphonesimulator/PackageFrameworks -F/var/folders/g2/4t2t7ssj3n3_v2xrl935g8sh0000gn/T/flo-derived.tr2gd7/Build/Products/Debug-iphonesimulator/PackageFrameworks -F/var/folders/g2/4t2t7ssj3n3_v2xrl935g8sh0000gn/T/flo-derived.tr2gd7/Build/Products/Debug-iphonesimulator -filelist /var/folders/g2/4t2t7ssj3n3_v2xrl935g8sh0000gn/T/flo-derived.tr2gd7/Build/Intermediates.noindex/flo.build/Debug-iphonesimulator/flo.build/Objects-normal/x86_64/flo.LinkFileList -install_name @rpath/flo.debug.dylib -Xlinker -rpath -Xlinker /usr/lib/swift -Xlinker -rpath -Xlinker /var/folders/g2/4t2t7ssj3n3_v2xrl935g8sh0000gn/T/flo-derived.tr2gd7/Build/Products/Debug-iphonesimulator/PackageFrameworks -Xlinker -rpath -Xlinker @executable_path/Frameworks -Xlinker -dead_strip -Xlinker -object_path_lto -Xlinker /var/folders/g2/4t2t7ssj3n3_v2xrl935g8sh0000gn/T/flo-derived.tr2gd7/Build/Intermediates.noindex/flo.build/Debug-iphonesimulator/flo.build/Objects-normal/x86_64/flo_lto.o -rdynamic -Xlinker -no_deduplicate -Xlinker -objc_abi_version -Xlinker 2 -Xlinker -dependency_info -Xlinker /var/folders/g2/4t2t7ssj3n3_v2xrl935g8sh0000gn/T/flo-derived.tr2gd7/Build/Intermediates.noindex/flo.build/Debug-iphonesimulator/flo.build/Objects-normal/x86_64/flo_dependency_info.dat -fobjc-link-runtime -L/Applications/Xcode.app/Contents/Developer/Toolchains/XcodeDefault.xctoolchain/usr/lib/swift/iphonesimulator -L/usr/lib/swift -Xlinker -add_ast_path -Xlinker /var/folders/g2/4t2t7ssj3n3_v2xrl935g8sh0000gn/T/flo-derived.tr2gd7/Build/Intermediates.noindex/flo.build/Debug-iphonesimulator/flo.build/Objects-normal/x86_64/flo.swiftmodule @/var/folders/g2/4t2t7ssj3n3_v2xrl935g8sh0000gn/T/flo-derived.tr2gd7/Build/Intermediates.noindex/flo.build/Debug-iphonesimulator/flo.build/Objects-normal/x86_64/flo-linker-args.resp -Wl,-no_warn_duplicate_libraries -Wl,-no_warn_duplicate_libraries -Wl,-no_warn_duplicate_libraries -Wl,-no_warn_duplicate_libraries -Wl,-no_warn_duplicate_libraries -Wl,-no_warn_duplicate_libraries -Xlinker -no_application_extension -framework CFNetwork -Xlinker -alias -Xlinker _main -Xlinker ___debug_main_executable_dylib_entry_point -framework CarPlay -o /var/folders/g2/4t2t7ssj3n3_v2xrl935g8sh0000gn/T/flo-derived.tr2gd7/Build/Products/Debug-iphonesimulator/flo.app/flo.debug.dylib -Xlinker -add_ast_path -Xlinker /var/folders/g2/4t2t7ssj3n3_v2xrl935g8sh0000gn/T/flo-derived.tr2gd7/Build/Intermediates.noindex/Nuke.build/Debug-iphonesimulator/NukeUI.build/Objects-normal/x86_64/NukeUI.swiftmodule @/var/folders/g2/4t2t7ssj3n3_v2xrl935g8sh0000gn/T/flo-derived.tr2gd7/Build/Intermediates.noindex/Nuke.build/Debug-iphonesimulator/NukeUI.build/Objects-normal/x86_64/NukeUI-linker-args.resp -Xlinker -add_ast_path -Xlinker /var/folders/g2/4t2t7ssj3n3_v2xrl935g8sh0000gn/T/flo-derived.tr2gd7/Build/Intermediates.noindex/Nuke.build/Debug-iphonesimulator/Nuke.build/Objects-normal/x86_64/Nuke.swiftmodule @/var/folders/g2/4t2t7ssj3n3_v2xrl935g8sh0000gn/T/flo-derived.tr2gd7/Build/Intermediates.noindex/Nuke.build/Debug-iphonesimulator/Nuke.build/Objects-normal/x86_64/Nuke-linker-args.resp -Xlinker -add_ast_path -Xlinker /var/folders/g2/4t2t7ssj3n3_v2xrl935g8sh0000gn/T/flo-derived.tr2gd7/Build/Intermediates.noindex/Pulse.build/Debug-iphonesimulator/PulseUI.build/Objects-normal/x86_64/PulseUI.swiftmodule @/var/folders/g2/4t2t7ssj3n3_v2xrl935g8sh0000gn/T/flo-derived.tr2gd7/Build/Intermediates.noindex/Pulse.build/Debug-iphonesimulator/PulseUI.build/Objects-normal/x86_64/PulseUI-linker-args.resp -Xlinker -add_ast_path -Xlinker /var/folders/g2/4t2t7ssj3n3_v2xrl935g8sh0000gn/T/flo-derived.tr2gd7/Build/Intermediates.noindex/Pulse.build/Debug-iphonesimulator/Pulse.build/Objects-normal/x86_64/Pulse.swiftmodule @/var/folders/g2/4t2t7ssj3n3_v2xrl935g8sh0000gn/T/flo-derived.tr2gd7/Build/Intermediates.noindex/Pulse.build/Debug-iphonesimulator/Pulse.build/Objects-normal/x86_64/Pulse-linker-args.resp -Xlinker -add_ast_path -Xlinker /var/folders/g2/4t2t7ssj3n3_v2xrl935g8sh0000gn/T/flo-derived.tr2gd7/Build/Intermediates.noindex/Alamofire.build/Debug-iphonesimulator/Alamofire.build/Objects-normal/x86_64/Alamofire.swiftmodule @/var/folders/g2/4t2t7ssj3n3_v2xrl935g8sh0000gn/T/flo-derived.tr2gd7/Build/Intermediates.noindex/Alamofire.build/Debug-iphonesimulator/Alamofire.build/Objects-normal/x86_64/Alamofire-linker-args.resp -Xlinker -add_ast_path -Xlinker /var/folders/g2/4t2t7ssj3n3_v2xrl935g8sh0000gn/T/flo-derived.tr2gd7/Build/Intermediates.noindex/KeychainAccess.build/Debug-iphonesimulator/KeychainAccess.build/Objects-normal/x86_64/KeychainAccess.swiftmodule @/var/folders/g2/4t2t7ssj3n3_v2xrl935g8sh0000gn/T/flo-derived.tr2gd7/Build/Intermediates.noindex/KeychainAccess.build/Debug-iphonesimulator/KeychainAccess.build/Objects-normal/x86_64/KeychainAccess-linker-args.resp

ConstructStubExecutorLinkFileList /var/folders/g2/4t2t7ssj3n3_v2xrl935g8sh0000gn/T/flo-derived.tr2gd7/Build/Intermediates.noindex/flo.build/Debug-iphonesimulator/flo.build/flo-ExecutorLinkFileList-normal-x86_64.txt (in target 'flo' from project 'flo')
    cd /tmp/flo-empty
    construct-stub-executor-link-file-list /var/folders/g2/4t2t7ssj3n3_v2xrl935g8sh0000gn/T/flo-derived.tr2gd7/Build/Products/Debug-iphonesimulator/flo.app/flo.debug.dylib /Applications/Xcode.app/Contents/Developer/Platforms/iPhoneSimulator.platform/Developer/usr/lib/libPreviewsJITStubExecutor_no_swift_entry_point.a /Applications/Xcode.app/Contents/Developer/Platforms/iPhoneSimulator.platform/Developer/usr/lib/libPreviewsJITStubExecutor.a --output /var/folders/g2/4t2t7ssj3n3_v2xrl935g8sh0000gn/T/flo-derived.tr2gd7/Build/Intermediates.noindex/flo.build/Debug-iphonesimulator/flo.build/flo-ExecutorLinkFileList-normal-x86_64.txt
note: Using stub executor library with Swift entry point. (in target 'flo' from project 'flo')

Ld /var/folders/g2/4t2t7ssj3n3_v2xrl935g8sh0000gn/T/flo-derived.tr2gd7/Build/Products/Debug-iphonesimulator/flo.app/flo normal (in target 'flo' from project 'flo')
    cd /tmp/flo-empty
    /Applications/Xcode.app/Contents/Developer/Toolchains/XcodeDefault.xctoolchain/usr/bin/clang -Xlinker -reproducible -target x86_64-apple-ios16.0-simulator -isysroot /Applications/Xcode.app/Contents/Developer/Platforms/iPhoneSimulator.platform/Developer/SDKs/iPhoneSimulator26.4.sdk -O0 -L/var/folders/g2/4t2t7ssj3n3_v2xrl935g8sh0000gn/T/flo-derived.tr2gd7/Build/Products/Debug-iphonesimulator -F/var/folders/g2/4t2t7ssj3n3_v2xrl935g8sh0000gn/T/flo-derived.tr2gd7/Build/Products/Debug-iphonesimulator/PackageFrameworks -F/var/folders/g2/4t2t7ssj3n3_v2xrl935g8sh0000gn/T/flo-derived.tr2gd7/Build/Products/Debug-iphonesimulator/PackageFrameworks -F/var/folders/g2/4t2t7ssj3n3_v2xrl935g8sh0000gn/T/flo-derived.tr2gd7/Build/Products/Debug-iphonesimulator/PackageFrameworks -F/var/folders/g2/4t2t7ssj3n3_v2xrl935g8sh0000gn/T/flo-derived.tr2gd7/Build/Products/Debug-iphonesimulator/PackageFrameworks -F/var/folders/g2/4t2t7ssj3n3_v2xrl935g8sh0000gn/T/flo-derived.tr2gd7/Build/Products/Debug-iphonesimulator/PackageFrameworks -F/var/folders/g2/4t2t7ssj3n3_v2xrl935g8sh0000gn/T/flo-derived.tr2gd7/Build/Products/Debug-iphonesimulator/PackageFrameworks -F/var/folders/g2/4t2t7ssj3n3_v2xrl935g8sh0000gn/T/flo-derived.tr2gd7/Build/Products/Debug-iphonesimulator -Xlinker -rpath -Xlinker @executable_path -Xlinker -rpath -Xlinker /var/folders/g2/4t2t7ssj3n3_v2xrl935g8sh0000gn/T/flo-derived.tr2gd7/Build/Products/Debug-iphonesimulator/PackageFrameworks -Xlinker -rpath -Xlinker @executable_path/Frameworks -rdynamic -Xlinker -no_deduplicate -Xlinker -objc_abi_version -Xlinker 2 -e ___debug_blank_executor_main -Xlinker -sectcreate -Xlinker __TEXT -Xlinker __debug_dylib -Xlinker /var/folders/g2/4t2t7ssj3n3_v2xrl935g8sh0000gn/T/flo-derived.tr2gd7/Build/Intermediates.noindex/flo.build/Debug-iphonesimulator/flo.build/flo-DebugDylibPath-normal-x86_64.txt -Xlinker -sectcreate -Xlinker __TEXT -Xlinker __debug_instlnm -Xlinker /var/folders/g2/4t2t7ssj3n3_v2xrl935g8sh0000gn/T/flo-derived.tr2gd7/Build/Intermediates.noindex/flo.build/Debug-iphonesimulator/flo.build/flo-DebugDylibInstallName-normal-x86_64.txt -Xlinker -filelist -Xlinker /var/folders/g2/4t2t7ssj3n3_v2xrl935g8sh0000gn/T/flo-derived.tr2gd7/Build/Intermediates.noindex/flo.build/Debug-iphonesimulator/flo.build/flo-ExecutorLinkFileList-normal-x86_64.txt /var/folders/g2/4t2t7ssj3n3_v2xrl935g8sh0000gn/T/flo-derived.tr2gd7/Build/Products/Debug-iphonesimulator/flo.app/flo.debug.dylib -o /var/folders/g2/4t2t7ssj3n3_v2xrl935g8sh0000gn/T/flo-derived.tr2gd7/Build/Products/Debug-iphonesimulator/flo.app/flo

Copy /var/folders/g2/4t2t7ssj3n3_v2xrl935g8sh0000gn/T/flo-derived.tr2gd7/Build/Products/Debug-iphonesimulator/flo.app/Watch/flo\ Watch\ Watch\ App.app /var/folders/g2/4t2t7ssj3n3_v2xrl935g8sh0000gn/T/flo-derived.tr2gd7/Build/Products/Debug-watchsimulator/flo\ Watch\ Watch\ App.app (in target 'flo' from project 'flo')
    cd /tmp/flo-empty
    builtin-copy -exclude .DS_Store -exclude CVS -exclude .svn -exclude .git -exclude .hg -exclude Headers -exclude PrivateHeaders -exclude Modules -exclude \*.tbd -resolve-src-symlinks -remove-static-executable /var/folders/g2/4t2t7ssj3n3_v2xrl935g8sh0000gn/T/flo-derived.tr2gd7/Build/Products/Debug-watchsimulator/flo\ Watch\ Watch\ App.app /var/folders/g2/4t2t7ssj3n3_v2xrl935g8sh0000gn/T/flo-derived.tr2gd7/Build/Products/Debug-iphonesimulator/flo.app/Watch

ProcessInfoPlistFile /var/folders/g2/4t2t7ssj3n3_v2xrl935g8sh0000gn/T/flo-derived.tr2gd7/Build/Products/Debug-iphonesimulator/flo.app/Info.plist /tmp/flo-empty/flo/Info.plist (in target 'flo' from project 'flo')
    cd /tmp/flo-empty
    builtin-infoPlistUtility /tmp/flo-empty/flo/Info.plist -producttype com.apple.product-type.application -genpkginfo /var/folders/g2/4t2t7ssj3n3_v2xrl935g8sh0000gn/T/flo-derived.tr2gd7/Build/Products/Debug-iphonesimulator/flo.app/PkgInfo -expandbuildsettings -format binary -platform iphonesimulator -additionalcontentfile /var/folders/g2/4t2t7ssj3n3_v2xrl935g8sh0000gn/T/flo-derived.tr2gd7/Build/Intermediates.noindex/flo.build/Debug-iphonesimulator/flo.build/assetcatalog_generated_info.plist -scanforprivacyfile /var/folders/g2/4t2t7ssj3n3_v2xrl935g8sh0000gn/T/flo-derived.tr2gd7/Build/Products/Debug-iphonesimulator/flo.app/Alamofire_Alamofire.bundle -scanforprivacyfile /var/folders/g2/4t2t7ssj3n3_v2xrl935g8sh0000gn/T/flo-derived.tr2gd7/Build/Products/Debug-iphonesimulator/flo.app/Watch/flo\ Watch\ Watch\ App.app -o /var/folders/g2/4t2t7ssj3n3_v2xrl935g8sh0000gn/T/flo-derived.tr2gd7/Build/Products/Debug-iphonesimulator/flo.app/Info.plist

CopySwiftLibs /var/folders/g2/4t2t7ssj3n3_v2xrl935g8sh0000gn/T/flo-derived.tr2gd7/Build/Products/Debug-iphonesimulator/flo.app (in target 'flo' from project 'flo')
    cd /tmp/flo-empty
    builtin-swiftStdLibTool --copy --verbose --scan-executable /var/folders/g2/4t2t7ssj3n3_v2xrl935g8sh0000gn/T/flo-derived.tr2gd7/Build/Products/Debug-iphonesimulator/flo.app/flo.debug.dylib --scan-folder /var/folders/g2/4t2t7ssj3n3_v2xrl935g8sh0000gn/T/flo-derived.tr2gd7/Build/Products/Debug-iphonesimulator/flo.app/Frameworks --scan-folder /var/folders/g2/4t2t7ssj3n3_v2xrl935g8sh0000gn/T/flo-derived.tr2gd7/Build/Products/Debug-iphonesimulator/flo.app/PlugIns --scan-folder /var/folders/g2/4t2t7ssj3n3_v2xrl935g8sh0000gn/T/flo-derived.tr2gd7/Build/Products/Debug-iphonesimulator/flo.app/SystemExtensions --scan-folder /var/folders/g2/4t2t7ssj3n3_v2xrl935g8sh0000gn/T/flo-derived.tr2gd7/Build/Products/Debug-iphonesimulator/flo.app/Extensions --scan-folder /Applications/Xcode.app/Contents/Developer/Platforms/iPhoneSimulator.platform/Developer/SDKs/iPhoneSimulator26.4.sdk/CarPlay.framework --platform iphonesimulator --toolchain /Applications/Xcode.app/Contents/Developer/Toolchains/XcodeDefault.xctoolchain --destination /var/folders/g2/4t2t7ssj3n3_v2xrl935g8sh0000gn/T/flo-derived.tr2gd7/Build/Products/Debug-iphonesimulator/flo.app/Frameworks --strip-bitcode --strip-bitcode-tool /Applications/Xcode.app/Contents/Developer/Toolchains/XcodeDefault.xctoolchain/usr/bin/bitcode_strip --emit-dependency-info /var/folders/g2/4t2t7ssj3n3_v2xrl935g8sh0000gn/T/flo-derived.tr2gd7/Build/Intermediates.noindex/flo.build/Debug-iphonesimulator/flo.build/SwiftStdLibToolInputDependencies.dep --filter-for-swift-os
Ignoring --strip-bitcode because --sign was not passed

ExtractAppIntentsMetadata (in target 'flo' from project 'flo')
    cd /tmp/flo-empty
    /Applications/Xcode.app/Contents/Developer/Toolchains/XcodeDefault.xctoolchain/usr/bin/appintentsmetadataprocessor --toolchain-dir /Applications/Xcode.app/Contents/Developer/Toolchains/XcodeDefault.xctoolchain --module-name flo --sdk-root /Applications/Xcode.app/Contents/Developer/Platforms/iPhoneSimulator.platform/Developer/SDKs/iPhoneSimulator26.4.sdk --xcode-version 17E192 --platform-family iOS --deployment-target 16.0 --bundle-identifier com.penerbangwalet.flo --output /var/folders/g2/4t2t7ssj3n3_v2xrl935g8sh0000gn/T/flo-derived.tr2gd7/Build/Products/Debug-iphonesimulator/flo.app --target-triple x86_64-apple-ios16.0-simulator --binary-file /var/folders/g2/4t2t7ssj3n3_v2xrl935g8sh0000gn/T/flo-derived.tr2gd7/Build/Products/Debug-iphonesimulator/flo.app/flo --dependency-file /var/folders/g2/4t2t7ssj3n3_v2xrl935g8sh0000gn/T/flo-derived.tr2gd7/Build/Intermediates.noindex/flo.build/Debug-iphonesimulator/flo.build/Objects-normal/x86_64/flo_dependency_info.dat --stringsdata-file /var/folders/g2/4t2t7ssj3n3_v2xrl935g8sh0000gn/T/flo-derived.tr2gd7/Build/Intermediates.noindex/flo.build/Debug-iphonesimulator/flo.build/Objects-normal/x86_64/ExtractedAppShortcutsMetadata.stringsdata --source-file-list /var/folders/g2/4t2t7ssj3n3_v2xrl935g8sh0000gn/T/flo-derived.tr2gd7/Build/Intermediates.noindex/flo.build/Debug-iphonesimulator/flo.build/Objects-normal/x86_64/flo.SwiftFileList --metadata-file-list /var/folders/g2/4t2t7ssj3n3_v2xrl935g8sh0000gn/T/flo-derived.tr2gd7/Build/Intermediates.noindex/flo.build/Debug-iphonesimulator/flo.build/flo.DependencyMetadataFileList --static-metadata-file-list /var/folders/g2/4t2t7ssj3n3_v2xrl935g8sh0000gn/T/flo-derived.tr2gd7/Build/Intermediates.noindex/flo.build/Debug-iphonesimulator/flo.build/flo.DependencyStaticMetadataFileList --swift-const-vals-list /var/folders/g2/4t2t7ssj3n3_v2xrl935g8sh0000gn/T/flo-derived.tr2gd7/Build/Intermediates.noindex/flo.build/Debug-iphonesimulator/flo.build/Objects-normal/x86_64/flo.SwiftConstValuesFileList --compile-time-extraction --deployment-aware-processing --validate-assistant-intents --no-app-shortcuts-localization
2026-10-06 02:35:11.529 appintentsmetadataprocessor[48766:711210] Starting appintentsmetadataprocessor export
2026-10-06 02:35:11.534 appintentsmetadataprocessor[48766:711210] warning: Metadata extraction skipped. No AppIntents.framework dependency found.

ValidateEmbeddedBinary /var/folders/g2/4t2t7ssj3n3_v2xrl935g8sh0000gn/T/flo-derived.tr2gd7/Build/Products/Debug-iphonesimulator/flo.app/Watch/flo\ Watch\ Watch\ App.app (in target 'flo' from project 'flo')
    cd /tmp/flo-empty
    /Applications/Xcode.app/Contents/Developer/usr/bin/embeddedBinaryValidationUtility /var/folders/g2/4t2t7ssj3n3_v2xrl935g8sh0000gn/T/flo-derived.tr2gd7/Build/Products/Debug-iphonesimulator/flo.app/Watch/flo\ Watch\ Watch\ App.app -info-plist-path /var/folders/g2/4t2t7ssj3n3_v2xrl935g8sh0000gn/T/flo-derived.tr2gd7/Build/Products/Debug-iphonesimulator/flo.app/Info.plist

AppIntentsSSUTraining (in target 'flo' from project 'flo')
    cd /tmp/flo-empty
    /Applications/Xcode.app/Contents/Developer/Toolchains/XcodeDefault.xctoolchain/usr/bin/appintentsnltrainingprocessor --infoplist-path /var/folders/g2/4t2t7ssj3n3_v2xrl935g8sh0000gn/T/flo-derived.tr2gd7/Build/Products/Debug-iphonesimulator/flo.app/Info.plist --temp-dir-path /var/folders/g2/4t2t7ssj3n3_v2xrl935g8sh0000gn/T/flo-derived.tr2gd7/Build/Intermediates.noindex/flo.build/Debug-iphonesimulator/flo.build/ssu --bundle-id com.penerbangwalet.flo --product-path /var/folders/g2/4t2t7ssj3n3_v2xrl935g8sh0000gn/T/flo-derived.tr2gd7/Build/Products/Debug-iphonesimulator/flo.app --extracted-metadata-path /var/folders/g2/4t2t7ssj3n3_v2xrl935g8sh0000gn/T/flo-derived.tr2gd7/Build/Products/Debug-iphonesimulator/flo.app/Metadata.appintents --metadata-file-list /var/folders/g2/4t2t7ssj3n3_v2xrl935g8sh0000gn/T/flo-derived.tr2gd7/Build/Intermediates.noindex/flo.build/Debug-iphonesimulator/flo.build/flo.DependencyMetadataFileList --source-file /var/folders/g2/4t2t7ssj3n3_v2xrl935g8sh0000gn/T/flo-derived.tr2gd7/Build/Products/Debug-iphonesimulator/flo.app/Info.plist --archive-ssu-assets
2026-10-06 02:35:11.572 appintentsnltrainingprocessor[48768:711213] Parsing options for appintentsnltrainingprocessor
2026-10-06 02:35:11.573 appintentsnltrainingprocessor[48768:711213] Starting AppIntents SSU YAML Generation
2026-10-06 02:35:11.573 appintentsnltrainingprocessor[48768:711213] No AppShortcuts found - Skipping.

RegisterExecutionPolicyException /var/folders/g2/4t2t7ssj3n3_v2xrl935g8sh0000gn/T/flo-derived.tr2gd7/Build/Products/Debug-iphonesimulator/flo.app (in target 'flo' from project 'flo')
    cd /tmp/flo-empty
    builtin-RegisterExecutionPolicyException /var/folders/g2/4t2t7ssj3n3_v2xrl935g8sh0000gn/T/flo-derived.tr2gd7/Build/Products/Debug-iphonesimulator/flo.app

Validate /var/folders/g2/4t2t7ssj3n3_v2xrl935g8sh0000gn/T/flo-derived.tr2gd7/Build/Products/Debug-iphonesimulator/flo.app (in target 'flo' from project 'flo')
    cd /tmp/flo-empty
    builtin-validationUtility /var/folders/g2/4t2t7ssj3n3_v2xrl935g8sh0000gn/T/flo-derived.tr2gd7/Build/Products/Debug-iphonesimulator/flo.app -shallow-bundle -infoplist-subpath Info.plist

Touch /var/folders/g2/4t2t7ssj3n3_v2xrl935g8sh0000gn/T/flo-derived.tr2gd7/Build/Products/Debug-iphonesimulator/flo.app (in target 'flo' from project 'flo')
    cd /tmp/flo-empty
    /usr/bin/touch -c /var/folders/g2/4t2t7ssj3n3_v2xrl935g8sh0000gn/T/flo-derived.tr2gd7/Build/Products/Debug-iphonesimulator/flo.app

** BUILD SUCCEEDED **

